id,pose_name,sanskrit_name,category,difficulty_level,benefits,contraindications,breathing_pattern,duration_or_reps,modifications,instructions
1,Mountain Pose,Tadasana,standing,beginner,"Mountain Pose strengthens the ankles, calves, and spine, improving overall posture and balance. It also helps establish good alignment and promotes mental clarity and focus. Regular practice of Tadasana can reduce stress and anxiety.","Avoid practicing Mountain Pose if you have severe ankle or knee injuries, or if you experience dizziness or lightheadedness. People with severe back problems should also consult with a healthcare professional before practicing this pose.","Inhale: Feel the chest expand and the spine lengthen. Exhale: Engage the core and maintain good posture, feeling grounded and stable.","Hold Mountain Pose for 3-5 breaths, or as long as you feel comfortable and focused. Repeat as needed, using this pose as a transitional or foundational stance.","For beginners, use a block or a wall for support and balance. If you have any knee or ankle issues, practice with a wider stance or use a strap to support the knees. For pregnant women, practice with a wider stance and avoid deep breathing.","1. Stand with your feet hip-width apart, parallel to each other, and facing forward. 2. Engage your core, feel the weight evenly distributed on both feet, and lengthen the spine. 3. Reach your arms up towards the ceiling, palms facing forward, and engage your shoulders down and away from the ears. 4. Keep your head in a neutral position, with your ears in line with your shoulders, and gaze forward."
2,Tree Pose,Vrksasana,balancing,beginner,"Tree Pose (Vrksasana) improves balance, stability, and focus. It strengthens the ankles and calves, while also stretching the spine and hips. Regular practice can also help reduce stress and anxiety by promoting mental clarity and calmness.","Avoid Tree Pose if you have ankle or knee injuries, or if you experience dizziness or lightheadedness. Pregnant women should also modify or avoid this pose, especially in the later stages of pregnancy.","Inhale deeply and lengthen your spine, exhale slowly and engage your core. Continue to breathe naturally and smoothly, maintaining a steady rhythm.","Hold Tree Pose for 30 seconds to 1 minute on each leg, or for 3-5 breaths if you're just starting out. Repeat on the other side and gradually increase the duration as you build balance and confidence.","Use a block or wall for support if you're new to balancing poses. You can also practice Tree Pose with your back against a wall or with a strap around your ankle for added stability. For a more challenging variation, try closing your eyes or lifting your arms overhead.","1. Start by standing on one leg, with the other foot resting against your inner thigh. Engage your core and lift your arms to your hips or overhead. 2. Lengthen your spine and gaze forward, keeping your weight evenly distributed on your standing leg. 3. Press your standing foot into the ground and feel the connection to the earth, maintaining balance and poise. 4. Hold the pose, breathing smoothly and naturally, before slowly releasing and switching legs."
3,Downward-Facing Dog,Adho Mukha Svanasana,standing,beginner,"Downward-Facing Dog stretches and strengthens the entire back side of the body, from the shoulders to the heels, while also improving flexibility and balance. It can also help to calm the mind and reduce stress. Regular practice can also improve circulation and boost energy levels.","Avoid this pose if you have recent injuries to the shoulders, wrists, or ankles, or if you have conditions such as carpal tunnel syndrome or osteoporosis. Pregnant women should also modify or avoid this pose, especially in the later stages of pregnancy.","Inhale as you lift your hips up and back, exhale as you lengthen your spine and engage your core.","Hold for 3-5 breaths, or for 30-60 seconds. Repeat 2-3 times.","For beginners or those with wrist issues, try using blocks or a strap to support the hands. For those with shoulder or back issues, try bending the knees slightly or keeping the elbows slightly bent. Pregnant women can modify by keeping the knees slightly bent and the hips lifted only slightly.","1. Start on all fours, with your hands shoulder-width apart and your knees directly under your hips. 2. Walk your hands forward a few inches and lift your hips up and back, straightening your arms and legs as much as possible. 3. Keep your palms and heels grounded, engage your core, and stretch your chest forward, keeping your head in a neutral position. 4. Lengthen your spine and stretch your entire back side of the body, from the shoulders to the heels."
5,Cobra Pose,Bhujangasana,backbend,beginner,"Cobra Pose strengthens the back muscles, opens the chest, and improves flexibility in the shoulders and upper back. It also helps to relieve stress and anxiety, promoting a sense of calm and relaxation. Regular practice of this pose can also improve breathing capacity and reduce fatigue.","Avoid Cobra Pose if you have a recent back injury, herniated disk, or any serious spinal condition. It's also not recommended for pregnant women, especially in the later stages.","Inhale as you press your palms into the ground and lift your chest and head off the mat, keeping your shoulders down and away from your ears. Exhale as you slowly lower back down to the starting position.","Hold Cobra Pose for 3-5 breaths, or 15-30 seconds, and repeat for 2-3 repetitions.","For a gentler variation, place your forearms on the ground instead of your palms, or use blocks under your hands for extra support. You can also practice a 'baby cobra' by lifting only your head and shoulders off the mat, keeping your chest and upper back on the ground.","1. Lie on your stomach with your hands under your shoulders and your fingers spread wide. Engage your core and feel the ground beneath you. 2. Inhale and press your palms into the ground, lifting your chest and head off the mat. Keep your shoulders down and away from your ears, and engage your upper back muscles. 3. Continue to lift and expand your chest, keeping your neck long and your gaze forward. 4. Hold for 3-5 breaths, feeling the opening in your chest and the strengthening in your back muscles."
6,Cat-Cow Pose,Marjaryasana-Bitilasana,standing,beginner,"The Cat-Cow Pose stretches the spine, neck, and torso, while also improving flexibility and reducing tension. This pose can also help to warm up the body and prepare it for more dynamic movements. Additionally, it can help to calm the mind and promote relaxation.","This pose is generally safe for most people, but those with severe neck injuries or cervical spine problems should avoid it or modify it with caution. Pregnant women should also be cautious and avoid deep arching.","Inhale as you arch your back and lift your head and tailbone (Cow Pose), exhale as you round your back and tuck your chin to your chest (Cat Pose).","Repeat the sequence for 5-10 breaths, moving slowly and smoothly between the Cat and Cow poses.","For a more gentle version, try using a block or strap to support your neck and spine. You can also modify the pose by keeping your knees slightly bent or by using a wall for support.","1. Start on your hands and knees, with your wrists directly under your shoulders and your knees directly under your hips. 2. As you inhale, arch your back and lift your head and tailbone towards the ceiling (Cow Pose). 3. As you exhale, round your back and tuck your chin to your chest, allowing your head and tailbone to drop towards the floor (Cat Pose). 4. Continue to move slowly and smoothly between the Cat and Cow poses, repeating the sequence for 5-10 breaths."
7,Warrior Pose I,Virabhadrasana I,standing,beginner,"Warrior Pose I strengthens the legs, hips, and core, while also stretching the chest and shoulders. It also helps to improve balance, focus, and concentration. Regular practice of this pose can also boost confidence and sense of empowerment.","Avoid Warrior Pose I if you have knee injuries, hip replacements, or chronic back pain. It is also recommended to modify the pose during menstruation or during pregnancy.","Inhale and lengthen the spine, exhale and bend into the front knee. Continue to breathe deeply, feeling the strength and power in the legs and core.","Hold Warrior Pose I for 5-10 breaths, then switch sides and repeat. Practice 2-3 sets on each side.","For beginners or those with knee issues, place a block under the front foot or modify the depth of the bend. You can also use a wall for support or shorten the stride between the feet. For a more restorative version, use a block or strap to support the back leg.","Step 1: Stand with your feet wide apart, with one foot facing forward and the other foot at a 90-degree angle. Step 2: Bend the front knee over the ankle, keeping the back leg straight and engaged. Step 3: Lengthen the spine and reach the arms up towards the ceiling, gazing forward and down slightly. Step 4: Engage the core and feel the strength and power in the legs and hips."
8,Triangle Pose,Trikonasana,standing,beginner,"Triangle Pose (Trikonasana) is a foundational standing pose that offers numerous physical and mental benefits. Physically, it stretches the hips, thighs, and spine, while strengthening the core and improving balance. Mentally, it cultivates focus, confidence, and a sense of grounding and stability.","Avoid Triangle Pose if you have any severe back or neck injuries, or if you are experiencing symptoms of sciatica or herniated discs. Pregnant women should also practice with caution and modify the pose as needed.","Inhale as you reach your arms up and lengthen your spine, exhale as you fold to the right and slide your right hand down your leg.","Hold the pose for 30 seconds to 1 minute on each side, breathing deeply and smoothly.","For a more accessible version, use a block or strap to support your hand on the leg. You can also bend your front knee slightly or use a wall for balance support. For a deeper stretch, try reaching your top arm up towards the ceiling or sliding your bottom hand down your leg further.","1. Stand with your feet wide apart, with one foot facing forward and the other foot at a 90-degree angle. Reach your arms up towards the ceiling, parallel to each other. 2. Exhale and fold to the right, sliding your right hand down your leg towards the ankle. Stretch your spine and reach your left arm up towards the ceiling. 3. Keep your hips open and your spine long, gazing forward or up towards your top hand. 4. Repeat on the other side."
9,Seated Spinal Twist,Bharadvajasana,twist,beginner,"Seated Spinal Twist (Bharadvajasana) is a beginner-friendly pose that offers various physical and mental benefits. Physically, it helps to stretch and mobilize the spine, hips, and torso, improving flexibility and reducing tension. Mentally, this pose can help calm the mind, reduce stress, and promote a sense of clarity and focus.","Avoid practicing Seated Spinal Twist if you have severe back problems, such as herniated disks or spinal injuries, or if you have recently experienced a neck or spine injury. Pregnant women should also practice with caution and modify the pose to avoid putting pressure on the abdomen.","Inhale as you lengthen your spine and prepare for the twist. Exhale as you twist to the right (or left), keeping your hips facing forward. Inhale to return to the center, and exhale to release any tension.","Hold the Seated Spinal Twist for 3-5 breaths on each side, repeating the sequence 2-3 times.","For a more accessible version, place a block or strap under your knee or use a wall for support. You can also practice a gentle twist by turning only your torso, keeping your hips facing forward. For a deeper stretch, place your right hand on the outside of your left knee or vice versa.","1. Sit on the floor with your legs crossed, with your right leg on top of your left. Lengthen your spine and engage your core. 2. Place your right hand on the outside of your left knee, and gently twist your torso to the right, keeping your hips facing forward. 3. Keep your left hand on the floor beside you for support, and gaze over your right shoulder. 4. As you inhale, lengthen your spine, and as you exhale, deepen the twist. 5. Repeat on the other side by crossing your legs the opposite way and twisting to the left."
10,Bridge Pose,Setu Bandha Sarvangasana,backbend,beginner,"Bridge Pose strengthens the back muscles, opens the chest, and improves spinal flexibility, while also reducing stress and anxiety by releasing tension in the neck and shoulders. It also stimulates the thyroid gland and can help alleviate symptoms of menopause. Regular practice can also improve overall posture.","Avoid Bridge Pose if you have a neck injury or condition, such as a herniated disk or osteoporosis, as it may put pressure on the neck. It's also not recommended during pregnancy or menstruation.","Inhale as you lift your hips, exhale as you lower them back down. Take slow, deep breaths while holding the pose.","Hold the pose for 3-5 breaths, repeat for 3-5 repetitions.","For a gentler variation, place a block or strap under your hips for support. You can also use a wall for support, with your feet a few inches away from the wall. If you have tight shoulders or chest, try placing a block or strap under your upper back for a more comfortable stretch.","1. Lie on your back with your knees bent and feet hip-width apart, arms at your sides. 2. Inhale and lift your hips, squeezing your glutes and lower back muscles as you lift. 3. Hold the pose, keeping your shoulders and chest open, and engage your core muscles to support your lift. 4. Exhale and slowly lower your hips back down to the starting position."
11,Plank Pose,Phalakasana,standing,beginner,"Plank Pose (Phalakasana) strengthens the arms, shoulders, and core muscles, improving overall physical stability and endurance. It also helps to engage the mind and promote focus, concentration, and mental clarity. Regular practice of Phalakasana can also improve posture and reduce back pain.","Avoid Plank Pose if you have any wrist or shoulder injuries, or if you experience any discomfort or pain in these areas. Pregnant women should also modify or avoid this pose, especially in the later stages of pregnancy.","Inhale: Engage your core and straighten your arms, feeling the expansion in your chest. Exhale: Maintain a straight line from head to heels, feeling the length and stability in your body.","Hold Plank Pose for 3-5 breaths, or 30-60 seconds, and repeat for 2-3 sets.","For a modified version, drop your knees to the ground, reducing the pressure on your wrists and shoulders. You can also use a block or strap to support your wrists or deepen the stretch. For those with shoulder injuries, try using a wall for support or substituting with a tabletop position on your hands and knees.","1. Start in a high push-up position with your hands shoulder-width apart and your arms straight. 2. Engage your core muscles by drawing your navel towards your spine, and straighten your arms and legs. 3. Keep your body in a straight line from head to heels, feeling the length and stability in your body. 4. Look down slightly, keeping your neck long and your shoulders relaxed."
12,Seated Forward Fold With Legs Wide,Prasarita Padottanasana,forward_fold,beginner,"Seated Forward Fold With Legs Wide (Prasarita Padottanasana) stretches the hips, calves, and spine, improving flexibility and balance. It also calms the mind and relieves stress, promoting relaxation and reducing anxiety. Additionally, this pose can help alleviate lower back pain and sciatica.","Avoid this pose if you have a recent or severe back injury, or if you experience any sharp pain or discomfort in your knees, hips, or lower back. Pregnant women should also approach this pose with caution and modify it to avoid deep stretching.","Inhale: Lengthen your spine and extend your arms up. Exhale: Fold forward, reaching for your toes or shins, and lower your head towards the ground.","Hold the pose for 3-5 breaths, or 30 seconds to 1 minute, and repeat 2-3 times.","For a more accessible version, place your hands on blocks or the ground in front of you, or use a strap to deepen the stretch without straining your back. You can also bend your knees slightly to reduce pressure on your joints.","1. Sit on the ground with your legs wide apart, toes pointing up. 2. Inhale and lengthen your spine, extending your arms up towards the ceiling. 3. Exhale and fold forward, reaching for your toes or shins, and lower your head towards the ground, keeping your knees slightly bent if necessary. 4. Keep your arms extended or place your hands on the ground in front of you, and engage your core to maintain balance. 5. Hold the pose, breathing deeply, and then slowly come up to seated on an inhale."
13,Sphinx Pose,Salamba Bhujangasana,backbend,beginner,"The Sphinx Pose strengthens the back muscles, opens the chest and shoulders, and can help improve flexibility and posture. It also stimulates the thyroid gland and can be beneficial for relieving stress and anxiety. Additionally, this pose can help increase energy and vitality.","Avoid this pose if you have any neck or back injuries, or if you have a recent shoulder injury. Also, pregnant women should avoid this pose or modify it to avoid putting pressure on the abdomen.","Inhale and lengthen the spine, feeling the chest expand and the shoulders roll back. Exhale and gently press the palms into the ground, engaging the back muscles.","Hold the pose for 5-10 breaths, or 30-60 seconds.","To make the pose easier, you can place a block or strap under your chest for support, or bring your knees closer together to reduce the strain on the back. You can also place a folded blanket under your forearms for extra comfort.","1. Lie on your stomach with your forearms on the ground and your elbows directly under your shoulders. 2. Press your palms into the ground and slowly lift your chest and head off the ground, keeping your shoulders down and away from your ears. 3. Engage your back muscles and lengthen your spine, feeling the expansion in your chest and shoulders. 4. Gaze forward and slightly down, keeping the neck long and relaxed. 5. Hold the pose, breathing deeply and feeling the energy and opening in your upper body."
14,Child's Pose,Balasana,restorative,beginner,"Child's Pose (Balasana) provides physical benefits by stretching the back, hips, and legs, while also relieving tension in the neck and shoulders. Mentally, it calms the mind, reduces stress and anxiety, and promotes relaxation. Regular practice can also help improve sleep quality.","Avoid Child's Pose if you have any knee injuries or recent knee surgeries, as it may put pressure on the knee joint. Pregnant women should also modify the pose by keeping their knees slightly apart to avoid putting pressure on the abdomen.","Inhale deeply, feeling the chest expand and the body relax. Exhale slowly, allowing the body to release any tension or stress.","Hold Child's Pose for 5-10 deep breaths, or as long as you feel comfortable and relaxed.","For a more accessible version, you can place a block or pillow under your forehead for support, or use a folded blanket under your knees for extra cushioning. If you have any discomfort in your hips or knees, you can also try widening your knees slightly or using a strap to support your body.","1. Kneel on the mat with your knees wide apart, then sit back onto your heels. 2. Stretch your arms out in front of you, lower your forehead to the ground, and breathe deeply. 3. Allow your body to relax, feeling the weight of your torso sinking into the ground. 4. As you inhale, feel the expansion in your chest and the relaxation in your body. 5. As you exhale, feel any tension or stress release and melt away."
15,Pigeon Pose,Eka Pada Rajakapotasana,forward_fold,intermediate,"Pigeon Pose (Eka Pada Rajakapotasana) provides numerous physical benefits, including hip flexor stretch, lower back opening, and improved balance and flexibility. Mentally, it helps cultivate focus, patience, and inner awareness. Regular practice can also alleviate sciatica pain and tension in the hips and glutes.","Avoid Pigeon Pose if you have knee injuries or recent surgeries, as it may put pressure on the joints. Additionally, individuals with severe hip or back problems should modify or avoid this pose entirely.","Inhale: Lengthen the spine and torso as you settle into the pose. Exhale: Fold forward, deepening the stretch in the hips and glutes.","Hold the pose for 3-5 breaths or 30-60 seconds on each side, repeating 2-3 times.","For a more accessible variation, try a 'supported pigeon' by placing a block or cushion under the forehead or torso for support. Alternatively, practice 'reclined pigeon' by lying on your back with the legs in the same position, reducing pressure on the knees and hips.","Step 1: Begin on all fours, with your hands shoulder-width apart and your knees directly under your hips. Step 2: Bring your right knee forward, placing your ankle in front of your left hip. Lower your hips down towards the ground, stretching the back leg. Step 3: Extend your arms out in front, folding your torso down towards the ground. Step 4: Breathe deeply, feeling the stretch in your hips and glutes. Step 5: Switch sides, repeating the process with the left leg forward."
16,Seated Leg Stretch,Akarna Dhanurasana,forward_fold,intermediate,"Akarna Dhanurasana, or Seated Leg Stretch, stretches the hamstrings, calves, and spine, improving flexibility and balance. It also stimulates the abdominal organs and can help alleviate symptoms of sciatica. Additionally, this pose can calm the mind and reduce stress by promoting relaxation and focus.","Avoid practicing Akarna Dhanurasana if you have severe back problems, knee injuries, or recent abdominal surgery. Pregnant women should also avoid this pose, especially in the later stages of pregnancy.","Inhale and lengthen your spine, exhale and fold forward, keeping your knees slightly bent if necessary. Continue to breathe deeply, inhaling to lengthen and exhaling to deepen the stretch.","Hold the pose for 3-5 breaths, repeating 2-3 times on each side.","For a more accessible version, place a block or strap under your forehead or use a folded blanket under your knees for support. You can also use a strap around the ball of your foot to deepen the stretch without straining your back.","1. Sit on the floor with your legs straight out in front of you, then bend your right knee and place your right foot on the inside of your left thigh. 2. Lengthen your spine, inhale, and reach forward to grab your left ankle or toe. 3. Exhale and fold forward, keeping your left knee slightly bent if necessary, stretching your left leg and spine. 4. Hold and breathe, feeling the stretch in your hamstring and calf, then slowly release and repeat on the other side."
17,Side Angle Pose,Utthita Parshvakonasana,standing,intermediate,"Utthita Parshvakonasana, or Side Angle Pose, provides numerous physical and mental benefits. Physically, it stretches the chest, shoulders, and hips, while strengthening the legs and ankles. Mentally, it cultivates a sense of balance, focus, and calmness, helping to reduce stress and anxiety.","Avoid this pose if you have any neck or shoulder injuries, or if you experience any discomfort in your knees or ankles. It's also recommended to approach with caution if you have high blood pressure or are pregnant.","Inhale as you reach your arm up and lengthen your spine, exhale as you deepen the stretch and gaze down towards the ground.","Hold for 3-5 breaths on each side, repeating for 2-3 rounds.","For a more accessible version, use a block to support your hand or place your hand on your knee instead of the ground. You can also reduce the depth of the stretch by keeping your back leg straight and your front thigh only slightly bent.","1. Start in a wide-leg stance with your right foot facing forward and your left foot at a 90-degree angle. Extend your arms out to the sides at shoulder height, with your palms facing down. 2. Reach your right arm up towards the ceiling, lengthening your spine and stretching your chest. 3. As you exhale, deepen the stretch by sliding your left hand down your leg towards the ground, keeping your spine long and your hips open. 4. Gaze down towards the ground, engaging your core and maintaining balance. 5. Repeat on the other side by switching the position of your legs and arms."
18,Warrior Pose II,Virabhadrasana II,standing,intermediate,"Warrior Pose II (Virabhadrasana II) strengthens the legs, hips, and core, while stretching the chest and shoulders. It also improves balance, focus, and concentration. This pose can also help to boost confidence and energy levels.","Avoid Warrior Pose II if you have knee or hip injuries, or if you experience any discomfort or pain in these areas. Pregnant women should also modify the pose or avoid it altogether, especially in the later stages of pregnancy.",Inhale: Lengthen the spine and expand the chest. Exhale: Bend the front knee and stretch the arms out to the sides.,"Hold the pose for 3-5 breaths on each side, and repeat for 2-3 sets.","For beginners, use a block or a strap to support the front knee or to deepen the stretch. You can also shorten the stance or use a wall for support. For a more challenging version, stretch the arms further out to the sides or lift the back heel off the ground.","Step 1: Stand with your feet wide apart, with one foot facing forward and the other foot at a 90-degree angle. Step 2: Bend the front knee over the ankle, keeping the back leg straight. Step 3: Stretch the arms out to the sides, parallel to the ground, and gaze forward over the front hand. Step 4: Engage the core and press the front thigh bone down towards the ground, stretching the chest and shoulders."
19,Seated Head to Knee Pose,Janu Sirsasana,forward_fold,intermediate,"Seated Head to Knee Pose (Janu Sirsasana) stretches the entire back side of the body, from the shoulders to the heels, and can help to lengthen the spine. It can also calm the nervous system and promote relaxation. Regular practice of this pose can improve flexibility and balance.","Avoid this pose if you have a recent or severe knee injury, or if you have a condition such as sciatica or a herniated disk. Pregnant women should also modify or avoid this pose, especially in the later stages of pregnancy.","Inhale, lengthen the spine and reach the arms up; exhale, fold forward and reach for the toes or shins. Continue to breathe deeply and smoothly, feeling the stretch in the back of the body.","Hold the pose for 3-5 breaths, or up to 30 seconds. Repeat on the other side.","Use a strap or towel to deepen the stretch if you can't reach your toes. You can also bend your knee or use a block under your forehead for support. For a more gentle version, try reaching for the shin or ankle instead of the toes.","1. Sit on the floor with your legs extended in front of you. Bend your right knee and place your right foot on the inside of your left thigh. 2. Lengthen your spine and reach your arms up, inhaling deeply. 3. Exhale and fold forward, reaching for your left toes or shins. Keep your left knee straight and your spine long, feeling the stretch in the back of your body. 4. Hold the pose, breathing smoothly, and then slowly come up to sitting. Repeat on the other side."
20,Bound Angle Pose,Baddha Konasana,seated,intermediate,"Bound Angle Pose (Baddha Konasana) strengthens the back muscles, opens the hips, and can help alleviate lower back pain. It also promotes flexibility in the knees, ankles, and thighs. Mentally, it can help quiet the mind and promote a sense of inner peace.","Avoid Baddha Konasana if you have knee injuries or severe hip problems, as it can put pressure on these joints. Pregnant women should also modify the pose to avoid overstretching the pelvic area.","Inhale deeply, lengthening the spine, and exhale slowly, drawing the knees closer to the chest. Continue breathing naturally, feeling the stretch and relaxation in the hips and lower back.","Hold the pose for 3-5 breaths, or 30 seconds to 1 minute, and repeat 2-3 times.","For a gentler stretch, use a strap or towel to support the knees, or place a block under the knees for extra support. You can also modify the pose by keeping the feet farther apart or bringing the knees closer to the chest.","1. Sit on the floor with your legs straight out in front of you. 2. Bring the soles of your feet together, with your knees bent and your legs forming a diamond shape. 3. Lengthen your spine, engage your core, and gently press your knees towards the ground, using your hands if necessary. 4. As you exhale, fold forward slightly, stretching the hips and lower back."
21,Side Crow Pose,Parsvakonasana,balancing,intermediate,"Side Crow Pose strengthens the arms, shoulders, and upper back, while also improving balance and focus. It can also help to stretch the hips and chest, promoting flexibility and opening. Additionally, it can help to calm the mind and reduce stress and anxiety.","Avoid Side Crow Pose if you have wrist or shoulder injuries, or if you are experiencing dizziness or lightheadedness. Pregnant women should also avoid this pose, especially in the later stages of pregnancy.","Inhale as you lift your legs off the ground, exhale as you balance and engage your core, and inhale again as you slowly lower your legs back down.","Hold the pose for 3-5 breaths, or as long as you feel comfortable, and repeat on the other side.","Use a block or strap to support your legs if you're struggling to lift them off the ground, or practice the pose with your knees bent and your feet on the ground for a more accessible version. You can also practice the pose with your back against a wall for added support and balance.","1. Start in a squatting position with your feet hip-width apart and your hands on the ground in front of you. 2. Place your right hand on the ground and lift your left leg off the ground, balancing on the right hand and the outside of your right foot. 3. Engage your core and lift your left leg up and over your right leg, balancing on the right hand and the outside of your right foot, with your left leg lifted and your torso twisted to the right."
22,Seated Spinal Twist II,Bharadvajasana II,twist,intermediate,"Seated Spinal Twist II (Bharadvajasana II) helps to stretch the spine, hips, and torso, improving flexibility and posture. It also stimulates digestion and can relieve symptoms of sciatica and lower back pain. Additionally, this pose can calm the mind and promote a sense of balance and clarity.","Avoid this pose if you have a severe back injury, herniated disk, or recent spinal surgery. Pregnant women should also avoid deep twists, especially in the later stages of pregnancy.","Inhale as you lengthen the spine, then exhale as you twist to the right and place your right hand on the outside of your left knee. Inhale to lengthen again, and exhale as you deepen the twist.","Hold the twist for 3-5 breaths on each side, repeating 2-3 times on each side.","Use a block or strap to support your hand on the knee if you can't reach. You can also place your hand on the ground beside your knee for a gentler twist. For a deeper twist, place your right foot on the outside of your left knee.","Step 1: Sit on the ground with your legs crossed and your right foot on the ground beside your left knee. Step 2: Lengthen your spine and place your right hand on the outside of your left knee. Step 3: Exhale and twist to the right, keeping your hips facing forward and your spine long. Step 4: Look over your left shoulder, keeping your chin parallel to the ground. Step 5: Hold the twist, breathing deeply, then repeat on the other side."
23,Four-Limbed Staff Pose,Chaturanga Dandasana,standing,intermediate,"Chaturanga Dandasana strengthens the arms, shoulders, and upper back, while also engaging the core and improving overall posture. It also helps to build confidence and focus. Regular practice of this pose can also improve balance and overall physical stability.","Avoid Chaturanga Dandasana if you have wrist injuries, shoulder injuries, or any condition that causes shoulder instability. Pregnant women should also approach this pose with caution and modify it to avoid putting pressure on the wrists.","Exhale as you lower your body down, keeping your elbows close to your body. Hold for a brief moment, then inhale as you transition into the next pose.","Hold for a brief moment, about 1-2 breaths, before transitioning into the next pose. You can also practice Chaturanga as a flowing sequence, moving through the pose 3-5 times.","If you're new to Chaturanga, try modifying it by keeping your knees on the ground or using blocks under your hands for support. You can also try doing a 'low Chaturanga' by lowering your body only halfway down instead of all the way.","1. Start in a plank position with your hands shoulder-width apart and your arms straight. Engage your core and keep your body in a straight line from head to heels. 2. As you exhale, slowly lower your body down towards the ground, keeping your elbows close to your body. 3. Keep your body in a straight line and don't let your hips sag or your chest collapse. 4. Briefly hold the pose, then inhale as you transition into the next pose."
24,Seated Forward Fold With Legs Extended,Paschimottanasana II,forward_fold,intermediate,"Paschimottanasana II stretches the entire back side of the body, from the shoulders to the heels, and can help to lengthen the spine, relieve tension in the neck and shoulders, and calm the mind. Regular practice can also improve flexibility and balance. This pose can also help to reduce stress and anxiety by promoting relaxation and calmness.","Avoid this pose if you have a severe back injury, herniated disk, or sciatica. Pregnant women should also avoid this pose or modify it significantly to avoid putting pressure on the abdomen.","Inhale: Lengthen the spine and reach the arms up. Exhale: Fold forward, reaching for the toes or shins, and keep the breath smooth and steady throughout the hold.","Hold the pose for 3-5 breaths, or 30 seconds to 1 minute, and repeat 2-3 times.","For beginners or those with tight hamstrings, use a strap or towel to deepen the stretch without straining the back. You can also bend the knees slightly or place a block under the forehead for support. For a more intense stretch, straighten the arms and reach for the toes.","1. Sit on the ground with your legs extended in front of you, feet flexed and spine long. 2. Inhale and lengthen the spine, reaching the arms up towards the ceiling. 3. Exhale and fold forward, reaching for the toes or shins, and keep the knees slightly bent if necessary. 4. Keep the breath smooth and steady, and engage the core to support the back. 5. Hold the pose and feel the stretch in the back side of the body."
25,One-Legged King Pigeon Pose,Eka Pada Rajakapotasana II,forward_fold,intermediate,"One-Legged King Pigeon Pose (Eka Pada Rajakapotasana II) stretches the hips, glutes, and spine, while also strengthening the back and core muscles. This pose can also help improve flexibility and balance. Mentally, it can promote feelings of calmness and focus.","Avoid this pose if you have any knee or hip injuries, or if you experience any discomfort or pain in your lower back. Pregnant women should also avoid this pose or modify it to avoid deep twisting.","Inhale as you lengthen your spine and prepare for the pose. Exhale as you fold forward and deepen the stretch. Continue to breathe deeply, focusing on the sensation in your hips and back.","Hold the pose for 3-5 breaths, or up to 30 seconds. Repeat on the other side.","For a more accessible version, try using a block or strap to support your forehead or knee. You can also modify the pose by keeping your back leg straight instead of bending it, or by using a wall for support.","1. Begin on your hands and knees (all fours). Bring your right knee forward and place your ankle in front of your left hip, with your right foot flexed. 2. Extend your left leg behind you, keeping it straight, and lower your torso down towards the ground, stretching your arms out in front of you. 3. As you fold forward, keep your hips level and your spine long, feeling the stretch in your hips and back. 4. Keep your neck long and your forehead relaxed, breathing deeply into the pose. 5. To release, slowly lift your torso up and return to all fours, then repeat on the other side."
26,Seated Forward Fold With Arms Extended,Paschimottanasana III,forward_fold,intermediate,"Seated Forward Fold With Arms Extended (Paschimottanasana III) stretches the entire back side of the body, from the shoulders to the heels, while also stretching the hips and spine. This pose can help relieve stress and anxiety by releasing tension in the neck, shoulders, and back. Regular practice can also improve flexibility and balance.","Avoid this pose if you have a herniated disk, sciatica, or any severe back injury. Pregnant women should also modify or avoid this pose, especially in the later stages of pregnancy.","Inhale: Lengthen the spine and reach forward with the arms. Exhale: Fold forward, keeping the arms straight, and surrender to the stretch.","Hold the pose for 3-5 breaths, feeling the stretch deepen with each exhalation.","For a more accessible version, bend the knees or use a strap to deepen the stretch without straining the back. You can also place your hands on blocks or the floor for support.","1. Sit on the floor with your legs extended in front of you. Lengthen your spine and engage your core. 2. Inhale and reach forward with your arms, keeping them straight. 3. Exhale and fold forward, keeping your arms straight and your knees slightly bent if necessary. 4. Allow your head to release and your body to surrender to the stretch, feeling the lengthening of the spine and the stretch in the back of the legs."
27,Extended Triangle Pose,Utthita Trikonasana,standing,intermediate,"Extended Triangle Pose (Utthita Trikonasana) stretches the hips, thighs, and spine, while also strengthening the core and improving balance. It can also help to relieve stress and anxiety by opening the chest and shoulders. Regular practice of this pose can improve flexibility and overall posture.","Avoid this pose if you have a severe back injury, neck strain, or recent hip replacement surgery. Pregnant women should also avoid deep twists and may need to modify the pose to accommodate their body.","Inhale as you reach the arms up, exhale as you fold to the side and lengthen the spine, inhale as you lengthen the arms and gaze upwards, and exhale as you release the pose.","Hold for 3-5 breaths on each side, repeat 2-3 times.","Use a block or strap under the hand to support the stretch, or bring the back hand to the hip or knee instead of the ground. For a deeper stretch, use a wall for support or have a partner assist you.","1. Stand with your feet wide apart, with one foot facing forward and the other foot at a 90-degree angle. 2. Reach your arms up overhead and interlace your fingers, then fold to the side, keeping your arms straight, and place your right hand on the ground beside your right foot. 3. Extend your left arm upwards and gaze towards your left hand, keeping your spine long and your hips open. 4. Engage your core and feel the stretch in your hips and thighs, then release and repeat on the other side."
28,Seated Forward Fold With Hands to Ankles,Paschimottanasana IV,forward_fold,intermediate,"Seated Forward Fold With Hands to Ankles (Paschimottanasana IV) stretches the entire back, hips, and legs, while also lengthening the spine and improving flexibility. This pose can also calm the nervous system and reduce stress. Regular practice may also improve digestion and menstrual health.","Avoid this pose if you have a recent back injury, severe sciatica, or any condition that causes dizziness or lightheadedness. Pregnant women should also modify or avoid this pose, especially in the later stages of pregnancy.","Inhale: Lengthen the spine and engage the core. Exhale: Fold forward, reaching for the ankles and keeping the knees slightly bent if necessary. Continue to breathe deeply, feeling the stretch in the back and legs.","Hold the pose for 3-5 breaths, or up to 30 seconds. Repeat 2-3 times, resting in a seated position between repetitions.","For tighter hamstrings, use a strap or towel to deepen the stretch without straining. Place a block or folded blanket under the forehead for support, or bend the knees slightly to reduce strain on the lower back. For a deeper stretch, try holding onto the big toes instead of the ankles.","1. Sit on the floor with your legs straight out in front of you, feet flexed and engaged. Lengthen your spine and engage your core. 2. Inhale and lengthen the spine further, feeling the expansion in the chest and shoulders. 3. Exhale and fold forward, reaching for your ankles and keeping your knees slightly bent if necessary. Keep your shoulders relaxed and your face calm. 4. Hold the pose, feeling the stretch in your back, hips, and legs, and continue to breathe deeply."
29,Eagle Pose,Garudasana,balancing,intermediate,"Eagle Pose (Garudasana) strengthens the ankles and calves, while also stretching the hips and thighs. This balancing pose also improves focus, concentration, and overall balance. Additionally, it can help to relieve stress and anxiety by promoting relaxation and calmness.","Avoid Eagle Pose if you have knee injuries or severe ankle sprains. Pregnant women should also modify or avoid this pose, especially in the later stages of pregnancy.","Inhale deeply as you bend your knees and prepare to balance. Exhale as you wrap your legs and arms around each other, engaging your core and finding balance. Hold the breath for a moment, feeling stable and focused.","Hold Eagle Pose for 3-5 breaths on each leg, then release and repeat on the other side.","For beginners or those with knee issues, you can modify Eagle Pose by keeping the legs slightly bent or using a block or strap for support. You can also practice the arm wrapping and hip opening without balancing on one leg.","1. Stand with your feet hip-width apart, then bend your knees slightly and shift your weight onto your right leg. 2. Cross your left thigh over your right, wrapping your legs around each other and keeping your knees bent at a 90-degree angle. 3. Wrap your arms around each other, with your right arm on top of your left, and press your palms together. 4. Engage your core, lift your chest, and find balance, gazing forward and focusing on a point in front of you."
30,Firefly Pose,Titibhasana,balancing,intermediate,"Firefly Pose strengthens the arms, shoulders, and core, while also stretching the chest and improving balance. It can also help improve focus, concentration, and overall mental clarity. Regular practice can also boost confidence and self-esteem.","Avoid Firefly Pose if you have any wrist or shoulder injuries, or if you experience dizziness or lightheadedness. Pregnant women should also modify or avoid this pose, especially in the later stages of pregnancy.","Inhale and lengthen the spine as you lift the legs up, exhale and engage the core as you balance, and inhale again to maintain the balance and adjust the position if needed.","Hold Firefly Pose for 3-5 breaths, or up to 30 seconds, and repeat on the other side. Start with shorter holds and gradually increase the duration as you build strength and balance.","Use a block or a strap to support the legs if you're struggling to lift them up. You can also practice Firefly Pose with the legs bent at a 90-degree angle, or with the support of a wall behind you.","1. Start in a high squat position with your feet hip-width apart, then place your hands on the ground in front of you and bend your elbows slightly. 2. Lift your legs up and balance on your hands, keeping your core engaged and your spine long. 3. As you balance, lift your chest and gaze forward, keeping your shoulders down and away from your ears. 4. To release, slowly lower your legs back down to the ground and come out of the squat position."
31,Lord of the Dance Pose,Natarajasana,balancing,intermediate,"Lord of the Dance Pose strengthens the ankles and legs, improves balance and focus, and can also help to stretch the chest and shoulders. It can also be beneficial for mental clarity and confidence. Regular practice of this pose can also help to improve overall posture.","Avoid this pose if you have any ankle or knee injuries, or if you experience dizziness or lightheadedness. Pregnant women and people with high blood pressure should also modify or avoid this pose.","Inhale as you prepare for the pose, exhale as you lift your leg and balance, and hold the breath for a few seconds as you maintain the balance. Inhale again as you slowly lower your leg back down.","Hold the pose for 3-5 breaths on each leg, and repeat 2-3 times on each side.","Use a block or a wall for support if you're new to balancing poses. You can also modify the pose by keeping your back leg on the ground and simply lifting your heel, or by practicing the pose with your eyes open and focusing on a point in front of you.","Step 1: Start in Mountain Pose with your feet hip-width apart, engage your core and lift your arms overhead. Step 2: Bend your right knee and lift your right foot off the ground, keeping your ankle flexed. Step 3: Balance on your left leg, keeping your left knee straight, and reach your right arm forward to hold your right ankle. Step 4: Gaze forward and engage your core to maintain the balance, feeling the stretch in your chest and shoulders. Step 5: Slowly lower your right leg back down to the ground and repeat on the other side."
32,Side Plank Pose,Vasisthasana,balancing,intermediate,"Side Plank Pose (Vasisthasana) strengthens the arms, shoulders, and core, while improving balance and focus. It also stretches the chest and shoulders, promoting flexibility and relaxation. Regular practice can improve overall physical stability and mental concentration.","Avoid practicing Side Plank Pose if you have a wrist injury, shoulder problems, or are experiencing neck strain. Pregnant women should also avoid this pose or modify it under the guidance of a qualified yoga instructor.","Inhale as you lift your hips off the ground, and exhale as you engage your core and stabilize the body. Continue to breathe naturally, feeling the sides of your body lengthen with each inhale and exhale.","Hold the pose for 3-5 breaths on each side, or for 30-60 seconds. Repeat on the other side.","To modify Side Plank Pose, you can place your top knee on the ground in front of your bottom knee, reducing the pressure on your wrists and ankles. Alternatively, use a block under your bottom hand or a wall for support.","1. Start in a high plank position with your hands shoulder-width apart and your arms straight. Shift your weight onto your right hand and the outside edge of your right foot, lifting your left arm and leg off the ground. 2. Engage your core, keeping your body in a straight line from head to heels. 3. Reach your left arm up towards the ceiling, stretching your chest and shoulders. 4. Gaze forward, keeping your neck long and your body stable."
33,One-Handed Tree Pose,Eka Hasta Vrksasana,balancing,intermediate,"One-Handed Tree Pose (Eka Hasta Vrksasana) strengthens the ankles, calves, and spine, while also improving balance, focus, and concentration. It can also help to stretch the chest and shoulders. By challenging the body's balance, this pose can also calm the mind and reduce stress.","Avoid this pose if you have any ankle or knee injuries, as it may put additional stress on these joints. Pregnant women should also avoid this pose or modify it to avoid any potential risks.","Inhale as you lift your arm and balance on one leg, exhale as you steady your body and engage your core, inhale again as you lengthen your spine and arms, and exhale as you release and repeat on the other side.","Hold for 3-5 breaths on each side, rest for 1-2 breaths, and repeat for 2-3 sets.","Easier variations include using a block or wall for support, lifting the heel of the standing foot instead of the entire foot, or practicing Tree Pose (Vrksasana) before progressing to One-Handed Tree Pose. You can also practice with your back against a wall for additional support.","1. Start in Mountain Pose (Tadasana) and shift your weight onto one leg, keeping the other foot resting against your inner thigh. 2. Engage your core and lengthen your spine, lifting your arms overhead and interlocking your fingers. 3. Slowly lift one arm off the other and balance on one leg, gazing forward or slightly downward to maintain balance. 4. Hold the pose, breathe, and focus on your center, then release and repeat on the other side. 5. End in Mountain Pose, feeling calm and centered."
34,Peacock Pose,Mayurasana,balancing,intermediate,"Mayurasana strengthens the arms, shoulders, and back muscles while improving balance and overall core stability. It also stimulates digestion and detoxifies the body. Additionally, this pose helps to build focus and concentration, enhancing mental clarity and calmness.","Avoid Mayurasana if you have a wrist injury, high blood pressure, or severe back problems. It's also contraindicated for pregnant women, especially in the later stages.","Inhale deeply, then exhale as you lift your body off the ground. Hold your breath for a brief moment, then inhale slowly as you balance. Exhale slowly as you release the pose.",Hold Mayurasana for 3-5 breaths or 30 seconds to start. Gradually increase the duration as you build balance and strength.,"For beginners, use a block or a strap under the arms to support the body. Another modification is to practice Mayurasana with the knees slightly bent or with the feet on the ground for added stability.","1. Start in a tabletop position on your hands and knees. Place your hands shoulder-width apart, with your fingers spread wide. 2. Bend your elbows slightly and balance your body on your forearms, with your palms facing downwards. 3. Lift your legs off the ground, keeping them straight or slightly bent. Balance your body on your arms and engage your core muscles for support. 4. Lift your chest and head, maintaining a straight line from head to heels. 5. Hold the pose, breathing slowly, and focus on a point in front of you to maintain balance."
35,Crow Pose,Bakasana,balancing,intermediate,"Crow Pose (Bakasana) strengthens the arms, shoulders, and core, while also improving balance and focus. It also helps to stretch the upper back and can relieve stress and anxiety by releasing tension in the body. Regular practice of Bakasana can also improve overall posture and body awareness.","Avoid Crow Pose if you have any wrist or shoulder injuries, or if you experience any discomfort or pain in your knees or ankles. Pregnant women and individuals with high blood pressure should also modify or avoid this pose.","Inhale deeply as you bend your knees and lift your heels off the ground. Exhale slowly as you lift your legs and balance on your hands. Hold the breath for a brief moment, then exhale slowly as you lower back down.","Hold Crow Pose for 3-5 breaths, or as long as you feel comfortable and balanced. Repeat for 2-3 sets, resting for a few breaths between each set.","For a modified version of Crow Pose, try lifting only one leg off the ground at a time, or using a block or strap under your feet for support. You can also practice Bakasana with your knees bent and your feet on the ground, or with your hands on a wall for added stability.","To practice Crow Pose: (1) Start in a squatting position with your feet hip-width apart and your hands on the ground in front of you. (2) Bend your knees and lift your heels off the ground, keeping your weight in your hands and your core engaged. (3) Slowly lift your legs off the ground, balancing on your hands and keeping your knees bent and your weight centered over your hands. (4) Engage your core and press your chest forward, keeping your gaze forward and your body balanced. (5) Hold for 3-5 breaths, then slowly lower back down to the starting position."
36,King Pigeon Pose,Rajakapotasana,forward_fold,advanced,"King Pigeon Pose (Rajakapotasana) offers numerous physical benefits, including a deep stretch in the chest, shoulders, and hips, while also strengthening the back muscles and improving flexibility in the spine. It can also help improve balance and concentration. Mentally, it can promote feelings of confidence, courage, and inner strength.","Avoid King Pigeon Pose if you have any neck or shoulder injuries, or if you experience knee pain or discomfort. Pregnant women should also approach this pose with caution and consider modifications or alternatives.","Inhale as you lengthen your spine and arms, exhale as you fold forward and deepen the stretch, and inhale again as you lift your chest and arms.","Hold the pose for 3-5 breaths, then slowly release and repeat on the other side.","To modify King Pigeon Pose, try using a block or strap to support your arms or chest, or bring your back knee to the ground for a more accessible stretch. You can also practice the pose with a shorter range of motion or with support from a wall.","1. Start on all fours, then bring one knee forward and place your foot on the ground in front of the other knee. 2. Extend your arms forward and lower your torso, keeping your arms and shoulders relaxed. 3. As you exhale, fold forward and deepen the stretch, keeping your hips and spine long. 4. Inhale and lift your chest and arms, keeping your back leg straight and your front knee bent at a 90-degree angle. 5. Continue to breathe and refine the pose, feeling the stretch and expansion in your chest and hips."
37,Eka Pada Uddiyana Bandha,Eka Pada Uddiyana Bandha,forward_fold,advanced,"Eka Pada Uddiyana Bandha is a deeply transformative forward bend that stretches the entire back side of the body, from the shoulders to the heels, while also strengthening the arms and shoulders. It can help to relieve tension in the neck, shoulders, and upper back. Additionally, this pose can help to quiet the mind and promote a sense of inner calm.","Avoid this pose if you have any neck or shoulder injuries, or if you experience any discomfort or pain in these areas. It's also recommended to avoid this pose during pregnancy or menstruation.","Inhale to lengthen the spine, exhale to fold forward and engage the core, inhale to lift the arms and expand the chest, exhale to deepen the stretch.","Hold for 3-5 breaths, repeat on the other side.","Use a block or strap to support the arms if needed, or modify the pose by keeping the back knee slightly bent if the stretch is too intense. You can also use a wall for support if you're new to this pose.","Step 1: Start in a high lunge position with one foot forward and the other foot back, with the back knee almost touching the ground. Engage the core and lengthen the spine. Step 2: Inhale and lift the arms up and over the head, stretching the entire back side of the body. Step 3: Exhale and fold forward, reaching for the ground with the hands and keeping the arms straight. Step 4: Inhale and lift the arms back up to the starting position, then exhale and switch sides."
38,Hanumanasana,Hanumanasana,forward_fold,advanced,"Hanumanasana, also known as Monkey Pose, stretches the hamstrings, calves, and spine, while also strengthening the back muscles. It can help improve flexibility, balance, and overall posture. Mentally, it can help cultivate focus, discipline, and self-awareness.","Avoid this pose if you have any knee or hip injuries, or if you experience any discomfort or pain in the knees, hips, or lower back. Pregnant women and individuals with high blood pressure should also approach with caution.","Inhale: Lengthen the spine and engage the core as you begin to move into the pose. Exhale: Fold forward, reaching for the ground and stretching the back leg.","Hold the pose for 3-5 breaths, or 30 seconds to 1 minute, and repeat 2-3 times on each side.",Use blocks or a strap to support the hands if you're unable to reach the ground. You can also modify the pose by keeping the back knee slightly bent or by using a wall for support.,"1. Begin on all fours, with the hands shoulder-width apart and the knees directly under the hips. 2. Step the right foot forward, keeping the knee bent at a 90-degree angle, and lower the torso down towards the ground. 3. Extend the left leg behind you, keeping it straight and engaged, and reach for the ground with the hands."
39,Tarasana,Tarasana,forward_fold,advanced,"Tarasana, also known as Star Pose, improves balance, focus, and flexibility. This advanced forward fold strengthens the ankles, calves, and spine, while stretching the hips and hamstrings. Regular practice can also enhance mental clarity and concentration.","Avoid Tarasana if you have severe ankle or knee injuries, or if you experience dizziness or lightheadedness. Pregnant women should also modify or avoid this pose, especially in the later stages of pregnancy.","Inhale, lengthen the spine and prepare. Exhale, fold forward and reach for the ground. Hold the breath, engage the core and balance. Inhale, slowly rise and release.","Hold Tarasana for 3-5 breaths, or up to 30 seconds. Practice 2-3 repetitions on each leg, resting in between if needed.","For a modified version, use a block or strap to support the hand or forearm on the ground. You can also practice with the back leg slightly bent, or with the front foot on a higher surface. Beginners may start with a shorter fold, gradually deepening the stretch as flexibility increases.","1. Begin in a high lunge position, with the right foot forward and the back leg straight. Engage the core, lengthen the spine, and gaze forward. 2. Exhale, fold forward, and reach for the ground with the right hand or forearm. Keep the back leg straight and the spine long. 3. Balance on the front leg, with the back leg lifted and the body in a straight line from head to heel. 4. Refine the pose, engaging the core, stretching the hips, and gazing forward. 5. Inhale, slowly rise, and release."
40,Astavakrasana,Astavakrasana,twist,advanced,"Astavakrasana strengthens the arms, shoulders, and core, while also stretching the chest and shoulders. It can help improve balance, flexibility, and overall spinal health. Mentally, it cultivates focus and concentration.","Avoid Astavakrasana if you have any shoulder or wrist injuries, or if you experience chronic lower back pain. Pregnant women should also modify or avoid this pose.","Inhale, lengthen your spine and lift your hips off the ground. Exhale, twist and balance on one arm and leg. Hold for a few breaths, inhaling to lengthen and exhaling to deepen the twist.","Hold for 3-5 breaths, then release and repeat on the other side.","For a modified version, place a block or strap under your hand or foot for support. You can also practice the pose with both legs on the ground, or with a wall behind you for balance.","1. Begin in a tabletop position with your hands shoulder-width apart and your knees directly under your hips. Cross your right knee over your left, and lift your hips off the ground, balancing on your left arm and right leg. 2. Twist your torso to the right, keeping your left arm straight and your right leg lifted. 3. Look down towards the ground and engage your core to maintain balance. 4. Hold for a few breaths, then slowly lower down and repeat on the other side."
41,Krounchasana,Krounchasana,twist,advanced,"Krounchasana, or the Heron Pose, offers several physical benefits including stretching the spine, hips, and chest, while also strengthening the arms and shoulders. Mentally, it helps cultivate balance, focus, and concentration. Regular practice can also improve flexibility and posture.","Avoid Krounchasana if you have any severe spinal injuries, herniated discs, or chronic back pain. Pregnant women and people with knee injuries should also avoid this pose or modify it under the guidance of an experienced instructor.","Inhale and lengthen the spine, exhale and fold forward, inhale and lift the chest, exhale and twist deeper.","Hold the pose for 3-5 breaths on each side, repeating 2-3 times for optimal benefits.","For a modified version, use a block or strap to support the hand on the ground, or place the knee on the ground instead of the ankle. You can also use a wall for support and balance.","1. Begin by kneeling on the ground with your right knee bent in front of you and your left leg extended behind. Place your right hand on the ground beside your knee. 2. Inhale and lengthen the spine, then exhale and fold forward, reaching for your right ankle with your right hand. 3. Inhale and lift the chest, then exhale and twist deeper, looking over your left shoulder. 4. Hold the pose, breathing deeply, and then slowly release and repeat on the other side."
42,Parivrtta Janu Sirsasana,Parivrtta Janu Sirsasana,twist,advanced,"Parivrtta Janu Sirsasana stretches the spine, hips, and torso, improving flexibility and balance. This pose also calms the mind and promotes relaxation, reducing stress and anxiety. Additionally, it can help to alleviate back pain and sciatica by releasing tension in the muscles.","Avoid this pose if you have severe neck or back injuries, or if you experience any discomfort or pain in your spine or joints. Pregnant women and individuals with recent surgeries should also avoid this pose.","Inhale as you lengthen the spine, exhale as you twist and fold forward, and inhale again as you rise up to the starting position.","Hold the pose for 3-5 breaths, then release and repeat on the other side.","For a more accessible version, use a block or strap to support the forehead or hands. You can also modify the pose by keeping the back knee slightly bent or using a wall for support. For a deeper stretch, extend the arms and torso further forward.","1. Begin in a seated forward bend position with your right leg extended in front of you. 2. Twist your torso to the right, bringing your forehead towards your right knee, and extend your arms out to the sides. 3. Lengthen your spine and fold forward, reaching for your right ankle or shin with your right hand, and your left knee or thigh with your left hand. 4. Deepen the twist and stretch, keeping your hips and shoulders aligned, and hold for 3-5 breaths."
43,Bhairavasana,Bhairavasana,twist,advanced,"Bhairavasana provides numerous physical benefits such as increased flexibility and range of motion in the spine, hips, and torso. Mentally, this pose cultivates focus, balance, and inner awareness. Practicing Bhairavasana also helps build confidence and self-trust.","Bhairavasana should be avoided by individuals with severe spinal injuries, herniated discs, or osteoporosis. Pregnant women should also avoid this pose, especially in the later stages of pregnancy.","Inhale, lengthen the spine and prepare for the twist; exhale, twist to the right, keeping the hips facing forward; inhale, lengthen the spine; exhale, twist to the left, keeping the hips facing forward.","Hold each twist for 3-5 breaths, then release and repeat on the other side.","For an easier variation, practice a seated spinal twist with the legs crossed or in a chair. To deepen the twist, use a block or strap to support the hand as it reaches towards the knee or ankle.","1. Sit on the floor with your legs crossed and your back straight. Place your right hand on the outside of your left knee, and your left hand on the ground beside you for support. 2. Inhale, lengthen the spine, and as you exhale, twist to the right, keeping your hips facing forward. 3. Gaze over your left shoulder, keeping your head in line with your spine. 4. Hold for 3-5 breaths, then release and repeat on the other side."
44,Baddha Matsyendrasana,Baddha Matsyendrasana,twist,advanced,"Baddha Matsyendrasana, or Lord of the Fishes Pose, provides numerous physical and mental benefits. Physically, it helps to stretch the spine, hips, and torso, while also strengthening the back muscles. Mentally, it can help to calm the mind and promote focus, improving overall well-being.","This pose should be avoided by those with severe spinal injuries, sciatica, or knee injuries. Pregnant women and individuals with high blood pressure should also approach with caution.","Inhale, lengthen the spine; exhale, twist to the right; inhale, lengthen the spine; exhale, twist to the left. Continue to breathe deeply, focusing on the sensation of the twist.","Hold the pose for 3-5 breaths on each side, repeating 2-3 times.","To make the pose more accessible, use a block or strap to support the leg and torso. Alternatively, try a seated spinal twist (Bharadvajasana) or a gentle reclined twist (Supta Matsyendrasana).","1. Start in a seated position with your legs extended in front of you. Bend your right knee, crossing your right foot over your left thigh. 2. Wrap your left arm around your right knee, and place your right hand on the ground behind you for support. 3. Inhale, lengthen your spine; then exhale, twist to the right, keeping your hips facing forward. 4. Gaze over your right shoulder, and focus on the sensation of the twist. Repeat on the left side."
45,Supta Matsyendrasana,Supta Matsyendrasana,twist,advanced,"Supta Matsyendrasana provides physical benefits by stimulating the digestive system, improving spinal flexibility, and relieving lower back tension. Mentally, this pose calms the nervous system and promotes relaxation. Regular practice can also help to balance the body's energy.","Avoid Supta Matsyendrasana if you have a recent spinal injury, herniated disk, or severe back problems. Pregnant women should also modify or avoid this pose, especially in the later stages.","Inhale and lengthen the spine, exhale and twist to the right, inhale to return to center, exhale and twist to the left. Continue alternating sides with the breath, moving slowly and smoothly.","Hold the twist for 3-5 breaths on each side, repeating for 2-3 rounds.","For a gentler version, use a block or strap under the knee to reduce the depth of the twist. You can also place a folded blanket under the shoulders for added support. Beginners can start with a shallower twist and gradually deepen as flexibility increases.","1. Lie on your back with your knees bent and feet flat on the ground, hip-width apart. 2. Bring your right knee towards your chest and let it fall to the left, keeping your spine long. 3. Extend your right arm out to the right, and use your left hand to gently guide your right knee deeper into the twist. 4. As you twist, keep your shoulders and hips grounded, and engage your core for support."
46,Ganda Bherundasana,Ganda Bherundasana,twist,advanced,"Ganda Bherundasana is a dynamic twist that helps to stretch and tone the muscles of the torso, shoulders, and chest, improving flexibility and posture. It also has a stimulating effect on the digestive system and can help to alleviate stress and anxiety. Additionally, this pose can help to quiet the mind and promote a sense of focus and concentration.","Avoid this pose if you have a neck or shoulder injury, or if you experience any discomfort or pain in the upper body. It is also recommended to modify or avoid this pose during pregnancy or menstruation.","Inhale and lengthen the spine, then exhale and twist to the right, keeping the shoulders down and away from the ears. Inhale to return to center, then exhale and twist to the left.","Hold each twist for 3-5 breaths, and repeat on both sides 2-3 times.","To modify this pose, use a block or strap to support the shoulders or chest, or try a gentler twist with the hands on the knees instead of the feet. You can also practice a simplified version of this pose by twisting to one side and then the other, without lifting the feet off the ground.","1. Start in a seated position with the legs extended in front of you, then bend the knees and place the feet flat on the ground. 2. Interlace the fingers and place the hands behind the knees, then inhale and lengthen the spine. 3. Exhale and twist to the right, keeping the shoulders down and away from the ears, and try to touch the feet to the ground behind you. 4. Inhale to return to center, then exhale and twist to the left, repeating the same movement on the other side."
47,Chandra Bhedana,Chandra Bhedana,twist,advanced,"Chandra Bhedana, or Moon Piercing Breath, offers various benefits including stimulating the nervous system, improving respiratory function, and calming the mind. Regular practice can also help balance the left and right hemispheres of the brain, leading to increased mental clarity and focus. Additionally, this pose can help to detoxify and purify the body by stimulating the lymphatic system.","Avoid practicing Chandra Bhedana if you have high blood pressure, heart problems, or are pregnant. It's also recommended to avoid this pose if you have any neck or spine injuries.","Inhale deeply through the left nostril, then close the left nostril with the ring finger and exhale through the right nostril. Inhale through the right nostril, then close the right nostril with the thumb and exhale through the left nostril.",Hold each breath for 2-5 seconds and repeat for 3-5 rounds on each side. Gradually increase the duration and number of rounds as you become more comfortable with the pose.,"Beginners can start by practicing Anuloma Viloma (Alternate Nostril Breathing) without the twist. You can also use a block or strap to support the head and neck if needed. For a more gentle version, try practicing with a shorter hold and fewer rounds.","1. Sit comfortably with your back straight and bring your right hand into Nasikagra Mudra (Nose Tip Position) by curling your index and middle fingers into the palm and extending your thumb and ring finger. 2. Close your right nostril with your thumb and inhale through your left nostril, then close your left nostril with your ring finger and exhale through your right nostril. 3. Inhale through your right nostril, then close your right nostril with your thumb and exhale through your left nostril. 4. Continue alternating nostrils, moving your head and neck into a gentle twist with each exhalation. 5. Repeat on the other side by switching the hand and nostrils."
48,Titibhasana II,Titibhasana II,balancing,advanced,"Titibhasana II strengthens the arms, shoulders, and core, while also improving balance and focus. It can also help to stretch the chest and shoulders, improving overall flexibility. Additionally, this pose can help to build mental concentration and confidence.","This pose should be avoided by people with wrist or shoulder injuries, as well as those with any conditions that affect balance or equilibrium.","Inhale to prepare and lengthen the spine, exhale to engage the core and lift the legs, inhale to balance and extend, exhale to slowly lower out of the pose.","Hold the pose for 3-5 breaths, or as long as you feel balanced and comfortable. Repeat on the other side.","Use blocks or a strap to support the legs or torso if needed, or practice Firefly Pose (Titibhasana I) with the legs bent and the feet on the ground.","Step 1: Start in a high squat position with your feet hip-width apart and your hands on the ground in front of you. Step 2: Bend your elbows and lift your legs off the ground, keeping them straight and parallel to each other. Step 3: Engage your core and lift your torso up, balancing on your hands and keeping your legs lifted. Step 4: Extend your arms and legs, and gaze forward, keeping your body in a straight line from head to heels."
49,Eka Pada Bakasana,Eka Pada Bakasana,balancing,advanced,"Eka Pada Bakasana strengthens the arms, shoulders, and core, while also improving balance and focus. It stretches the chest and shoulders, and can help to improve posture. Regular practice of this pose can also enhance mental clarity and concentration.","Avoid this pose if you have any shoulder or wrist injuries, or if you are experiencing dizziness or vertigo. Pregnant women and those with high blood pressure should also approach with caution.","Inhale and lengthen the spine, exhale and fold the back knee towards the front ankle, inhale and lift the back leg, exhale and balance.","Hold the pose for 3-5 breaths on each side, and repeat 2-3 times.","To make the pose more accessible, you can use a block or a strap to support the back leg, or practice with the back knee on the ground. You can also start in a high lunge position and lift the back leg off the ground.","1. Start in a high lunge position with the right foot forward and the back knee almost touching the ground. 2. Bend the front knee and place the hands on the ground on either side of the front foot. 3. Inhale and lift the back leg off the ground, keeping it straight. 4. Exhale and balance, engaging the core and lifting the chest. 5. Repeat on the other side with the left foot forward."
50,Astavakrasana II,Astavakrasana II,twist,advanced,"Astavakrasana II strengthens the arms, shoulders, and core while improving balance, focus, and flexibility. It also stretches the chest and shoulders, promoting better posture and opening the heart center. This pose can also help alleviate stress and anxiety by releasing tension in the upper body.","Avoid Astavakrasana II if you have any shoulder, wrist, or elbow injuries, or if you experience dizziness or lightheadedness. Pregnant women should also approach with caution and modify the pose as needed.","Inhale deeply, feeling the expansion in the chest and the engagement of the core. Exhale slowly, twisting to one side and balancing on the arms and legs. Hold the breath for a moment, then inhale as you lift and balance. Exhale as you release the pose.","Hold Astavakrasana II for 3-5 breaths on each side, or repeat for 3-5 repetitions on each side, resting in child's pose or downward-facing dog between repetitions.","To modify Astavakrasana II, use blocks or a strap to support the hands or feet, or practice the pose with the knees bent and the feet on the ground. You can also practice the twist without lifting the legs off the ground, or use a wall for support and balance.","1. Begin in a squatting position with your hands on the ground and your feet hip-width apart. 2. Twist your torso to one side, placing your right hand on the outside of your left knee and your left hand on the ground beside your right foot. 3. Lift your legs off the ground, balancing on your arms and the inner edge of your back foot. 4. Extend your spine, engage your core, and gaze forward, holding the balance for a few breaths before slowly releasing the pose. 5. Repeat on the other side."
51,Bakasana II,Bakasana II,balancing,advanced,"Bakasana II strengthens the arms, shoulders, and core muscles, improves balance and concentration, and enhances overall physical and mental stability. It also stretches the chest and shoulders, promoting better posture. Regular practice of this pose can also boost confidence and self-esteem.","Avoid Bakasana II if you have any shoulder or wrist injuries, or if you experience high blood pressure, as it may exacerbate these conditions. Pregnant women should also avoid this pose, especially in the later stages of pregnancy.","Inhale deeply as you lift your legs off the ground, and exhale slowly as you balance and engage your core. Continue to breathe naturally and smoothly, avoiding any jerky movements.","Hold Bakasana II for 3-5 breaths, or as long as you feel comfortable and balanced. Repeat for 2-3 sets, resting in between sets if needed.","If you're struggling to balance, try using a block or a strap to support your legs or lower back. You can also practice Bakasana I, which involves lifting only one leg off the ground, before progressing to Bakasana II. Another option is to place your hands on a wall or a chair for support.","1. Start in a squatting position with your feet hip-width apart and your hands on the ground in front of you. 2. Bend your elbows slightly and lean forward, lifting your legs off the ground and balancing on your hands. 3. Engage your core muscles, lift your chest, and gaze forward, keeping your body in a straight line from head to heels. 4. As you balance, focus on your breath and maintain a steady gaze, avoiding any jerky movements."
52,Parsva Bakasana,Parsva Bakasana,balancing,advanced,"Parsva Bakasana, or Side Crow Pose, physically strengthens the arms, shoulders, and core, while also improving balance and focus. Mentally, it cultivates concentration, confidence, and a sense of grounding. Regular practice of this pose can also improve overall physical awareness and coordination.","Avoid practicing Parsva Bakasana if you have any wrist or shoulder injuries, or if you experience dizziness or lightheadedness. Pregnant women should also modify or avoid this pose, especially in the later stages of pregnancy.","Inhale as you lift your legs off the ground and balance, exhale as you settle into the pose and engage your core. Continue to breathe naturally, focusing on smooth, steady breaths to maintain balance.","Hold the pose for 3-5 breaths, or up to 30 seconds, and repeat on the other side. Practice 2-3 repetitions on each side, taking breaks to rest and recover as needed.","For a more accessible version, try practicing with a block or strap under your hands for support. You can also modify the pose by bending your knees and bringing your weight closer to your arms, or by practicing against a wall for added stability.","1. Begin in a high squat position with your feet hip-width apart, hands shoulder-width apart, and arms bent at a 90-degree angle. 2. Shift your weight onto your hands and lift your heels off the ground, balancing on the balls of your feet. 3. As you inhale, lift your legs off the ground and balance on your arms, keeping your core engaged and your body in a straight line from head to heels. 4. Exhale and settle into the pose, focusing on your breath and maintaining balance."
53,Eka Pada Rajakapotasana II,Eka Pada Rajakapotasana II,forward_fold,advanced,"Eka Pada Rajakapotasana II stretches the entire back side of the body, including the spine, hips, and legs, while also strengthening the arms and shoulders. It can help to improve flexibility and balance, and may also aid in stress relief and mental focus. Regular practice of this pose can also improve posture and reduce back pain.","Avoid this pose if you have any serious back or neck injuries, or if you are experiencing any sharp pains or discomfort in your spine or joints. Pregnant women and those with high blood pressure should also approach with caution.","Inhale: Lengthen the spine and engage the arms, exhale: Fold forward, keeping the arms straight, inhale: Lift the chest and lengthen the neck, exhale: Release any tension in the body.","Hold the pose for 3-5 breaths, repeating 2-3 times on each side.","Use a block or strap to support the hand or foot if you are unable to reach the ground. You can also modify the pose by bending the front knee or keeping the back leg straight, but not lifted. For a gentler stretch, try keeping the back leg on the ground instead of lifting it.","1. Begin on all fours, then bring one knee forward and place the foot on the ground in front of the other knee. 2. Extend the arms straight out in front of you, keeping them parallel to the ground. 3. Inhale and lengthen the spine, then exhale and fold forward, reaching for the ground with your hands. 4. Keep the arms straight and engage the shoulders, lifting the chest and lengthening the neck. 5. Hold the pose, breathing deeply, then slowly release and repeat on the other side."
54,Lolasana,Lolasana,balancing,advanced,"Lolasana strengthens the arms, shoulders, and core muscles, while improving overall balance and concentration. It also opens the chest and improves flexibility in the shoulders and upper back. Regular practice can help build confidence and mental focus.","Avoid Lolasana if you have any injuries to the shoulders, wrists, or arms, or if you have high blood pressure or are pregnant. Additionally, if you experience any discomfort or pain in the shoulders or arms, discontinue the pose immediately.","Inhale and engage the core muscles, then exhale and lift the legs off the ground. Hold the breath for a brief moment at the peak of the pose, then inhale and slowly lower the legs back down.","Hold Lolasana for 3-5 breaths, or as long as you can maintain balance and control. Repeat for 2-3 sets, resting for 30 seconds to 1 minute between sets.","For a modified version, practice Lolasana with the legs bent at a 90-degree angle or with the feet touching the ground. You can also use a block or strap to support the legs or arms. For beginners, start by practicing the pose with the legs lifted only a few inches off the ground.","1. Start in a seated position with the legs straight out in front of you. Place the hands on the ground beside your hips, with the fingers spread wide. 2. Engage the core muscles and lift the legs off the ground, keeping them straight. 3. As you lift the legs, press the palms into the ground and straighten the arms, lifting the hips and torso off the ground. 4. Balance the body on the hands, with the legs lifted and the torso straight. 5. Hold the pose for 3-5 breaths, then slowly lower the legs back down."
55,Hala Asana,Hala Asana,backbend,advanced,"Hala Asana, also known as Plow Pose, stretches the back of the neck, shoulders, and upper back, while also strengthening the muscles in the upper back and improving flexibility in the chest. It can also help to calm the nervous system and promote relaxation. Additionally, it can help to relieve stress and anxiety by releasing tension in the neck and shoulders.","Avoid practicing Hala Asana if you have any neck or shoulder injuries, or if you experience any numbness or tingling in your arms or legs. It's also recommended to avoid this pose if you have high blood pressure or are pregnant.","Inhale as you lift your legs up and over your head, exhale as you lower your legs back down to the starting position.","Hold the pose for 3-5 breaths, or 30 seconds to 1 minute, and repeat for 2-3 repetitions.","For a modified version, use blocks or a strap to support your shoulders and upper back. You can also practice a gentle version of the pose by lifting your legs only to a 45-degree angle, or by using a wall for support.","1. Start by lying on your back with your arms at your sides and your legs straight. Inhale and lift your legs up and over your head, keeping them straight. 2. As you lift your legs, use your core muscles to support your lower back and keep your spine long. 3. Continue to lift your legs until they are at a 90-degree angle to the floor, or as far as is comfortable for you. 4. Hold the pose, breathing deeply and feeling the stretch in your upper back and shoulders. 5. Exhale and slowly lower your legs back down to the starting position."
56,Dwi Pada Viparita Dandasana,Dwi Pada Viparita Dandasana,inversion,advanced,"Dwi Pada Viparita Dandasana strengthens the arms, shoulders, and core while stretching the chest and shoulders. It also improves flexibility in the upper back and hips. Additionally, this pose can help calm the mind and reduce stress by stimulating the nervous system.","Avoid this pose if you have shoulder or arm injuries, or if you experience neck pain or discomfort. Also, people with high blood pressure, glaucoma, or detached retinas should avoid this inversion.",Inhale as you lift your legs up and balance on your hands. Exhale as you slowly lower your legs back down.,"Hold the pose for 3-5 breaths, or as long as you feel comfortable and balanced.","For beginners, you can start by practicing Handstand or Headstand against a wall for support. You can also place a block or a strap under your back for added support. If you're struggling to lift your legs, try lifting one leg at a time or using a leg up the wall pose as a variation.","1. Start in a Handstand position against a wall, with your hands shoulder-width apart and your fingers spread wide. 2. Engage your core and lift your legs straight up, keeping them together and your toes pointed. 3. As you balance on your hands, slowly lift your torso and legs so that your body forms a straight line from head to heels. 4. Keep your arms straight and your shoulders down, engaging your entire body to maintain balance and control."
57,Eka Pada Viparita Dandasana,Eka Pada Viparita Dandasana,inversion,advanced,"Eka Pada Viparita Dandasana strengthens the back muscles, opens the chest, and stretches the shoulders, while also promoting balance, focus, and mental clarity. Regular practice can improve flexibility, posture, and overall physical alignment. Additionally, this inversion can help calm the nervous system and reduce stress.","Avoid this pose if you have neck or shoulder injuries, high blood pressure, or are pregnant. It's also not recommended for those with chronic back pain or severe sciatica.","Inhale as you lift your legs and chest, exhale as you lengthen and balance, and maintain a steady, even breath as you hold the pose.","Hold for 3-5 breaths on each side, or as long as you feel comfortable and balanced.","Use a wall for support, or place a block under your hands for added stability. For a more accessible version, try lifting only one leg at a time, or using a strap to deepen the stretch.","1. Start in a tabletop position on your hands and knees, then lift your right leg up and back, keeping it straight. 2. As you lift, press your palms into the ground and lift your chest, keeping your shoulders down and away from your ears. 3. Balance on your hands and the ball of your left foot, engaging your core and maintaining a straight line from head to heel. 4. Hold and breathe, then slowly lower and repeat on the other side."
58,Viparita Karani,Viparita Karani,inversion,advanced,"Viparita Karani offers numerous physical benefits, including relief from varicose veins, improved circulation, and reduced swelling in the legs. It also helps to calm the nervous system, promoting relaxation and reducing stress. Mentally, this pose can help quiet the mind and promote a sense of inner peace.","Avoid Viparita Karani if you have high blood pressure, heart problems, or recent injuries to the neck or back. Pregnant women should also avoid this pose or modify it under the guidance of a qualified instructor.","Inhale deeply into the chest, feeling the breath fill the lungs. Exhale slowly, allowing the body to relax and settle into the pose. Continue to breathe naturally, without forcing or controlling the breath.","Hold Viparita Karani for 5-15 minutes, or as long as feels comfortable. Beginners may start with shorter holds and gradually increase the duration as they become more comfortable with the pose.","For a modified version, use blocks or a wall to support the legs and reduce the angle of inversion. You can also use a strap or belt to secure the legs if they tend to slide down. For a more restorative approach, use a bolster or pillows to support the back and legs.","1. Find a quiet and comfortable space to practice, with a wall or blocks nearby for support. Lie on your back with your legs straight up against the wall, with your hips and knees bent at a 90-degree angle. 2. Slowly lift your legs up and over your head, keeping them straight, until they are at a 45-degree angle to the floor. 3. Support your lower back with your hands or a block, and engage your core muscles to maintain the pose. 4. Allow your body to relax and settle into the pose, feeling the gentle stretch in the neck and shoulders."
59,Urdhva Dhanurasana,Urdhva Dhanurasana,backbend,advanced,"Urdhva Dhanurasana strengthens the muscles in the back, shoulders, and chest, while also opening up the shoulders and improving flexibility. This pose also stimulates the thyroid gland, which can help regulate metabolism. Additionally, it can help to reduce stress and anxiety by releasing tension in the body.","Avoid Urdhva Dhanurasana if you have any neck or back injuries, high blood pressure, or are pregnant. It is also not recommended for people with severe osteoporosis or glaucoma.","Inhale as you lift your hips and chest off the ground, and exhale as you slowly lower back down. Take deep, controlled breaths while holding the pose.","Hold Urdhva Dhanurasana for 3-5 breaths, or as long as you feel comfortable. Repeat the pose 2-3 times, resting for a few breaths in between.","To modify Urdhva Dhanurasana, you can use blocks or straps to support your hands or feet. You can also practice the pose with your knees slightly bent or with a wall behind you for support.","1. Lie on your back with your knees bent and feet flat on the ground, hip-width apart. Place your hands under your shoulders with your fingers spread wide. 2. Inhale and press your palms into the ground, lifting your hips and chest off the ground. Straighten your arms and lift your chest towards the ceiling. 3. Keep your shoulders down and away from your ears, and engage your core muscles to support your back. 4. Hold the pose for 3-5 breaths, feeling the stretch in your chest and shoulders. 5. Exhale and slowly lower back down to the ground, resting for a few breaths before repeating."
60,Rajakapotasana,Rajakapotasana,backbend,advanced,"Rajakapotasana, also known as King Pigeon Pose, is an advanced backbend that offers numerous physical and mental benefits. Physically, it strengthens the back muscles, opens the chest and shoulders, and can improve flexibility in the hips and spine. Mentally, it can help cultivate confidence, courage, and a sense of empowerment.","Avoid practicing Rajakapotasana if you have any neck or back injuries, or if you experience chronic pain in the shoulders, hips, or knees. Pregnant women should also avoid this pose or modify it under the guidance of an experienced yoga instructor.","Inhale: Lengthen the spine and reach the arms forward. Exhale: Fold forward and deepen the backbend. Repeat the breath, maintaining the pose and feeling the opening in the chest and shoulders.","Hold the pose for 3-5 breaths, or repeat for 2-3 sets, resting in a neutral position in between.","For a more accessible version, use a block or strap to support the back hand or to deepen the stretch in the chest. You can also modify the pose by keeping the back leg bent, or by practicing a 'half' King Pigeon Pose with the front leg bent and the back leg straight.","1. Begin on your hands and knees, with your right knee forward and your left knee back. Inhale and lengthen your spine, reaching your arms forward and up. 2. Exhale and fold forward, reaching your right hand back to grasp your left ankle. 3. Inhale and lift your chest, keeping your shoulders down and away from your ears. 4. Exhale and deepen the backbend, feeling the stretch in your chest and shoulders. 5. Hold the pose, then slowly release and repeat on the other side."
61,Eka Pada Rajakapotasana,Eka Pada Rajakapotasana,backbend,advanced,"Eka Pada Rajakapotasana stretches the entire back, shoulders, and chest, promoting flexibility and opening up the heart center. It also strengthens the arms, shoulders, and back muscles, improving overall posture. This pose can help calm the mind and reduce stress by releasing tension in the body.","Avoid this pose if you have a recent or chronic back injury, shoulder injury, or wrist issues. It's also not recommended for pregnant women, especially in the later stages, as it can put pressure on the abdomen and lower back.","Inhale as you lift your leg, exhale as you fold forward, inhale to lengthen and expand the chest, and exhale to deepen the stretch.","Hold the pose for 3-5 breaths on each side, or repeat 2-3 times on each side, depending on your comfort level and practice goals.","Use a block or strap to support the extended leg, or place a hand on the ground for added stability. If the full expression is not accessible, try a modified version with the knee bent or the foot resting on the ground instead of extending it. You can also use a wall for support and balance.","1. Start in a tabletop position on your hands and knees. Extend your right leg behind you, keeping it straight, and place your right hand on the ground beside your left knee. 2. Inhale and lengthen your spine, then exhale and fold forward, reaching for your right ankle with your left hand. 3. Inhale and lift your chest, expanding your heart center, and balance on your left hand and right knee. 4. Exhale and deepen the stretch, keeping your back leg straight and your front shoulder down. 5. Gently release the pose and repeat on the other side."
62,Laghu Vajrasana,Laghu Vajrasana,backbend,advanced,"Laghu Vajrasana strengthens the back muscles, improves flexibility in the chest and shoulders, and can help alleviate respiratory issues. It also stimulates the thyroid gland, which can help regulate metabolism. Mentally, this pose can help build confidence and courage.","Avoid Laghu Vajrasana if you have any neck or back injuries, high blood pressure, or are pregnant. People with sensitive knees or ankles should also approach this pose with caution.","Inhale deeply as you arch your back and lift your chest, exhale slowly as you lower your chin towards your chest and relax your shoulders.","Hold the pose for 3-5 breaths, repeating 2-3 times.","For a more accessible version, place a block or strap under your forehead to support your neck. You can also practice this pose with your knees slightly apart or use a wall for support. For a deeper stretch, place your hands on your thighs and gently press your chest forward.","1. Kneel on your mat with your knees hip-width apart and your weight evenly distributed between both legs. 2. Interlace your fingers behind your back and gently arch your back, lifting your chest and chin towards the ceiling. 3. As you inhale, slowly lift your chin and chest higher, keeping your shoulders down and away from your ears. 4. Hold the pose, breathing deeply, and then exhale slowly as you lower your chin towards your chest and relax your shoulders. 5. Repeat the process 2-3 times, coming out of the pose slowly and carefully."
63,Anjaneyasana,Anjaneyasana,lunge,beginner,"Anjaneyasana, also known as Low Lunge, strengthens the quadriceps, calves, and glutes, while stretching the hips and quadriceps. This pose also improves balance and stability, promoting focus and mental clarity. Regular practice of Anjaneyasana can help alleviate lower back pain and sciatica.",Avoid Anjaneyasana if you have knee injuries or chronic knee pain. Individuals with severe hip or ankle injuries should also modify or avoid this pose.,"Inhale as you step your right foot forward and lower your torso, lengthening your spine. Exhale as you sink deeper into the lunge, keeping your back knee almost touching the ground.",Hold Anjaneyasana for 3-5 breaths on each side. Repeat on the other side by switching legs.,"For a gentler variation, keep your back knee on the ground instead of lowering it almost to the ground. You can also use a block under your back knee for support or under your front thigh for added lift. For an easier balance, keep your hands on the ground or a block beside your front foot.","1. Begin in a tabletop position on your hands and knees. Step your right foot forward between your hands, keeping your left knee almost touching the ground. 2. Lower your torso, lengthening your spine, and engage your core muscles to support your lower back. 3. As you inhale, lift your arms up and out to the sides, keeping them parallel to the ground, and gaze forward. 4. Exhale, and slowly lower your back knee almost to the ground, stretching your quadriceps and hips."
64,Prasarita Padottanasana,Prasarita Padottanasana,standing,beginner,"Prasarita Padottanasana stretches the entire back side of the body, from the shoulders to the heels. This pose can also help to calm the nervous system and relieve stress. Regular practice can also improve flexibility and balance.","Avoid this pose if you have any recent back injuries, knee issues, or high blood pressure. Pregnant women should also avoid deep forward bends.","Inhale: Lengthen the spine and engage the core. Exhale: Fold forward, reaching for the ground or a block.","Hold for 3-5 breaths, rest for 1-2 breaths, and repeat for 2-3 sets.",Use blocks or a strap to support your hands if you can't reach the ground. You can also bend your knees slightly if your back feels strained.,"1. Stand with your feet wide apart, with your hands on your hips. 2. Engage your core and lengthen your spine, feeling a sense of grounding and stability. 3. Exhale and fold forward, reaching for the ground or a block with your hands. Keep your elbows slightly bent and your shoulders relaxed."
65,Virabhadrasana III,Virabhadrasana III,standing,beginner,"Virabhadrasana III strengthens the ankles, calves, and spine, while also improving balance and focus. It can help to stretch the chest and shoulders, and can also improve overall posture. Mentally, this pose can help to build confidence and concentration.","Avoid this pose if you have any recent or severe ankle, knee, or hip injuries, as it can put additional stress on these joints. Additionally, if you have high blood pressure or are experiencing dizziness, it is recommended to modify the pose or avoid it altogether.","Inhale and lengthen your spine, exhale and fold forward, inhale and lift your back leg, exhale and balance. Continue to breathe naturally and smoothly while holding the pose.","Hold for 3-5 breaths, repeat on the other side.","Use a block or a strap to support your hands if you are unable to reach the ground. You can also practice with your back knee bent or with your back foot on the ground for added support. For an easier variation, try practicing 'high lunge' with your back foot on the ground instead of lifted.","1. Start in a high lunge position with your right foot forward and your back knee almost touching the ground. 2. Lengthen your spine and engage your core, then exhale and fold forward, reaching for the ground with your hands. 3. Inhale and lift your back leg off the ground, keeping it straight and parallel to the ground. 4. Balance on your front leg and reach your arms forward, keeping them parallel to the ground. 5. Engage your core and gaze forward, holding the pose for 3-5 breaths before slowly releasing and repeating on the other side."
66,Ardha Chandrasana,Ardha Chandrasana,standing,beginner,"Ardha Chandrasana, or Half Moon Pose, benefits the physical body by stretching the spine, hips, and legs, while also strengthening the ankles and core. It also improves balance and focus, promoting mental clarity and calmness. Regular practice of this pose can also help alleviate stress and anxiety.","Avoid Ardha Chandrasana if you have any severe knee or ankle injuries, or if you experience dizziness or lightheadedness. Pregnant women should also practice this pose with caution and under the guidance of a qualified instructor.","Inhale as you lengthen your spine and arms, exhale as you bend your front knee and stretch your back leg. Continue to breathe naturally, focusing on your breath as you hold the pose.","Hold Ardha Chandrasana for 3-5 breaths, or 30-60 seconds, on each side. Repeat 2-3 times, or as needed.","For a more accessible version, use a block or a strap to support your hand or ankle. You can also practice this pose with your back against a wall for added stability. For a more challenging variation, lift your back leg off the ground and balance on one leg.","1. Begin in a lunge position with your right foot forward and your back left knee almost touching the ground. 2. Reach your right arm up towards the ceiling and slide your left hand down your left leg, keeping your spine long and your hips open. 3. As you exhale, bend your front knee and stretch your back leg, keeping your back foot flexed. 4. Continue to reach your right arm up and your left hand down, stretching your spine and hips. 5. Gaze forward and focus on your breath as you hold the pose."
67,Supta Baddha Konasana,Supta Baddha Konasana,restorative,beginner,"Supta Baddha Konasana is a restorative yoga pose that provides numerous physical and mental benefits. Physically, it stretches the hips, groin, and spine, while also relaxing the lower back muscles. Mentally, it calms the mind, reduces stress, and promotes deep relaxation and inner stillness.","Avoid Supta Baddha Konasana if you have any recent hip, knee, or spine injuries, or if you have severe sciatica or lower back pain. Pregnant women should also avoid this pose or modify it with support under the back and knees.","Inhale deeply, feeling the chest expand and the spine lengthen. Exhale slowly, allowing the body to relax and release any tension. Continue to breathe naturally and smoothly, focusing on the sensation of the pose.","Hold Supta Baddha Konasana for 5-10 minutes, or as long as you feel comfortable and relaxed. You can also repeat the pose 2-3 times, resting for a few minutes in between each repetition.","To make Supta Baddha Konasana easier, you can use a bolster or pillow under the knees and another under the lower back for support. You can also place a strap or block under the heels to release tension in the hips and lower back.","1. Lie on your back with your knees bent and feet together, allowing your spine to relax and your body to release any tension. 2. Bring your heels together and let your knees fall apart, stretching your hips and groin. 3. Place a bolster or pillow under your knees and lower back for support, if needed, and allow your body to relax and release any tension. 4. Close your eyes and focus on your breath, feeling the sensation of the pose and allowing yourself to relax and let go."
68,Savasana,Savasana,restorative,beginner,"Savasana, also known as the 'Corpse Pose', is a restorative yoga pose that offers numerous physical and mental benefits. It helps to reduce stress and anxiety, improve sleep quality, and relieve muscle tension. Regular practice of Savasana can also calm the mind, promoting relaxation and inner peace.","Savasana should be avoided by pregnant women in the third trimester, as it can cause blood to pool in the legs. Additionally, individuals with low blood pressure or those who experience dizziness when lying down should practice this pose with caution.","Inhale deeply and naturally, filling the lungs completely. Exhale slowly, allowing the body to release any tension or stress. Continue to breathe naturally, focusing on the sensation of the breath moving in and out of the body.","Hold Savasana for 5-15 minutes, or as long as comfortably possible. Beginners can start with shorter holds of 2-3 minutes and gradually increase the duration as they become more comfortable with the pose.","Use a bolster or pillow under the knees to support the lower back and relieve any discomfort. A blanket or towel can also be placed under the head or neck for added support. For individuals with back issues, a rolled-up towel or block can be placed under the thoracic spine to promote relaxation and reduce tension.","1. Find a quiet and comfortable place to lie down on your back, with your arms and legs relaxed and slightly apart. 2. Close your eyes and take a few deep breaths, allowing your body to release any tension or stress. 3. As you inhale, feel the breath move into the body, and as you exhale, feel any tension or stress melt away. 4. Allow your body to relax completely, feeling the weight of your body sinking into the ground. 5. Remain in Savasana for the desired duration, focusing on your breath and the sensation of relaxation in your body."
69,Supta Matsyendrasana II,Supta Matsyendrasana II,twist,beginner,"Supta Matsyendrasana II provides numerous physical and mental benefits, including increased flexibility in the spine, hips, and torso, as well as reduced stress and anxiety. It also helps to balance the digestive system and promotes a sense of calm and relaxation. Regular practice can also improve posture and balance.","Avoid practicing Supta Matsyendrasana II if you have any recent injuries or surgeries, particularly in the spine, hips, or knees. Pregnant women should also approach with caution and modify the pose accordingly.","Inhale as you lengthen your spine, exhale as you twist your torso to one side, and inhale again as you return to the center. Hold the breath for a brief moment, then exhale as you twist to the other side.","Hold the pose for 30 seconds to 1 minute on each side, repeating 2-3 times on each side.","To make the pose more accessible, you can use a block or a strap to support your knees or torso. Alternatively, you can also practice the pose with your knees slightly bent or with a pillow under your knees for added support.","1. Lie on your back with your knees bent and feet flat on the ground, then bring your knees towards your chest. 2. Allow your knees to fall to one side, keeping your spine long, and hold onto your knees with your hand. 3. As you inhale, lengthen your spine, and as you exhale, gently deepen the twist, keeping your shoulders and hips relaxed."
70,Salamba Sarvangasana,Salamba Sarvangasana,inversion,beginner,"Salamba Sarvangasana, also known as Supported Shoulder Stand, offers numerous physical and mental benefits. It strengthens the shoulders, neck, and upper back muscles, while also stretching the chest and improving spinal flexibility. This pose can also help calm the mind, reduce stress, and promote relaxation.","This pose should be avoided by individuals with neck injuries, glaucoma, or high blood pressure, as well as pregnant women in their second and third trimesters. It is also not recommended for those with recent shoulder or upper back injuries.","Inhale: As you lift your legs up, inhale and engage your core. Exhale: As you set up the pose, exhale and relax your shoulders down. Hold the breath for a few seconds, then resume normal breathing.","Hold the pose for 3-5 breaths, or up to 30 seconds. Repeat for 2-3 sets.","Use a block or strap under your lower back for support. If you're new to inversions, start with a shorter duration and gradually increase as you become more comfortable. You can also practice with a wall behind you for added support.","1. Start by lying on your back with your knees bent and feet flat on the ground. Place your hands under your hips for support. 2. Inhale and lift your legs up, keeping them straight, until they're at a 90-degree angle to your body. 3. Exhale and slowly lower your legs back down, keeping control throughout the movement. 4. To come out of the pose, slowly roll out of the shoulder stand and take a few deep breaths."
71,Viparita Karani II,Viparita Karani II,inversion,beginner,"Viparita Karani II offers numerous physical benefits, including relief from lower back pain, improved circulation, and relaxation of the neck and shoulders. Mentally, this pose promotes a sense of calmness and reduces stress. Additionally, it helps to quiet the mind and prepare for meditation.","Avoid Viparita Karani II if you have glaucoma, high blood pressure, or recent injuries to the neck or shoulders. Pregnant women should also modify or avoid this pose, especially in the later stages of pregnancy.","Inhale deeply, feeling the chest expand and the body relax. Exhale slowly, allowing the body to settle further into the pose, and repeat this process several times.","Hold Viparita Karani II for 5-10 minutes, or as long as you feel comfortable. Beginners may start with shorter durations and gradually increase as they become more accustomed to the pose.","For a more restorative version, place a bolster or pillow under the lower back for support. You can also use a block or strap to support the neck and shoulders if needed. If you're feeling uncomfortable or experiencing discomfort in the neck, consider using a folded blanket or towel for support.","1. Find a quiet and peaceful space to practice Viparita Karani II. Place a wall behind you for support and lie on your back with your legs up against the wall. 2. Allow your body to relax and let your legs bend at a 90-degree angle, with your feet flexed and your spine long. 3. Close your eyes and focus on your breath, feeling the calmness and relaxation spread throughout your body. 4. As you inhale and exhale, allow your body to settle deeper into the pose, feeling the support of the wall and the relaxation in your muscles."
72,Virabhadrasana,Virabhadrasana,standing,beginner,"Virabhadrasana (Warrior Pose) strengthens the legs, hips, and core, while stretching the chest and lungs. It also improves balance, focus, and mental clarity. Regular practice of this pose can boost confidence and reduce stress.",Avoid Virabhadrasana if you have any knee injuries or chronic knee pain. Pregnant women should modify the pose to avoid deep knee bends.,"Inhale and lengthen your spine, exhale and bend your front knee.","Hold the pose for 3-5 breaths on each side, repeat for 2-3 sets.","Use a block or strap to support your front knee if you have any knee issues. For a deeper stretch, place your back foot at a 45-degree angle. To make it easier, shorten your stride or keep your back foot parallel to the back of the mat.","1. Stand with your feet wide apart, with one foot facing forward and the other foot at a 90-degree angle. 2. Bend your front knee over your ankle, keeping your thigh parallel to the ground. 3. Stretch your arms out to the sides, parallel to the ground, and gaze forward, keeping your spine long. 4. Engage your core and press your back foot into the ground, feeling strong and grounded."
73,Tadasana II,Tadasana II,standing,beginner,"Tadasana II, or Mountain Pose, improves posture by establishing proper alignment of the head, shoulders, hips, and ankles. It also helps to strengthen the core and leg muscles. Additionally, this pose promotes mental clarity and focus, allowing for a sense of grounding and stability.",Avoid Tadasana II if you have any severe back or ankle injuries. Pregnant women should also modify the pose by taking a wider stance to accommodate their center of gravity.,"Inhale: Lengthen the spine, feeling the ground rise up to meet you. Exhale: Engage the core, drawing the navel towards the spine.","Hold for 5-10 breaths, repeating as needed to establish a strong foundation for other standing poses.","For added support, use a block or a wall to help maintain proper alignment. For those with ankle or knee issues, try placing the feet slightly wider apart to reduce pressure.","1. Start with your feet hip-width apart and parallel to each other, engaging your core and drawing your navel towards your spine. 2. Lengthen your spine, feeling the crown of your head reaching towards the ceiling and your shoulders relaxing down away from your ears. 3. Engage your leg muscles, drawing your weight evenly into both feet. 4. Take a deep breath in, feeling the ground rise up to meet you, and exhale, maintaining the engagement of your core and leg muscles. 5. Hold, focusing on the sensation of stability and grounding."
74,Utkatasana,Utkatasana,standing,beginner,"Utkatasana, also known as Chair Pose, strengthens the legs and hips, improves balance and flexibility, and helps to build confidence and focus. It also engages the core and can help improve posture. Additionally, this pose can help to reduce stress and fatigue.",Avoid practicing Utkatasana if you have any knee injuries or chronic knee pain. Pregnant women and individuals with severe back problems should also modify or avoid this pose.,"Inhale: Lengthen the spine and engage the core as you bend your knees. Exhale: Sink deeper into the pose, keeping your back straight and your weight in your heels.","Hold Utkatasana for 3-5 breaths, or 30-60 seconds, and repeat for 2-3 repetitions.","For beginners or those with knee issues, modify the pose by keeping your knees slightly bent or using a block or chair for support. You can also practice with your back against a wall for added stability.","1. Stand with your feet hip-width apart, parallel to each other, and facing forward. 2. Engage your core and lengthen your spine, then bend your knees and sink your hips down into a seated position, as if you were sitting in a chair. 3. Keep your back straight, your weight in your heels, and your arms by your sides or on your hips. 4. Gaze forward and engage your core to maintain balance and stability."
75,Supta Padangusthasana,Supta Padangusthasana,forward_fold,beginner,"Supta Padangusthasana stretches the hamstrings, calves, and spine, improving flexibility and range of motion. It also helps to calm the nervous system, reducing stress and anxiety. Regular practice can lead to improved posture and reduced muscle tension.","Avoid this pose if you have any recent or severe injuries to the knees, hips, or lower back. It's also not recommended for those with sciatica or other conditions that cause nerve pain.","Inhale: Lengthen the spine and slowly lift the leg. Exhale: Deeply stretch the back leg, gently pulling the toes towards the head.","Hold the pose for 3-5 breaths on each leg, or for 30 seconds to a minute.","For a more gentle stretch, use a strap or towel to support the leg. You can also bend the knee of the lifted leg if it feels too intense. For added support, place a block or blanket under the lower back.","1. Lie on your back with your arms at your sides and legs straight. 2. Slowly lift your right leg towards the ceiling, keeping it straight, and hold onto your big toe with your hand. 3. Gently pull your leg towards your head, stretching your hamstrings and calves. 4. Keep your left leg and hips relaxed, and engage your core to support your lower back."
76,Prishthasana,Prishthasana,backbend,beginner,"Prishthasana stretches the chest, shoulders, and upper back, improving flexibility and posture. It also strengthens the back muscles and opens the heart center, promoting confidence and self-awareness. Regular practice can also help alleviate stress and anxiety.","Avoid Prishthasana if you have any neck or back injuries, or if you experience discomfort or pain in your shoulders or chest. Pregnant women should also approach with caution and modify the pose as needed.","Inhale as you lengthen your spine and open your chest, exhale as you deepen the stretch and engage your back muscles.","Hold the pose for 3-5 breaths, repeat 2-3 times.",Use a block or strap to support your chest and shoulders if you're new to Prishthasana or experience discomfort. You can also modify the pose by keeping your knees slightly bent or using a wall for support.,"1. Kneel on your mat with your shins hip-width apart and your hands on the ground in front of you. 2. Inhale and lengthen your spine, then exhale and place your palms on the ground behind you. 3. Inhale and slowly arch your chest forward and up, keeping your shoulders down and away from your ears. 4. Exhale and deepen the stretch, engaging your back muscles and feeling the opening in your chest and shoulders."
77,Marichyasana,Marichyasana,seated,beginner,"Marichyasana is a seated spinal twist pose that helps to stretch and lengthen the spine, hips, and torso, while also improving flexibility and relieving stress and tension. Physically, it can help to ease sciatica, lower back pain, and stiffness in the hips and knees. Mentally, it can help to calm the mind, promote focus, and reduce anxiety.","Marichyasana should be avoided by those with severe back or spine injuries, herniated discs, or spinal conditions such as spondylolisthesis or spinal stenosis. Pregnant women should also avoid deep twists and modify the pose to a more gentle variation.","Inhale deeply as you lengthen the spine, then exhale slowly as you twist to the right, keeping the breath steady and smooth throughout the pose. Repeat the process as you twist to the left.","Hold Marichyasana for 3-5 breaths on each side, repeating the pose 2-3 times on each side.","For a more accessible variation, use a block or strap to deepen the twist or support the back knee. You can also modify the pose by keeping the back leg straight or using a wall for support.","1. Sit on the floor with your legs extended in front of you, then bend your right knee and place your right foot on the ground beside your left thigh. 2. Lengthen your spine and inhale deeply, then exhale slowly as you twist your torso to the right, bringing your right hand to your left knee. 3. Keep your hips facing forward and your spine long, looking over your left shoulder as you deepen the twist. 4. Repeat the process on the other side by twisting to the left."
78,Virabhadrasana II,Virabhadrasana II,standing,beginner,"Virabhadrasana II, or Warrior II, is a standing pose that strengthens the legs, hips, and ankles, while also stretching the chest and shoulders. It also helps improve balance and focus, promoting mental clarity and confidence. Regular practice can also aid in reducing stress and anxiety.","Avoid this pose if you have any knee or hip injuries, or if you experience high blood pressure or dizziness. It's also recommended to modify or avoid this pose during pregnancy or menstruation.","Inhale: Lengthen the spine and arms, expanding the chest. Exhale: Engage the core and stretch the arms, deepening the stretch in the hips and chest.","Hold the pose for 3-5 breaths, repeating on the other side.","For a more accessible version, use a block under the hand for support, or shorten the distance between the feet. You can also practice with a wall behind you for balance support.","Step 1: Stand with your feet wide apart, with one foot facing forward and the other foot at a 90-degree angle. Step 2: Bend the front knee, keeping it over the ankle, and stretch the arms out to the sides, parallel to the ground. Step 3: Engage your core, lengthen your spine, and stretch your chest forward, gazing over the front hand. Step 4: Deepen the stretch by sinking the hips and stretching the back leg, keeping the knee straight. Step 5: Hold the pose, breathing deeply, and then repeat on the other side."
79,Anjaneyasana II,Anjaneyasana II,lunge,beginner,"Anjaneyasana II strengthens the quadriceps, hamstrings, and glutes, while also expanding the chest and shoulders. It can also improve balance and focus. Regular practice can also help to reduce stress and anxiety by promoting relaxation and calmness.",Avoid practicing Anjaneyasana II if you have any knee injuries or chronic knee pain. It's also recommended to modify or avoid the pose if you have any hip replacements or severe hip problems.,"Inhale as you step your right foot forward and lengthen your spine. Exhale as you lower your back knee towards the ground, keeping your front thigh parallel to the ground.","Hold the pose for 3-5 breaths on each side, repeating for 2-3 sets.","For a more accessible version, place your back knee on the ground or use a block under your back knee for support. You can also use a strap or towel to deepen the stretch in your chest and shoulders.","1. Begin in a high lunge position with your right foot forward and your back foot about a foot behind you. Engage your core and lengthen your spine. 2. As you inhale, reach your arms up and over your head, keeping them parallel to each other. 3. As you exhale, lower your back knee towards the ground, keeping your front thigh parallel to the ground and your spine long. 4. Keep your front knee directly over your ankle and your weight evenly distributed between both legs. 5. Switch sides and repeat on the other side."
80,Marjaryasana,Marjaryasana,standing,beginner,"Marjaryasana, also known as Cat Pose, is a beginner-friendly standing pose that provides numerous physical and mental benefits, including stretching the spine, improving flexibility in the neck, and promoting relaxation. Regular practice of this pose can also help reduce stress and anxiety. Additionally, it can help to warm up the muscles and prepare the body for more dynamic movements.","Avoid practicing Marjaryasana if you have any neck or spine injuries, or if you experience any discomfort or pain in your neck or back. Pregnant women should also approach this pose with caution and modify it to avoid any strain on the neck or back.","Inhale: Lengthen the spine and arch the back, lifting the tailbone and head towards the ceiling. Exhale: Round the back, tucking the chin towards the chest and the tailbone towards the ground.","Hold for 3-5 breaths, repeating the cycle 2-3 times.","For a gentler variation, you can practice Marjaryasana on your hands and knees instead of standing. You can also use a block or strap to support your neck and back if needed.","1. Start by standing on all fours with your hands shoulder-width apart and your knees directly under your hips. 2. Inhale and arch your back, lifting your tailbone and head towards the ceiling, keeping your arms straight. 3. Exhale and round your back, tucking your chin towards your chest and your tailbone towards the ground, allowing your head and torso to release. 4. Continue to move slowly and smoothly through the cycle, breathing deeply and maintaining awareness of your body position."
81,Chaturanga Dandasana II,Chaturanga Dandasana II,standing,beginner,"Chaturanga Dandasana II strengthens the arms, shoulders, and upper back, while also engaging the core and improving balance and overall stability. Regular practice can also improve mental focus and concentration. Additionally, this pose can help to build internal heat and energize the body.","Avoid this pose if you have any wrist, elbow, or shoulder injuries. It's also recommended to avoid Chaturanga Dandasana II if you have any underlying core or spinal issues.","Exhale as you lower your body down, keeping your elbows close to your body, and inhale as you transition into the next pose or come back to the starting position.","Hold Chaturanga Dandasana II for a brief moment, about 1-2 breaths, before transitioning into the next pose. Repeat for 3-5 repetitions, depending on your practice and level of comfort.","To modify Chaturanga Dandasana II, try keeping your knees slightly bent or using a block under your hands for additional support. You can also practice the pose with your forearms on the ground instead of your hands, or use a wall for support.","1. Start in a high plank position with your hands shoulder-width apart and your body in a straight line from head to heels. 2. Engage your core and slowly lower your body down, keeping your elbows close to your body, until your upper arms are parallel to the ground. 3. Briefly pause in this position, keeping your body straight and your core engaged, before transitioning into the next pose."
82,Bharadvajasana II,Bharadvajasana II,twist,beginner,"Bharadvajasana II is a beginner-friendly twist that helps to stretch and warm up the spine, hips, and torso. It also strengthens the muscles in the back and improves flexibility. Mentally, this pose can help reduce stress and anxiety by releasing tension in the body.","Avoid this pose if you have any severe spinal injuries, neck problems, or recent abdominal surgery. Pregnant women should also approach this pose with caution and modify it as needed.","Inhale deeply as you lengthen the spine, and exhale as you twist to the right or left, allowing the body to release any tension. Hold the pose and breathe naturally, feeling the stretch deepen with each exhale.","Hold for 3-5 breaths on each side, repeating the pose 2-3 times on each side.","For a gentler version, you can place a block or blanket under your seat for support. If you find it difficult to twist, you can also try a seated spinal twist with a shorter range of motion or use a strap to deepen the stretch.","1. Sit on the floor with your legs crossed, with your right knee on top of your left knee. 2. Lengthen your spine and inhale deeply, feeling the body expand. 3. Exhale and twist to the right, placing your right hand on the outside of your left knee. 4. Gaze over your left shoulder, keeping the spine long and the body relaxed. 5. Repeat on the other side, twisting to the left."
83,Ustrasana,Ustrasana,backbend,beginner,"Ustrasana, also known as Camel Pose, provides physical benefits such as strengthening the back muscles and improving spinal flexibility. It also helps to open the chest and shoulders, which can improve posture and reduce stress. Mentally, Ustrasana can help to increase confidence and reduce anxiety by promoting a sense of empowerment and expansion.","Ustrasana should be avoided by individuals with neck or back injuries, as well as those with high blood pressure or any condition that may be exacerbated by deep backbending. Pregnant women should also approach with caution and modify the pose as needed.","Inhale and lengthen the spine, then exhale and slowly arch the back, keeping the breath steady as you hold the pose.","Hold Ustrasana for 3-5 breaths, or 15-30 seconds, and repeat 2-3 times.","For beginners or those with flexibility limitations, a block or strap can be used to support the hands or feet. Alternatively, a gentle version of the pose can be practiced by keeping the hands on the thighs or knees instead of the heels.","1. Kneel on the mat with your knees hip-width apart and your hands on your hips. 2. Inhale and lengthen the spine, then exhale and slowly arch the back, keeping the chest open and the shoulders down. 3. As you arch, reach back with your hands and grasp your heels or ankles, keeping your arms straight. 4. Hold the pose, keeping the breath steady and the body engaged, and avoid compressing the neck or shoulders."
84,Vrksasana II,Vrksasana II,balancing,beginner,"Vrksasana II, also known as Tree Pose II, offers physical benefits such as strengthening the ankles, calves, and spine, while improving overall balance and stability. Mentally, it cultivates focus and concentration, promoting calmness and clarity of mind. Regular practice also enhances body awareness and self-confidence.","Avoid practicing Vrksasana II if you have severe ankle or knee injuries, or if you experience dizziness or lightheadedness. Pregnant women should also practice with caution and support.","Inhale as you lift your arms up, exhale as you engage your core, and maintain steady, calm breaths while balancing.","Hold Vrksasana II for 30 seconds to 1 minute on each leg, and repeat 2-3 times on each side.","For beginners or those with limited balance, practice with support by placing your back against a wall or using a block under your hand for balance. You can also practice with your eyes open, focusing on a fixed point in front of you.","1. Start by standing on one leg, with the other foot resting on the inner thigh. Engage your core and lengthen your spine. 2. Inhale and lift your arms up overhead, keeping them parallel to each other and your palms facing forward. 3. Exhale and engage your core, maintaining balance and stability. 4. Gaze forward, focusing on a fixed point, and maintain steady breaths."
85,Virabhadrasana III II,Virabhadrasana III II,standing,beginner,"Virabhadrasana III II strengthens the ankles, calves, and spine, while also improving balance and focus. It can help to build confidence and concentration. Regular practice of this pose can also improve overall posture and reduce stress.",Avoid this pose if you have recent knee injuries or severe ankle sprains. Pregnant women should also practice with caution and modify the pose as needed.,"Inhale as you lift your back leg off the ground, and exhale as you lengthen your spine and balance on one leg. Continue to breathe naturally, focusing on your breath to maintain balance.","Hold for 3-5 breaths, then repeat on the other side. Start with shorter holds and gradually increase the duration as you build balance and confidence.","Use a block or wall for support if you're struggling to balance. You can also practice with both hands on the ground for added stability, or with your back knee bent at a 90-degree angle to reduce strain on the knee.","Step 1: Start in a high lunge position with your right foot forward, then lift your left heel off the ground and balance on your right leg. Step 2: Engage your core and lengthen your spine, reaching your arms forward and parallel to the ground. Step 3: Gaze forward and focus on a fixed point in front of you to maintain balance. Step 4: As you balance, lift your left leg higher, keeping it straight and parallel to the ground. Step 5: Hold the pose, breathing naturally, then slowly lower your left leg back down and repeat on the other side."
86,Hastottanasana,Hastottanasana,standing,beginner,"Hastottanasana, or Hands Down Pose, stretches the hamstrings, calves, and spine, while also lengthening the entire back side of the body. It can help to relieve stress and anxiety by releasing tension in the neck and shoulders. Regular practice can also improve balance and posture.","Avoid Hastottanasana if you have any neck or back injuries, or if you have high blood pressure. Pregnant women should also modify the pose or avoid it altogether, especially in the later stages of pregnancy.","Inhale and lengthen the spine, exhale and fold forward, reaching for the toes or shins.","Hold the pose for 3-5 breaths, or 15-30 seconds, and repeat 2-3 times.","For beginners or those with tight hamstrings, use a block or strap to support the hands under the feet or on the shins. You can also bend the knees slightly to reduce the stretch in the back legs. For a more intense stretch, try to reach for the toes or further down towards the ground.","Step 1: Stand with your feet hip-width apart, arms by your sides, and engage your core. Step 2: Inhale and lengthen the spine, feeling the crown of the head reach towards the ceiling. Step 3: Exhale and fold forward, reaching for the toes or shins, keeping the knees slightly bent if necessary. Step 4: Keep the arms straight and the palms pressing into the ground, feeling the stretch in the back of the legs and the spine. Step 5: Hold the pose, breathing deeply, and then slowly roll up to standing on an inhale."
87,Supta Baddha Konasana II,Supta Baddha Konasana II,restorative,beginner,"Supta Baddha Konasana II stretches the chest, shoulders, and upper back, while also releasing tension in the neck and improving spinal flexibility. It can also help to calm the mind and promote relaxation. Regular practice can also help to improve posture and reduce stress.","Avoid this pose if you have any neck or shoulder injuries, or if you experience any discomfort or pain in these areas. Pregnant women should also modify the pose by using additional support under the back.","Inhale deeply, feeling the chest expand and the shoulders relax. Exhale slowly, allowing the body to sink deeper into the stretch.","Hold the pose for 3-5 minutes, breathing deeply and slowly. You can also repeat the pose for 2-3 rounds, resting for 30 seconds to 1 minute between each round.","Use a block or strap to support the back and shoulders if you experience any discomfort. You can also place a folded blanket or towel under the neck for extra support. If you find it difficult to bind your hands behind your back, use a strap to connect your hands.","1. Lie on your back with your knees bent and feet flat on the ground. Bring your feet together, with the soles of the feet touching. 2. Extend your arms overhead, then bend your elbows and bring your hands behind your back, binding them with your fingers. 3. Gently press your hands into the ground, lifting your chest and shoulders off the ground. 4. Release your head and neck, allowing your body to relax and sink deeper into the stretch. 5. Breathe deeply, feeling the stretch in your chest and shoulders."
88,Adho Mukha Svanasana II,Adho Mukha Svanasana II,standing,beginner,"Adho Mukha Svanasana II, also known as Downward-Facing Dog II, provides an excellent stretch for the hamstrings, calves, and spine, while also strengthening the arms and shoulders. This pose also calms the mind and can help alleviate stress and anxiety. Additionally, it can improve circulation and balance.","Avoid this pose if you have any wrist injuries or carpal tunnel syndrome, as it can put pressure on your wrists. Also, if you have any neck or shoulder injuries, it's best to modify the pose or avoid it altogether.","Inhale as you lift your hips up and back, lengthening your spine. Exhale as you ground your heels and hands, engaging your core and stretching your entire body.","Hold the pose for 5-10 breaths, or 30-60 seconds, and repeat 2-3 times.","For a modification, you can bend your knees slightly to reduce the stretch in your calves and hamstrings. You can also use a block or a strap to support your hands or heels. For a deeper stretch, you can lift your heels off the ground and balance on your toes.","1. Start on all fours (tabletop position) with your hands shoulder-width apart and your knees directly under your hips. 2. Walk your hands forward a few inches and lift your hips up and back, straightening your arms and legs as much as possible. 3. Keep your palms and heels grounded, engage your core, and stretch your entire body, feeling the length in your spine and the opening in your chest. 4. Hold the pose, breathing deeply and feeling the stretch in your hamstrings, calves, and spine."
89,Baddha Konasana,Baddha Konasana,seated,beginner,"Baddha Konasana, or Bound Angle Pose, offers numerous physical and mental benefits, including stretching and opening the hips and thighs, relieving menstrual cramps, and calming the mind. Regular practice of this pose can also improve posture, increase flexibility, and promote relaxation. Additionally, it can help to release tension in the lower back and improve overall circulation.","Avoid practicing Baddha Konasana if you have severe knee or hip injuries, or if you experience any sharp pain or discomfort in your joints while attempting the pose. Pregnant women should also approach this pose with caution and modify it to avoid putting pressure on the abdomen.","Inhale deeply, feeling the chest expand and the spine lengthen. Exhale slowly, folding forward and releasing any tension in the hips and thighs.","Hold the pose for 3-5 breaths, or up to 30 seconds if you feel comfortable. Repeat 2-3 times, taking breaks to release and rest if needed.","To modify Baddha Konasana, you can use a block or strap to support your knees or hips if they feel strained. You can also place a folded blanket under your hips for extra support. For a more gentle stretch, you can practice Supta Baddha Konasana, where you lie on your back and bring your knees into the bound angle position.","1. Begin by sitting on the floor with your legs straight out in front of you. Take a deep breath in, feeling your spine lengthen and your chest expand. 2. As you exhale, slowly bring the soles of your feet together, allowing your knees to fall apart and your hips to open. 3. Take hold of your ankles or shins with your hands, gently pulling your heels towards your pelvis. 4. As you inhale, lengthen your spine and feel the stretch in your hips and thighs. As you exhale, fold forward, releasing any tension and deepening the stretch."
90,Bhujangasana II,Bhujangasana II,backbend,beginner,"Bhujangasana II strengthens the muscles of the back, shoulders, and arms, while also opening the chest and improving flexibility in the upper body. This pose can also help to relieve stress and anxiety by releasing tension in the neck and shoulders. Additionally, it can improve posture and reduce the risk of back pain.","Avoid Bhujangasana II if you have any neck or spine injuries, or if you experience any discomfort or pain in the neck or shoulders while practicing the pose. Pregnant women and people with high blood pressure should also avoid this pose or modify it under the guidance of a qualified yoga instructor.",Inhale as you press your palms into the ground and lift your chest and head off the mat. Exhale as you lower back down to the starting position.,"Hold the pose for 3-5 breaths, repeating for 2-3 rounds.","To make the pose more accessible, place your forearms on the ground instead of your palms, or use a block or strap to support your chest and head. For a deeper stretch, lift your legs off the ground and balance on your palms and toes.","Step 1: Lie on your stomach with your hands under your shoulders and your fingers spread wide. Step 2: Inhale and press your palms into the ground, lifting your chest and head off the mat. Step 3: Keep your shoulders down and away from your ears, and engage your back muscles to support your chest and head. Step 4: Gaze forward and slightly upward, keeping your neck long and relaxed. Step 5: Exhale and slowly lower back down to the starting position."
91,Supta Matsyendrasana III,Supta Matsyendrasana III,twist,beginner,"Supta Matsyendrasana III provides a gentle twist to the spine, hips, and torso, which can help improve flexibility and range of motion, while also relieving stress and promoting relaxation. This pose can also help to stretch and open the chest, shoulders, and upper back. Regular practice can lead to improved posture and reduced muscle tension.","Avoid this pose if you have any neck or spine injuries, or if you experience any discomfort or pain in the neck, shoulders, or upper back. Pregnant women should also modify or avoid this pose, especially in the later stages of pregnancy.","Inhale as you lengthen the spine and prepare to twist, exhale as you twist to one side, and inhale as you return to the center. Repeat on the other side.","Hold the pose for 3-5 breaths on each side, and repeat 2-3 times on each side.","For a more gentle twist, bend the knees and bring the feet together. You can also use a block or strap to support the knee or ankle if you experience any discomfort. If you have any neck issues, keep the head in a neutral position or use a block under the head for support.","1. Lie on your back with your knees bent and feet flat on the mat, hip-width apart. 2. Let your knees fall to one side, keeping your spine long and your shoulders relaxed. 3. Bring your hand to the outside of the knee and gently press it down towards the floor, deepening the twist. 4. Keep your chest open and your shoulders relaxed, and gaze straight up or towards the ceiling."
92,Anjaneyasana III,Anjaneyasana III,lunge,beginner,"Anjaneyasana III stretches the hip flexors, quadriceps, and chest, improving flexibility and balance. It also strengthens the ankles and knees. Mentally, this pose cultivates focus and concentration by requiring balance and control.",Avoid this pose if you have knee injuries or severe hip problems. People with high blood pressure should also approach with caution.,Inhale deeply as you step forward with your right foot and lower your torso. Exhale slowly as you bend your back knee and stretch your arms up.,"Hold the pose for 3-5 breaths on each side, repeating 2-3 times.","For beginners, use a block or a strap to support the back knee or to deepen the stretch. You can also keep your back knee slightly bent to reduce pressure.","1. Start in a high lunge position with your right foot forward and your left foot back. 2. Slowly lower your left knee to the ground, keeping your right thigh parallel to the ground. 3. Stretch your arms up towards the ceiling, looking forward and keeping your spine long. 4. Engage your core and balance on your right leg, feeling the stretch in your left hip and chest."
93,Baddha Padottanasana,Baddha Padottanasana,standing,beginner,"Baddha Padottanasana, or Bound Angle Pose, provides physical benefits such as stretching and opening the hips, groin, and legs, while also relieving tension in the lower back. Mentally, it promotes relaxation and calmness, helping to reduce stress and anxiety. Additionally, it can improve flexibility and balance.","Avoid practicing Baddha Padottanasana if you have any knee injuries or chronic knee pain, as it may exacerbate the condition. Pregnant women should also approach with caution and modify the pose if necessary.","Inhale and lengthen the spine, feeling the expansion in the chest and lungs. Exhale and fold forward, reaching for the ground or blocks, and feel the release of tension in the hips and legs.","Hold the pose for 3-5 breaths, feeling the stretch deepen with each exhalation. Repeat 2-3 times, resting in between if needed.","For a more accessible variation, use blocks or a strap under the hands to reduce the depth of the forward bend. Alternatively, practice the pose with the back against a wall for support and balance.","1. Stand with your feet wide apart, toes facing outward, and your hands on your hips. Engage your core and lengthen your spine. 2. Inhale and lengthen the spine, feeling the expansion in the chest and lungs. 3. Exhale and fold forward, reaching for the ground or blocks, and interlace your fingers behind your back, binding the arms. 4. Keep your knees slightly bent if necessary, and feel the stretch in your hips, groin, and legs."
94,Bharadvajasana III,Bharadvajasana III,twist,beginner,"Bharadvajasana III offers numerous physical and mental benefits, including stretching the spine, hips, and torso, while also improving digestion, reducing stress, and calming the mind. Regular practice can also increase flexibility, balance, and overall well-being. Additionally, this pose can help to quiet the nervous system, promoting relaxation and reducing anxiety.","Avoid practicing Bharadvajasana III if you have any severe spinal injuries, recent surgeries, or chronic conditions such as herniated discs, sciatica, or osteoporosis. Also, be cautious if you have any neck or shoulder injuries.","Inhale deeply as you lengthen your spine and prepare for the twist. Exhale slowly as you twist to the right, allowing your hips and torso to release. Inhale again as you lengthen and exhale slowly as you twist to the left.","Hold the pose for 3-5 breaths on each side, or for 30 seconds to 1 minute on each side.","For beginners or those with limited flexibility, you can use a block or strap to support your hand or foot. You can also practice the pose with a gentler twist or reduce the depth of the twist. Additionally, you can modify the pose by keeping your legs straight instead of bending them.","1. Begin by sitting on the floor with your legs crossed in front of you, with your right foot on top of your left. 2. Lengthen your spine and take a deep breath in, then exhale slowly as you twist your torso to the right, keeping your hips facing forward. 3. Place your right hand on the outside of your left knee and gently deepen the twist, keeping your shoulders relaxed and your chest open. 4. Hold the pose for 3-5 breaths, then release and repeat on the left side."
95,Urdhva Dhanurasana II,Urdhva Dhanurasana II,backbend,intermediate,"Urdhva Dhanurasana II strengthens the back muscles, opens the chest and shoulders, and can help improve flexibility in the spine and hips. This pose can also help build confidence and reduce stress and anxiety by releasing tension and promoting a sense of expansion and freedom. Regular practice can also improve balance and overall physical alignment.","Avoid Urdhva Dhanurasana II if you have a neck or back injury, or if you experience any discomfort or pain in your spine or shoulders. Pregnant women should also avoid this pose or modify it under the guidance of a qualified instructor.","Inhale as you lift your hips and chest, feeling the expansion in your spine and shoulders. Exhale as you settle into the pose, engaging your core and maintaining control.","Hold Urdhva Dhanurasana II for 3-5 breaths, or as long as feels comfortable and safe. You can also repeat the pose 2-3 times, resting in a neutral position between repetitions.","Use blocks or a strap under your hands or feet if you're unable to reach the ground or maintain proper alignment. You can also modify the pose by keeping your knees slightly bent or using a wall for support. For a deeper stretch, try lifting your heels or toes off the ground.","1. Lie on your back and bend your knees, bringing your feet close to your hips. 2. Place your hands under your shoulders, fingers spread wide, and lift your hips and chest off the ground, straightening your arms and legs as much as possible. 3. Press your palms and heels into the ground, engaging your core and maintaining control as you lift and expand your chest and shoulders. 4. Keep your neck long and your chin slightly tucked, avoiding any strain or discomfort in your neck or shoulders."
96,Tittibhasana,Tittibhasana,balancing,intermediate,"Tittibhasana strengthens the arms, shoulders, and core, while improving balance and focus. It also stretches the chest and shoulders, promoting flexibility and reducing tension. Regular practice can also calm the mind and promote mental clarity.","Avoid Tittibhasana if you have wrist or shoulder injuries, or if you experience dizziness or vertigo. Pregnant women and those with severe balance issues should also modify or avoid this pose.","Inhale as you lift your legs and balance, exhale as you engage your core and maintain the pose. Continue to breathe naturally, avoiding holding your breath.","Hold Tittibhasana for 3-5 breaths, or as long as you feel balanced and comfortable. Repeat on the other side if desired.","Use a block or support under your hands for added stability. Alternatively, practice the pose with your knees slightly bent or with one leg lifted instead of both.","1. Begin in a tabletop position on your hands and knees. Engage your core and lift your right leg off the ground, keeping it straight. 2. As you balance on your left leg, slowly lift your left leg off the ground, keeping it straight and parallel to the right leg. 3. Balance on your hands, with your legs lifted and parallel to each other, engaging your core and maintaining a straight line from head to heels."
97,Astavakrasana III,Astavakrasana III,twist,advanced,"Astavakrasana III strengthens the core, arms, and legs, while also stretching the chest, shoulders, and spine. This pose can improve balance, focus, and overall flexibility. It also helps to detoxify the body by stimulating the digestive system.","Avoid this pose if you have any injuries or conditions affecting the wrists, shoulders, hips, or spine, such as carpal tunnel syndrome, rotator cuff injuries, or herniated disks.","Inhale deeply to prepare for the pose, exhale to twist and fold, inhale to lift and balance, and exhale to release and come out of the pose.","Hold the pose for 3-5 breaths, or 15-30 seconds, and repeat 2-3 times on each side.","For a easier variation, try using blocks or straps to support the arms and legs, or practice Astavakrasana I or II before progressing to Astavakrasana III. You can also practice this pose against a wall for added support and balance.","Step 1: Start in a high lunge position with your right foot forward and your left foot back, with your hands on the ground beside your front foot. Step 2: Twist your torso to the right and place your right hand on the outside of your right knee, then lift your left leg off the ground and place it on the outside of your right leg. Step 3: Extend your left arm up and over your head, keeping your spine long and your core engaged, and balance on your right arm and leg. Step 4: Gaze forward and down, engaging your core and maintaining balance. Step 5: To release, exhale and slowly lower your left leg back down to the ground, then repeat on the other side."
98,Viparita Dandasana,Viparita Dandasana,inversion,advanced,"Viparita Dandasana stretches and strengthens the entire back side of the body, from the shoulders to the heels, while also opening the chest and improving flexibility in the shoulders and upper back. It can help to relieve stress and anxiety by reversing the flow of blood to the brain and calming the nervous system. Additionally, it can help to improve balance, focus, and overall physical awareness.","Avoid Viparita Dandasana if you have any neck or spine injuries, high blood pressure, or if you are menstruating or pregnant. It's also recommended to avoid this pose if you have any shoulder or wrist injuries.","Inhale: Lengthen the spine and engage the core. Exhale: Slowly lower the body down into the inversion, keeping the legs straight and the torso long. Continue to breathe deeply and smoothly while in the pose.","Hold Viparita Dandasana for 3-5 breaths, or up to 30 seconds. Repeat 2-3 times, resting for a few breaths between repetitions.","To make Viparita Dandasana more accessible, you can start by practicing with your legs bent and your feet flat on the ground, or by using a wall for support. You can also use blocks or straps to help deepen the stretch and maintain proper alignment.","1. Start by sitting on the floor with your legs straight out in front of you. Place your hands on the ground beside your hips and engage your core. 2. Inhale and lengthen the spine, then exhale and slowly lower your body down into the inversion, keeping your legs straight and your torso long. 3. Continue to breathe deeply and smoothly, feeling the stretch in your back, shoulders, and chest. 4. To come out of the pose, inhale and slowly lift your body back up to a seated position."
99,Kapotasana,Kapotasana,backbend,advanced,"Kapotasana, or Pigeon Pose, is an advanced backbend that strengthens the back muscles, opens the chest and shoulders, and improves flexibility in the hips and thighs. It also stimulates the thyroid gland and can help alleviate symptoms of depression and anxiety. Regular practice of Kapotasana can increase energy and vitality.","Avoid Kapotasana if you have any neck or spine injuries, or if you experience any discomfort or pain in your neck or back. Additionally, pregnant women and individuals with high blood pressure should also avoid this pose.","Inhale deeply and lengthen your spine, exhale slowly as you fold forward and deepen the backbend.","Hold the pose for 3-5 breaths, or as long as you feel comfortable, and repeat 2-3 times.","For a modified version of Kapotasana, you can place your forearms on the ground instead of your palms, or use a block under your forehead for support. Alternatively, you can practice a milder backbend, such as Ustrasana (Camel Pose), to build up to Kapotasana.","1. Start on your hands and knees, with your hands shoulder-width apart and your knees directly under your hips. 2. Walk your hands forward a few inches and lower your forehead to the ground, keeping your elbows slightly bent. 3. As you exhale, lift your hips and chest, keeping your palms and forehead on the ground, and deepen the backbend, stretching your chest and shoulders. 4. Engage your back muscles and maintain the pose, feeling the stretch in your hips and thighs. 5. To release, slowly lower your hips and chest back down to the starting position."
100,Vrschikasana,Vrschikasana,inversion,advanced,"Vrschikasana, or Scorpion Pose, offers numerous physical and mental benefits. Physically, it strengthens the arms, shoulders, and core, while also improving flexibility in the chest and shoulders. Mentally, it can help build confidence and balance, as it requires focus and control.","Avoid practicing Vrschikasana if you have any neck or back injuries, or if you are experiencing high blood pressure or dizziness. Pregnant women and individuals with weak wrists or shoulders should also modify or avoid this pose.","Inhale as you lift your legs and torso off the ground, and exhale as you lower your chest and head towards the ground. Continue to breathe smoothly and naturally throughout the pose.","Hold Vrschikasana for 3-5 breaths, or as long as you feel comfortable and balanced.","For beginners or those who need extra support, try using a block or strap to support the chest and shoulders. You can also modify the pose by keeping the knees bent or using a wall for balance.","1. Start in a forearm balance position (Pincha Mayurasana) with your forearms on the ground and your elbows directly under your shoulders. 2. Engage your core and lift your legs off the ground, keeping them straight and together. 3. As you lift your legs, begin to arch your back and lift your chest and head off the ground, keeping your shoulders down and away from your ears. 4. Continue to lift and balance, keeping your body in a smooth, curved line from head to heels."
101,Karandavasana,Karandavasana,balancing,advanced,"Karandavasana strengthens the arms, shoulders, and core, while also challenging balance and focus. It can help improve overall physical stability and mental concentration. Regular practice of this pose can also enhance overall flexibility and posture.","Avoid Karandavasana if you have any shoulder or wrist injuries, or if you experience dizziness or lightheadedness. Pregnant women and individuals with high blood pressure should also modify or avoid this pose.","Inhale deeply as you lift your legs up, exhale slowly as you balance, and inhale again to come out of the pose.","Hold Karandavasana for 3-5 breaths, or as long as you can maintain balance and control. Practice 2-3 repetitions on each side.","To modify Karandavasana, use a block or strap to support your legs or try lifting only one leg at a time. You can also practice the pose with your knees bent to reduce the challenge on your core and balance.","1. Start in Crow Pose (Bakasana) with your hands shoulder-width apart and your knees bent. 2. Lift your legs up and balance on your hands, keeping your body in a straight line from head to heels. 3. Engage your core and maintain control, gazing forward and keeping your breath steady. 4. To come out of the pose, slowly lower your legs back down into Crow Pose and then release onto your heels. 5. Repeat on the other side, if desired."
102,Eka Pada Viparita Dandasana III,Eka Pada Viparita Dandasana III,inversion,advanced,"Eka Pada Viparita Dandasana III stretches and strengthens the entire back, shoulders, and chest, while also improving spinal flexibility and balance. Regular practice can also stimulate the nervous system, leading to increased energy and focus. Additionally, this pose can help alleviate stress and anxiety by promoting relaxation and calmness.","Avoid this pose if you have severe neck or back injuries, high blood pressure, or are pregnant. It is also not recommended for those with glaucoma or detached retinas due to the inverted position.","Inhale as you lift your legs and torso, exhale as you lower your arms and deepen the stretch. Maintain a steady, slow breathing pattern while holding the pose.","Hold the pose for 3-5 breaths, or as long as feels comfortable and balanced.","To make the pose more accessible, try using a block or strap to support your hands or feet. Alternatively, practice the pose with both legs lifted instead of just one, or use a wall for support.","1. Begin in a seated forward bend, then lift your legs off the ground and balance on your hands and one leg. 2. Inhale and lift your torso and legs further, reaching your arms back and your chest forward. 3. Exhale and deepen the stretch, engaging your core and maintaining balance. 4. Hold the pose and focus on your breath, then slowly lower down to the starting position."
103,Titibhasana III,Titibhasana III,balancing,advanced,"Titibhasana III strengthens the arms, shoulders, and core muscles while also improving balance and focus. It can help to build confidence and self-awareness. Regular practice of this pose can also improve overall physical and mental stability.","Avoid Titibhasana III if you have any shoulder or wrist injuries, or if you experience dizziness or lightheadedness. Pregnant women and people with high blood pressure should also avoid this pose or modify it under the guidance of an experienced yoga teacher.","Inhale as you lift your legs off the ground, exhale as you balance, and maintain a steady breath throughout the hold.","Hold Titibhasana III for 3-5 breaths, or as long as you can maintain balance and control. Repeat on both sides.","Use blocks or straps to support your arms or legs if needed. You can also practice a variation with your legs lifted but not crossed, or with one leg lifted at a time. For an easier option, try practicing on your knees instead of your toes.","1. Start in a high lunge position with your right foot forward and your left foot back. Bend your front knee and stretch your arms out to the sides. 2. Lift your back leg off the ground and cross it over your front leg, bringing your ankle towards your opposite knee. 3. Balance on your front leg and arms, lifting your chest and engaging your core muscles. 4. Gaze forward and maintain a steady breath, feeling the balance and stability in your body."
104,Bakasana III,Bakasana III,balancing,advanced,"Bakasana III, also known as Crow Pose III, strengthens the arms, shoulders, and core, while also improving balance and focus. This pose can help to build confidence and concentration, promoting a sense of calm and clarity. Regular practice of Bakasana III can also improve overall physical awareness and coordination.","Avoid practicing Bakasana III if you have any wrist or shoulder injuries, or if you experience dizziness or lightheadedness. Pregnant women should also avoid this pose due to the balance and pressure on the joints.","Inhale deeply, engaging the core and lengthening the spine. Exhale slowly, lifting the legs off the ground and balancing on the arms.","Hold the pose for 3-5 breaths, or as long as you feel comfortable and balanced. Practice 2-3 repetitions on each side.","For an easier variation, try practicing Bakasana II, where the knees are bent and the feet are closer to the hips. You can also use blocks or a wall for support, or practice the pose with a shorter lift off the ground.","1. Start in a squatting position with your feet hip-width apart, toes pointing slightly outward. Place your hands on the ground in front of you, shoulder-width apart, and engage your core. 2. Inhale deeply, lengthening the spine and lifting the chest. Exhale slowly, lifting the legs off the ground and balancing on the arms. 3. As you balance, focus on a point in front of you and engage the core, keeping the body straight and the arms strong. 4. To release, slowly lower the legs back down to the ground and take a deep breath in."
105,Viparita Dandasana II,Viparita Dandasana II,inversion,advanced,"Viparita Dandasana II strengthens the back and shoulder muscles while opening the chest, improving flexibility and posture. It also stimulates the thyroid gland, promoting hormonal balance, and calms the nervous system, reducing stress and anxiety. This inversion also stretches the entire back side of the body, from shoulders to heels.","Avoid this pose if you have severe neck or back injuries, high blood pressure, or are menstruating. It's also not recommended for pregnant women, especially in the later stages.","Inhale: Lengthen the spine and lift the chest, engaging the back muscles. Exhale: Release any tension, feeling the stretch in the back and shoulders.","Hold for 5-10 breaths, or as long as feels comfortable for you.","For a modified version, use a block or strap for support under the shoulders or hands. You can also practice with a wall for added stability, or try a gentle variation with bent knees and a lifted torso.","1. Begin by lying on your back with your arms at your sides, then bend your knees and place your feet flat on the ground. 2. Lift your hips and torso, placing your palms on the ground beside your head, with your fingers spread wide. 3. Straighten your arms and lift your torso and legs, balancing on your hands and the crown of the head, keeping your body in a straight line from head to heels. 4. Engage your back muscles and lengthen the spine, feeling the stretch in the back and shoulders."
106,Astavakrasana IV,Astavakrasana IV,twist,advanced,"Astavakrasana IV provides numerous benefits, including stretching the shoulders, chest, and spine, while also strengthening the arms, wrists, and abdominal muscles. This pose also stimulates digestion and can help relieve stress and anxiety. It can also improve balance, focus, and overall mental well-being.","Avoid Astavakrasana IV if you have any wrist or shoulder injuries, or if you experience dizziness or lightheadedness. Pregnant women should also avoid this pose or modify it under the guidance of an experienced instructor.","Inhale: Lengthen the spine and prepare for the twist. Exhale: Twist the torso and lift the legs. Hold the breath for a brief moment, then inhale to deepen the pose. Exhale to slowly release.","Hold Astavakrasana IV for 3-5 breaths on each side, or as long as feels comfortable and safe.","To modify Astavakrasana IV, you can start by practicing the foundational twist with the legs bent and the feet flat on the ground. You can also use a block or strap to support the legs or torso. Another option is to practice the pose with one leg lifted at a time, rather than both legs together.","1. Begin in a seated position with the legs straight out in front of you. Twist the torso to the right and place the right hand on the ground beside you. 2. Bend the right knee and place the right ankle on the left thigh, just above the knee. 3. Extend the left leg and lift it off the ground, balancing on the right hand and the outer edge of the left foot. 4. Deepen the twist and lift the torso, keeping the spine long and the shoulders down. 5. Hold the pose and breathe, then slowly release and repeat on the other side."
107,Eka Pada Bakasana II,Eka Pada Bakasana II,balancing,advanced,"Eka Pada Bakasana II strengthens the arms, shoulders, and core, while also improving balance and focus. It also stretches the chest and shoulders, promoting flexibility and relaxation. Regular practice can also help build confidence and mental clarity.","Avoid this pose if you have any wrist, shoulder, or neck injuries, or if you experience dizziness or lightheadedness. Pregnant women should also avoid this pose, especially in the later stages of pregnancy.","Inhale and lengthen the spine, exhale and bend the arms to lower into the pose. Hold the breath for a brief moment, then inhale and lengthen the spine again to come out of the pose.","Hold the pose for 3-5 breaths, or as long as you can maintain balance and control. Repeat on the other side.","For a modification, try placing a block or strap under the back leg for support, or use a wall for balance assistance. Another option is to practice Eka Pada Bakasana I, which is a similar pose but with the back leg bent.","1. Start in Crow Pose (Bakasana) with your hands shoulder-width apart and your knees bent. 2. Lift your right leg off the ground and extend it behind you, keeping it straight. 3. Balance on your left leg and the balls of your hands, engaging your core and lifting your chest. 4. Hold the pose for 3-5 breaths, gazing forward and keeping your body stable. 5. Slowly lower your right leg back down and repeat on the other side."
108,Dolphin Pose,Ardha Pincha Mayurasana,inversion,intermediate,"Strengthens the arms, shoulders, and core while stretching the hamstrings and calves. Improves balance and prepares the body for more advanced inversions like headstand. Can help relieve stress and mild depression.","Avoid if you have shoulder, neck, or back injuries. Those with high blood pressure or headaches should practice with caution.","Breathe deeply and evenly through the nose, maintaining steady breath throughout the hold.","Hold for 30-60 seconds, repeat 2-3 times",Bend knees slightly if hamstrings are tight. Use blocks under forearms for wrist support. Practice against a wall for stability.,"1. Start on hands and knees, then lower onto forearms with elbows shoulder-width apart. 2. Tuck toes and lift hips up and back, straightening legs as much as comfortable. 3. Press forearms firmly into mat and draw shoulder blades down the back. 4. Keep head relaxed between arms, gaze toward feet. 5. Engage core and press heels toward floor."
109,Revolved Chair Pose,Parivrtta Utkatasana,twist,intermediate,"Strengthens legs, glutes, and core while improving balance and spinal mobility. The twisting action aids digestion and detoxification. Builds heat in the body and improves focus and concentration.","Avoid if you have knee injuries, lower back problems, or severe spinal issues. Those with high or low blood pressure should practice with caution.","Inhale to lengthen spine, exhale to deepen the twist. Maintain steady breathing throughout.","Hold for 30-45 seconds per side, repeat 2-3 times",Keep back heel lifted for easier balance. Use a block under bottom hand for support. Reduce depth of squat if knees are sensitive.,"1. Stand with feet together, bend knees and sink hips into chair pose. 2. Bring palms together at heart center, inhale to lengthen spine. 3. Exhale and twist torso to the right, hooking left elbow outside right thigh. 4. Press palms together to deepen twist, keep knees aligned. 5. Gaze up toward ceiling, hold, then repeat on other side."
