id,pose_name,sanskrit_name,category,difficulty_level,benefits,contraindications,breathing_pattern,duration_or_reps,modifications,instructions
1,Mountain Pose,Tadasana,standing,beginner,"Mountain Pose strengthens the ankles, calves, and spine, improving overall posture and balance. It also helps establish good alignment and promotes mental clarity and focus. Regular practice of Tadasana can reduce stress and anxiety.","Avoid practicing Mountain Pose if you have severe ankle or knee injuries, or if you experience dizziness or lightheadedness. People with severe back problems should also consult with a healthcare professional before practicing this pose.","Inhale: Feel the chest expand and the spine lengthen. Exhale: Engage the core and maintain good posture, feeling grounded and stable.","Hold Mountain Pose for 3-5 breaths, or as long as you feel comfortable and focused. Repeat as needed, using this pose as a transitional or foundational stance.","For beginners, use a block or a wall for support and balance. If you have any knee or ankle issues, practice with a wider stance or use a strap to support the knees. For pregnant women, practice with a wider stance and avoid deep breathing.","1. Stand with your feet hip-width apart, parallel to each other, and facing forward. 2. Engage your core, feel the weight evenly distributed on both feet, and lengthen the spine. 3. Reach your arms up towards the ceiling, palms facing forward, and engage your shoulders down and away from the ears. 4. Keep your head in a neutral position, with your ears in line with your shoulders, and gaze forward."
2,Tree Pose,Vrksasana,balancing,beginner,"Tree Pose (Vrksasana) improves balance, stability, and focus. It strengthens the ankles and calves, while also stretching the spine and hips. Regular practice can also help reduce stress and anxiety by promoting mental clarity and calmness.","Avoid Tree Pose if you have ankle or knee injuries, or if you experience dizziness or lightheadedness. Pregnant women should also modify or avoid this pose, especially in the later stages of pregnancy.","Inhale deeply and lengthen your spine, exhale slowly and engage your core. Continue to breathe naturally and smoothly, maintaining a steady rhythm.","Hold Tree Pose for 30 seconds to 1 minute on each leg, or for 3-5 breaths if you're just starting out. Repeat on the other side and gradually increase the duration as you build balance and confidence.","Use a block or wall for support if you're new to balancing poses. You can also practice Tree Pose with your back against a wall or with a strap around your ankle for added stability. For a more challenging variation, try closing your eyes or lifting your arms overhead.","1. Start by standing on one leg, with the other foot resting against your inner thigh. Engage your core and lift your arms to your hips or overhead. 2. Lengthen your spine and gaze forward, keeping your weight evenly distributed on your standing leg. 3. Press your standing foot into the ground and feel the connection to the earth, maintaining balance and poise. 4. Hold the pose, breathing smoothly and naturally, before slowly releasing and switching legs."
3,Downward-Facing Dog,Adho Mukha Svanasana,standing,beginner,"Downward-Facing Dog stretches and strengthens the entire back side of the body, from the shoulders to the heels, while also improving flexibility and balance. It can also help to calm the mind and reduce stress. Regular practice can also improve circulation and boost energy levels.","Avoid this pose if you have recent injuries to the shoulders, wrists, or ankles, or if you have conditions such as carpal tunnel syndrome or osteoporosis. Pregnant women should also modify or avoid this pose, especially in the later stages of pregnancy.","Inhale as you lift your hips up and back, exhale as you lengthen your spine and engage your core.","Hold for 3-5 breaths, or for 30-60 seconds. Repeat 2-3 times.","For beginners or those with wrist issues, try using blocks or a strap to support the hands. For those with shoulder or back issues, try bending the knees slightly or keeping the elbows slightly bent. Pregnant women can modify by keeping the knees slightly bent and the hips lifted only slightly.","1. Start on all fours, with your hands shoulder-width apart and your knees directly under your hips. 2. Walk your hands forward a few inches and lift your hips up and back, straightening your arms and legs as much as possible. 3. Keep your palms and heels grounded, engage your core, and stretch your chest forward, keeping your head in a neutral position. 4. Lengthen your spine and stretch your entire back side of the body, from the shoulders to the heels."
4,Cobra Pose,Bhujangasana,backbend,beginner,"Cobra Pose strengthens the back muscles, opens the chest, and improves flexibility in the shoulders and upper back. It also helps to relieve stress and anxiety, promoting a sense of calm and relaxation. Regular practice of this pose can also improve breathing capacity and reduce fatigue.","Avoid Cobra Pose if you have a recent back injury, herniated disk, or any serious spinal condition. It's also not recommended for pregnant women, especially in the later stages.","Inhale as you press your palms into the ground and lift your chest and head off the mat, keeping your shoulders down and away from your ears. Exhale as you slowly lower back down to the starting position.","Hold Cobra Pose for 3-5 breaths, or 15-30 seconds, and repeat for 2-3 repetitions.","For a gentler variation, place your forearms on the ground instead of your palms, or use blocks under your hands for extra support. You can also practice a 'baby cobra' by lifting only your head and shoulders off the mat, keeping your chest and upper back on the ground.","1. Lie on your stomach with your hands under your shoulders and your fingers spread wide. Engage your core and feel the ground beneath you. 2. Inhale and press your palms into the ground, lifting your chest and head off the mat. Keep your shoulders down and away from your ears, and engage your upper back muscles. 3. Continue to lift and expand your chest, keeping your neck long and your gaze forward. 4. Hold for 3-5 breaths, feeling the opening in your chest and the strengthening in your back muscles."
5,Cat-Cow Pose,Marjaryasana-Bitilasana,standing,beginner,"The Cat-Cow Pose stretches the spine, neck, and torso, while also improving flexibility and reducing tension. This pose can also help to warm up the body and prepare it for more dynamic movements. Additionally, it can help to calm the mind and promote relaxation.","This pose is generally safe for most people, but those with severe neck injuries or cervical spine problems should avoid it or modify it with caution. Pregnant women should also be cautious and avoid deep arching.","Inhale as you arch your back and lift your head and tailbone (Cow Pose), exhale as you round your back and tuck your chin to your chest (Cat Pose).","Repeat the sequence for 5-10 breaths, moving slowly and smoothly between the Cat and Cow poses.","For a more gentle version, try using a block or strap to support your neck and spine. You can also modify the pose by keeping your knees slightly bent or by using a wall for support.","1. Start on your hands and knees, with your wrists directly under your shoulders and your knees directly under your hips. 2. As you inhale, arch your back and lift your head and tailbone towards the ceiling (Cow Pose). 3. As you exhale, round your back and tuck your chin to your chest, allowing your head and tailbone to drop towards the floor (Cat Pose). 4. Continue to move slowly and smoothly between the Cat and Cow poses, repeating the sequence for 5-10 breaths."
6,Warrior Pose I,Virabhadrasana I,standing,beginner,"Warrior Pose I strengthens the legs, hips, and core, while also stretching the chest and shoulders. It also helps to improve balance, focus, and concentration. Regular practice of this pose can also boost confidence and sense of empowerment.","Avoid Warrior Pose I if you have knee injuries, hip replacements, or chronic back pain. It is also recommended to modify the pose during menstruation or during pregnancy.","Inhale and lengthen the spine, exhale and bend into the front knee. Continue to breathe deeply, feeling the strength and power in the legs and core.","Hold Warrior Pose I for 5-10 breaths, then switch sides and repeat. Practice 2-3 sets on each side.","For beginners or those with knee issues, place a block under the front foot or modify the depth of the bend. You can also use a wall for support or shorten the stride between the feet. For a more restorative version, use a block or strap to support the back leg.","Step 1: Stand with your feet wide apart, with one foot facing forward and the other foot at a 90-degree angle. Step 2: Bend the front knee over the ankle, keeping the back leg straight and engaged. Step 3: Lengthen the spine and reach the arms up towards the ceiling, gazing forward and down slightly. Step 4: Engage the core and feel the strength and power in the legs and hips."
7,Triangle Pose,Trikonasana,standing,beginner,"Triangle Pose (Trikonasana) is a foundational standing pose that offers numerous physical and mental benefits. Physically, it stretches the hips, thighs, and spine, while strengthening the core and improving balance. Mentally, it cultivates focus, confidence, and a sense of grounding and stability.","Avoid Triangle Pose if you have any severe back or neck injuries, or if you are experiencing symptoms of sciatica or herniated discs. Pregnant women should also practice with caution and modify the pose as needed.","Inhale as you reach your arms up and lengthen your spine, exhale as you fold to the right and slide your right hand down your leg.","Hold the pose for 30 seconds to 1 minute on each side, breathing deeply and smoothly.","For a more accessible version, use a block or strap to support your hand on the leg. You can also bend your front knee slightly or use a wall for balance support. For a deeper stretch, try reaching your top arm up towards the ceiling or sliding your bottom hand down your leg further.","1. Stand with your feet wide apart, with one foot facing forward and the other foot at a 90-degree angle. Reach your arms up towards the ceiling, parallel to each other. 2. Exhale and fold to the right, sliding your right hand down your leg towards the ankle. Stretch your spine and reach your left arm up towards the ceiling. 3. Keep your hips open and your spine long, gazing forward or up towards your top hand. 4. Repeat on the other side."
8,Seated Spinal Twist,Bharadvajasana,twist,beginner,"Seated Spinal Twist (Bharadvajasana) is a beginner-friendly pose that offers various physical and mental benefits. Physically, it helps to stretch and mobilize the spine, hips, and torso, improving flexibility and reducing tension. Mentally, this pose can help calm the mind, reduce stress, and promote a sense of clarity and focus.","Avoid practicing Seated Spinal Twist if you have severe back problems, such as herniated disks or spinal injuries, or if you have recently experienced a neck or spine injury. Pregnant women should also practice with caution and modify the pose to avoid putting pressure on the abdomen.","Inhale as you lengthen your spine and prepare for the twist. Exhale as you twist to the right (or left), keeping your hips facing forward. Inhale to return to the center, and exhale to release any tension.","Hold the Seated Spinal Twist for 3-5 breaths on each side, repeating the sequence 2-3 times.","For a more accessible version, place a block or strap under your knee or use a wall for support. You can also practice a gentle twist by turning only your torso, keeping your hips facing forward. For a deeper stretch, place your right hand on the outside of your left knee or vice versa.","1. Sit on the floor with your legs crossed, with your right leg on top of your left. Lengthen your spine and engage your core. 2. Place your right hand on the outside of your left knee, and gently twist your torso to the right, keeping your hips facing forward. 3. Keep your left hand on the floor beside you for support, and gaze over your right shoulder. 4. As you inhale, lengthen your spine, and as you exhale, deepen the twist. 5. Repeat on the other side by crossing your legs the opposite way and twisting to the left."
9,Bridge Pose,Setu Bandha Sarvangasana,backbend,beginner,"Bridge Pose strengthens the back muscles, opens the chest, and improves spinal flexibility, while also reducing stress and anxiety by releasing tension in the neck and shoulders. It also stimulates the thyroid gland and can help alleviate symptoms of menopause. Regular practice can also improve overall posture.","Avoid Bridge Pose if you have a neck injury or condition, such as a herniated disk or osteoporosis, as it may put pressure on the neck. It's also not recommended during pregnancy or menstruation.","Inhale as you lift your hips, exhale as you lower them back down. Take slow, deep breaths while holding the pose.","Hold the pose for 3-5 breaths, repeat for 3-5 repetitions.","For a gentler variation, place a block or strap under your hips for support. You can also use a wall for support, with your feet a few inches away from the wall. If you have tight shoulders or chest, try placing a block or strap under your upper back for a more comfortable stretch.","1. Lie on your back with your knees bent and feet hip-width apart, arms at your sides. 2. Inhale and lift your hips, squeezing your glutes and lower back muscles as you lift. 3. Hold the pose, keeping your shoulders and chest open, and engage your core muscles to support your lift. 4. Exhale and slowly lower your hips back down to the starting position."
10,Plank Pose,Phalakasana,standing,beginner,"Plank Pose (Phalakasana) strengthens the arms, shoulders, and core muscles, improving overall physical stability and endurance. It also helps to engage the mind and promote focus, concentration, and mental clarity. Regular practice of Phalakasana can also improve posture and reduce back pain.","Avoid Plank Pose if you have any wrist or shoulder injuries, or if you experience any discomfort or pain in these areas. Pregnant women should also modify or avoid this pose, especially in the later stages of pregnancy.","Inhale: Engage your core and straighten your arms, feeling the expansion in your chest. Exhale: Maintain a straight line from head to heels, feeling the length and stability in your body.","Hold Plank Pose for 3-5 breaths, or 30-60 seconds, and repeat for 2-3 sets.","For a modified version, drop your knees to the ground, reducing the pressure on your wrists and shoulders. You can also use a block or strap to support your wrists or deepen the stretch. For those with shoulder injuries, try using a wall for support or substituting with a tabletop position on your hands and knees.","1. Start in a high push-up position with your hands shoulder-width apart and your arms straight. 2. Engage your core muscles by drawing your navel towards your spine, and straighten your arms and legs. 3. Keep your body in a straight line from head to heels, feeling the length and stability in your body. 4. Look down slightly, keeping your neck long and your shoulders relaxed."
11,Seated Forward Fold With Legs Wide,Prasarita Padottanasana,forward_fold,beginner,"Seated Forward Fold With Legs Wide (Prasarita Padottanasana) stretches the hips, calves, and spine, improving flexibility and balance. It also calms the mind and relieves stress, promoting relaxation and reducing anxiety. Additionally, this pose can help alleviate lower back pain and sciatica.","Avoid this pose if you have a recent or severe back injury, or if you experience any sharp pain or discomfort in your knees, hips, or lower back. Pregnant women should also approach this pose with caution and modify it to avoid deep stretching.","Inhale: Lengthen your spine and extend your arms up. Exhale: Fold forward, reaching for your toes or shins, and lower your head towards the ground.","Hold the pose for 3-5 breaths, or 30 seconds to 1 minute, and repeat 2-3 times.","For a more accessible version, place your hands on blocks or the ground in front of you, or use a strap to deepen the stretch without straining your back. You can also bend your knees slightly to reduce pressure on your joints.","1. Sit on the ground with your legs wide apart, toes pointing up. 2. Inhale and lengthen your spine, extending your arms up towards the ceiling. 3. Exhale and fold forward, reaching for your toes or shins, and lower your head towards the ground, keeping your knees slightly bent if necessary. 4. Keep your arms extended or place your hands on the ground in front of you, and engage your core to maintain balance. 5. Hold the pose, breathing deeply, and then slowly come up to seated on an inhale."
12,Sphinx Pose,Salamba Bhujangasana,backbend,beginner,"The Sphinx Pose strengthens the back muscles, opens the chest and shoulders, and can help improve flexibility and posture. It also stimulates the thyroid gland and can be beneficial for relieving stress and anxiety. Additionally, this pose can help increase energy and vitality.","Avoid this pose if you have any neck or back injuries, or if you have a recent shoulder injury. Also, pregnant women should avoid this pose or modify it to avoid putting pressure on the abdomen.","Inhale and lengthen the spine, feeling the chest expand and the shoulders roll back. Exhale and gently press the palms into the ground, engaging the back muscles.","Hold the pose for 5-10 breaths, or 30-60 seconds.","To make the pose easier, you can place a block or strap under your chest for support, or bring your knees closer together to reduce the strain on the back. You can also place a folded blanket under your forearms for extra comfort.","1. Lie on your stomach with your forearms on the ground and your elbows directly under your shoulders. 2. Press your palms into the ground and slowly lift your chest and head off the ground, keeping your shoulders down and away from your ears. 3. Engage your back muscles and lengthen your spine, feeling the expansion in your chest and shoulders. 4. Gaze forward and slightly down, keeping the neck long and relaxed. 5. Hold the pose, breathing deeply and feeling the energy and opening in your upper body."
13,Child's Pose,Balasana,restorative,beginner,"Child's Pose (Balasana) provides physical benefits by stretching the back, hips, and legs, while also relieving tension in the neck and shoulders. Mentally, it calms the mind, reduces stress and anxiety, and promotes relaxation. Regular practice can also help improve sleep quality.","Avoid Child's Pose if you have any knee injuries or recent knee surgeries, as it may put pressure on the knee joint. Pregnant women should also modify the pose by keeping their knees slightly apart to avoid putting pressure on the abdomen.","Inhale deeply, feeling the chest expand and the body relax. Exhale slowly, allowing the body to release any tension or stress.","Hold Child's Pose for 5-10 deep breaths, or as long as you feel comfortable and relaxed.","For a more accessible version, you can place a block or pillow under your forehead for support, or use a folded blanket under your knees for extra cushioning. If you have any discomfort in your hips or knees, you can also try widening your knees slightly or using a strap to support your body.","1. Kneel on the mat with your knees wide apart, then sit back onto your heels. 2. Stretch your arms out in front of you, lower your forehead to the ground, and breathe deeply. 3. Allow your body to relax, feeling the weight of your torso sinking into the ground. 4. As you inhale, feel the expansion in your chest and the relaxation in your body. 5. As you exhale, feel any tension or stress release and melt away."
14,Pigeon Pose,Eka Pada Rajakapotasana,forward_fold,intermediate,"Pigeon Pose (Eka Pada Rajakapotasana) provides numerous physical benefits, including hip flexor stretch, lower back opening, and improved balance and flexibility. Mentally, it helps cultivate focus, patience, and inner awareness. Regular practice can also alleviate sciatica pain and tension in the hips and glutes.","Avoid Pigeon Pose if you have knee injuries or recent surgeries, as it may put pressure on the joints. Additionally, individuals with severe hip or back problems should modify or avoid this pose entirely.","Inhale: Lengthen the spine and torso as you settle into the pose. Exhale: Fold forward, deepening the stretch in the hips and glutes.","Hold the pose for 3-5 breaths or 30-60 seconds on each side, repeating 2-3 times.","For a more accessible variation, try a 'supported pigeon' by placing a block or cushion under the forehead or torso for support. Alternatively, practice 'reclined pigeon' by lying on your back with the legs in the same position, reducing pressure on the knees and hips.","Step 1: Begin on all fours, with your hands shoulder-width apart and your knees directly under your hips. Step 2: Bring your right knee forward, placing your ankle in front of your left hip. Lower your hips down towards the ground, stretching the back leg. Step 3: Extend your arms out in front, folding your torso down towards the ground. Step 4: Breathe deeply, feeling the stretch in your hips and glutes. Step 5: Switch sides, repeating the process with the left leg forward."
15,Seated Leg Stretch,Akarna Dhanurasana,forward_fold,intermediate,"Akarna Dhanurasana, or Seated Leg Stretch, stretches the hamstrings, calves, and spine, improving flexibility and balance. It also stimulates the abdominal organs and can help alleviate symptoms of sciatica. Additionally, this pose can calm the mind and reduce stress by promoting relaxation and focus.","Avoid practicing Akarna Dhanurasana if you have severe back problems, knee injuries, or recent abdominal surgery. Pregnant women should also avoid this pose, especially in the later stages of pregnancy.","Inhale and lengthen your spine, exhale and fold forward, keeping your knees slightly bent if necessary. Continue to breathe deeply, inhaling to lengthen and exhaling to deepen the stretch.","Hold the pose for 3-5 breaths, repeating 2-3 times on each side.","For a more accessible version, place a block or strap under your forehead or use a folded blanket under your knees for support. You can also use a strap around the ball of your foot to deepen the stretch without straining your back.","1. Sit on the floor with your legs straight out in front of you, then bend your right knee and place your right foot on the inside of your left thigh. 2. Lengthen your spine, inhale, and reach forward to grab your left ankle or toe. 3. Exhale and fold forward, keeping your left knee slightly bent if necessary, stretching your left leg and spine. 4. Hold and breathe, feeling the stretch in your hamstring and calf, then slowly release and repeat on the other side."
16,Side Angle Pose,Utthita Parshvakonasana,standing,intermediate,"Utthita Parshvakonasana, or Side Angle Pose, provides numerous physical and mental benefits. Physically, it stretches the chest, shoulders, and hips, while strengthening the legs and ankles. Mentally, it cultivates a sense of balance, focus, and calmness, helping to reduce stress and anxiety.","Avoid this pose if you have any neck or shoulder injuries, or if you experience any discomfort in your knees or ankles. It's also recommended to approach with caution if you have high blood pressure or are pregnant.","Inhale as you reach your arm up and lengthen your spine, exhale as you deepen the stretch and gaze down towards the ground.","Hold for 3-5 breaths on each side, repeating for 2-3 rounds.","For a more accessible version, use a block to support your hand or place your hand on your knee instead of the ground. You can also reduce the depth of the stretch by keeping your back leg straight and your front thigh only slightly bent.","1. Start in a wide-leg stance with your right foot facing forward and your left foot at a 90-degree angle. Extend your arms out to the sides at shoulder height, with your palms facing down. 2. Reach your right arm up towards the ceiling, lengthening your spine and stretching your chest. 3. As you exhale, deepen the stretch by sliding your left hand down your leg towards the ground, keeping your spine long and your hips open. 4. Gaze down towards the ground, engaging your core and maintaining balance. 5. Repeat on the other side by switching the position of your legs and arms."
17,Warrior Pose II,Virabhadrasana II,standing,intermediate,"Warrior Pose II (Virabhadrasana II) strengthens the legs, hips, and core, while stretching the chest and shoulders. It also improves balance, focus, and concentration. This pose can also help to boost confidence and energy levels.","Avoid Warrior Pose II if you have knee or hip injuries, or if you experience any discomfort or pain in these areas. Pregnant women should also modify the pose or avoid it altogether, especially in the later stages of pregnancy.",Inhale: Lengthen the spine and expand the chest. Exhale: Bend the front knee and stretch the arms out to the sides.,"Hold the pose for 3-5 breaths on each side, and repeat for 2-3 sets.","For beginners, use a block or a strap to support the front knee or to deepen the stretch. You can also shorten the stance or use a wall for support. For a more challenging version, stretch the arms further out to the sides or lift the back heel off the ground.","Step 1: Stand with your feet wide apart, with one foot facing forward and the other foot at a 90-degree angle. Step 2: Bend the front knee over the ankle, keeping the back leg straight. Step 3: Stretch the arms out to the sides, parallel to the ground, and gaze forward over the front hand. Step 4: Engage the core and press the front thigh bone down towards the ground, stretching the chest and shoulders."
18,Seated Head to Knee Pose,Janu Sirsasana,forward_fold,intermediate,"Seated Head to Knee Pose (Janu Sirsasana) stretches the entire back side of the body, from the shoulders to the heels, and can help to lengthen the spine. It can also calm the nervous system and promote relaxation. Regular practice of this pose can improve flexibility and balance.","Avoid this pose if you have a recent or severe knee injury, or if you have a condition such as sciatica or a herniated disk. Pregnant women should also modify or avoid this pose, especially in the later stages of pregnancy.","Inhale, lengthen the spine and reach the arms up; exhale, fold forward and reach for the toes or shins. Continue to breathe deeply and smoothly, feeling the stretch in the back of the body.","Hold the pose for 3-5 breaths, or up to 30 seconds. Repeat on the other side.","Use a strap or towel to deepen the stretch if you can't reach your toes. You can also bend your knee or use a block under your forehead for support. For a more gentle version, try reaching for the shin or ankle instead of the toes.","1. Sit on the floor with your legs extended in front of you. Bend your right knee and place your right foot on the inside of your left thigh. 2. Lengthen your spine and reach your arms up, inhaling deeply. 3. Exhale and fold forward, reaching for your left toes or shins. Keep your left knee straight and your spine long, feeling the stretch in the back of your body. 4. Hold the pose, breathing smoothly, and then slowly come up to sitting. Repeat on the other side."
19,Bound Angle Pose,Baddha Konasana,seated,intermediate,"Bound Angle Pose (Baddha Konasana) strengthens the back muscles, opens the hips, and can help alleviate lower back pain. It also promotes flexibility in the knees, ankles, and thighs. Mentally, it can help quiet the mind and promote a sense of inner peace.","Avoid Baddha Konasana if you have knee injuries or severe hip problems, as it can put pressure on these joints. Pregnant women should also modify the pose to avoid overstretching the pelvic area.","Inhale deeply, lengthening the spine, and exhale slowly, drawing the knees closer to the chest. Continue breathing naturally, feeling the stretch and relaxation in the hips and lower back.","Hold the pose for 3-5 breaths, or 30 seconds to 1 minute, and repeat 2-3 times.","For a gentler stretch, use a strap or towel to support the knees, or place a block under the knees for extra support. You can also modify the pose by keeping the feet farther apart or bringing the knees closer to the chest.","1. Sit on the floor with your legs straight out in front of you. 2. Bring the soles of your feet together, with your knees bent and your legs forming a diamond shape. 3. Lengthen your spine, engage your core, and gently press your knees towards the ground, using your hands if necessary. 4. As you exhale, fold forward slightly, stretching the hips and lower back."
20,Side Crow Pose,Parsvakonasana,balancing,intermediate,"Side Crow Pose strengthens the arms, shoulders, and upper back, while also improving balance and focus. It can also help to stretch the hips and chest, promoting flexibility and opening. Additionally, it can help to calm the mind and reduce stress and anxiety.","Avoid Side Crow Pose if you have wrist or shoulder injuries, or if you are experiencing dizziness or lightheadedness. Pregnant women should also avoid this pose, especially in the later stages of pregnancy.","Inhale as you lift your legs off the ground, exhale as you balance and engage your core, and inhale again as you slowly lower your legs back down.","Hold the pose for 3-5 breaths, or as long as you feel comfortable, and repeat on the other side.","Use a block or strap to support your legs if you're struggling to lift them off the ground, or practice the pose with your knees bent and your feet on the ground for a more accessible version. You can also practice the pose with your back against a wall for added support and balance.","1. Start in a squatting position with your feet hip-width apart and your hands on the ground in front of you. 2. Place your right hand on the ground and lift your left leg off the ground, balancing on the right hand and the outside of your right foot. 3. Engage your core and lift your left leg up and over your right leg, balancing on the right hand and the outside of your right foot, with your left leg lifted and your torso twisted to the right."
21,Seated Spinal Twist II,Bharadvajasana II,twist,intermediate,"Seated Spinal Twist II (Bharadvajasana II) helps to stretch the spine, hips, and torso, improving flexibility and posture. It also stimulates digestion and can relieve symptoms of sciatica and lower back pain. Additionally, this pose can calm the mind and promote a sense of balance and clarity.","Avoid this pose if you have a severe back injury, herniated disk, or recent spinal surgery. Pregnant women should also avoid deep twists, especially in the later stages of pregnancy.","Inhale as you lengthen the spine, then exhale as you twist to the right and place your right hand on the outside of your left knee. Inhale to lengthen again, and exhale as you deepen the twist.","Hold the twist for 3-5 breaths on each side, repeating 2-3 times on each side.","Use a block or strap to support your hand on the knee if you can't reach. You can also place your hand on the ground beside your knee for a gentler twist. For a deeper twist, place your right foot on the outside of your left knee.","Step 1: Sit on the ground with your legs crossed and your right foot on the ground beside your left knee. Step 2: Lengthen your spine and place your right hand on the outside of your left knee. Step 3: Exhale and twist to the right, keeping your hips facing forward and your spine long. Step 4: Look over your left shoulder, keeping your chin parallel to the ground. Step 5: Hold the twist, breathing deeply, then repeat on the other side."
22,Four-Limbed Staff Pose,Chaturanga Dandasana,standing,intermediate,"Chaturanga Dandasana strengthens the arms, shoulders, and upper back, while also engaging the core and improving overall posture. It also helps to build confidence and focus. Regular practice of this pose can also improve balance and overall physical stability.","Avoid Chaturanga Dandasana if you have wrist injuries, shoulder injuries, or any condition that causes shoulder instability. Pregnant women should also approach this pose with caution and modify it to avoid putting pressure on the wrists.","Exhale as you lower your body down, keeping your elbows close to your body. Hold for a brief moment, then inhale as you transition into the next pose.","Hold for a brief moment, about 1-2 breaths, before transitioning into the next pose. You can also practice Chaturanga as a flowing sequence, moving through the pose 3-5 times.","If you're new to Chaturanga, try modifying it by keeping your knees on the ground or using blocks under your hands for support. You can also try doing a 'low Chaturanga' by lowering your body only halfway down instead of all the way.","1. Start in a plank position with your hands shoulder-width apart and your arms straight. Engage your core and keep your body in a straight line from head to heels. 2. As you exhale, slowly lower your body down towards the ground, keeping your elbows close to your body. 3. Keep your body in a straight line and don't let your hips sag or your chest collapse. 4. Briefly hold the pose, then inhale as you transition into the next pose."
23,Seated Forward Fold With Legs Extended,Paschimottanasana II,forward_fold,intermediate,"Paschimottanasana II stretches the entire back side of the body, from the shoulders to the heels, and can help to lengthen the spine, relieve tension in the neck and shoulders, and calm the mind. Regular practice can also improve flexibility and balance. This pose can also help to reduce stress and anxiety by promoting relaxation and calmness.","Avoid this pose if you have a severe back injury, herniated disk, or sciatica. Pregnant women should also avoid this pose or modify it significantly to avoid putting pressure on the abdomen.","Inhale: Lengthen the spine and reach the arms up. Exhale: Fold forward, reaching for the toes or shins, and keep the breath smooth and steady throughout the hold.","Hold the pose for 3-5 breaths, or 30 seconds to 1 minute, and repeat 2-3 times.","For beginners or those with tight hamstrings, use a strap or towel to deepen the stretch without straining the back. You can also bend the knees slightly or place a block under the forehead for support. For a more intense stretch, straighten the arms and reach for the toes.","1. Sit on the ground with your legs extended in front of you, feet flexed and spine long. 2. Inhale and lengthen the spine, reaching the arms up towards the ceiling. 3. Exhale and fold forward, reaching for the toes or shins, and keep the knees slightly bent if necessary. 4. Keep the breath smooth and steady, and engage the core to support the back. 5. Hold the pose and feel the stretch in the back side of the body."
24,One-Legged King Pigeon Pose,Eka Pada Rajakapotasana II,forward_fold,intermediate,"One-Legged King Pigeon Pose (Eka Pada Rajakapotasana II) stretches the hips, glutes, and spine, while also strengthening the back and core muscles. This pose can also help improve flexibility and balance. Mentally, it can promote feelings of calmness and focus.","Avoid this pose if you have any knee or hip injuries, or if you experience any discomfort or pain in your lower back. Pregnant women should also avoid this pose or modify it to avoid deep twisting.","Inhale as you lengthen your spine and prepare for the pose. Exhale as you fold forward and deepen the stretch. Continue to breathe deeply, focusing on the sensation in your hips and back.","Hold the pose for 3-5 breaths, or up to 30 seconds. Repeat on the other side.","For a more accessible version, try using a block or strap to support your forehead or knee. You can also modify the pose by keeping your back leg straight instead of bending it, or by using a wall for support.","1. Begin on your hands and knees (all fours). Bring your right knee forward and place your ankle in front of your left hip, with your right foot flexed. 2. Extend your left leg behind you, keeping it straight, and lower your torso down towards the ground, stretching your arms out in front of you. 3. As you fold forward, keep your hips level and your spine long, feeling the stretch in your hips and back. 4. Keep your neck long and your forehead relaxed, breathing deeply into the pose. 5. To release, slowly lift your torso up and return to all fours, then repeat on the other side."
25,Seated Forward Fold With Arms Extended,Paschimottanasana III,forward_fold,intermediate,"Seated Forward Fold With Arms Extended (Paschimottanasana III) stretches the entire back side of the body, from the shoulders to the heels, while also stretching the hips and spine. This pose can help relieve stress and anxiety by releasing tension in the neck, shoulders, and back. Regular practice can also improve flexibility and balance.","Avoid this pose if you have a herniated disk, sciatica, or any severe back injury. Pregnant women should also modify or avoid this pose, especially in the later stages of pregnancy.","Inhale: Lengthen the spine and reach forward with the arms. Exhale: Fold forward, keeping the arms straight, and surrender to the stretch.","Hold the pose for 3-5 breaths, feeling the stretch deepen with each exhalation.","For a more accessible version, bend the knees or use a strap to deepen the stretch without straining the back. You can also place your hands on blocks or the floor for support.","1. Sit on the floor with your legs extended in front of you. Lengthen your spine and engage your core. 2. Inhale and reach forward with your arms, keeping them straight. 3. Exhale and fold forward, keeping your arms straight and your knees slightly bent if necessary. 4. Allow your head to release and your body to surrender to the stretch, feeling the lengthening of the spine and the stretch in the back of the legs."
26,Extended Triangle Pose,Utthita Trikonasana,standing,intermediate,"Extended Triangle Pose (Utthita Trikonasana) stretches the hips, thighs, and spine, while also strengthening the core and improving balance. It can also help to relieve stress and anxiety by opening the chest and shoulders. Regular practice of this pose can improve flexibility and overall posture.","Avoid this pose if you have a severe back injury, neck strain, or recent hip replacement surgery. Pregnant women should also avoid deep twists and may need to modify the pose to accommodate their body.","Inhale as you reach the arms up, exhale as you fold to the side and lengthen the spine, inhale as you lengthen the arms and gaze upwards, and exhale as you release the pose.","Hold for 3-5 breaths on each side, repeat 2-3 times.","Use a block or strap under the hand to support the stretch, or bring the back hand to the hip or knee instead of the ground. For a deeper stretch, use a wall for support or have a partner assist you.","1. Stand with your feet wide apart, with one foot facing forward and the other foot at a 90-degree angle. 2. Reach your arms up overhead and interlace your fingers, then fold to the side, keeping your arms straight, and place your right hand on the ground beside your right foot. 3. Extend your left arm upwards and gaze towards your left hand, keeping your spine long and your hips open. 4. Engage your core and feel the stretch in your hips and thighs, then release and repeat on the other side."
27,Seated Forward Fold With Hands to Ankles,Paschimottanasana IV,forward_fold,intermediate,"Seated Forward Fold With Hands to Ankles (Paschimottanasana IV) stretches the entire back, hips, and legs, while also lengthening the spine and improving flexibility. This pose can also calm the nervous system and reduce stress. Regular practice may also improve digestion and menstrual health.","Avoid this pose if you have a recent back injury, severe sciatica, or any condition that causes dizziness or lightheadedness. Pregnant women should also modify or avoid this pose, especially in the later stages of pregnancy.","Inhale: Lengthen the spine and engage the core. Exhale: Fold forward, reaching for the ankles and keeping the knees slightly bent if necessary. Continue to breathe deeply, feeling the stretch in the back and legs.","Hold the pose for 3-5 breaths, or up to 30 seconds. Repeat 2-3 times, resting in a seated position between repetitions.","For tighter hamstrings, use a strap or towel to deepen the stretch without straining. Place a block or folded blanket under the forehead for support, or bend the knees slightly to reduce strain on the lower back. For a deeper stretch, try holding onto the big toes instead of the ankles.","1. Sit on the floor with your legs straight out in front of you, feet flexed and engaged. Lengthen your spine and engage your core. 2. Inhale and lengthen the spine further, feeling the expansion in the chest and shoulders. 3. Exhale and fold forward, reaching for your ankles and keeping your knees slightly bent if necessary. Keep your shoulders relaxed and your face calm. 4. Hold the pose, feeling the stretch in your back, hips, and legs, and continue to breathe deeply."
28,Eagle Pose,Garudasana,balancing,intermediate,"Eagle Pose (Garudasana) strengthens the ankles and calves, while also stretching the hips and thighs. This balancing pose also improves focus, concentration, and overall balance. Additionally, it can help to relieve stress and anxiety by promoting relaxation and calmness.","Avoid Eagle Pose if you have knee injuries or severe ankle sprains. Pregnant women should also modify or avoid this pose, especially in the later stages of pregnancy.","Inhale deeply as you bend your knees and prepare to balance. Exhale as you wrap your legs and arms around each other, engaging your core and finding balance. Hold the breath for a moment, feeling stable and focused.","Hold Eagle Pose for 3-5 breaths on each leg, then release and repeat on the other side.","For beginners or those with knee issues, you can modify Eagle Pose by keeping the legs slightly bent or using a block or strap for support. You can also practice the arm wrapping and hip opening without balancing on one leg.","1. Stand with your feet hip-width apart, then bend your knees slightly and shift your weight onto your right leg. 2. Cross your left thigh over your right, wrapping your legs around each other and keeping your knees bent at a 90-degree angle. 3. Wrap your arms around each other, with your right arm on top of your left, and press your palms together. 4. Engage your core, lift your chest, and find balance, gazing forward and focusing on a point in front of you."
29,Firefly Pose,Titibhasana,balancing,intermediate,"Firefly Pose strengthens the arms, shoulders, and core, while also stretching the chest and improving balance. It can also help improve focus, concentration, and overall mental clarity. Regular practice can also boost confidence and self-esteem.","Avoid Firefly Pose if you have any wrist or shoulder injuries, or if you experience dizziness or lightheadedness. Pregnant women should also modify or avoid this pose, especially in the later stages of pregnancy.","Inhale and lengthen the spine as you lift the legs up, exhale and engage the core as you balance, and inhale again to maintain the balance and adjust the position if needed.","Hold Firefly Pose for 3-5 breaths, or up to 30 seconds, and repeat on the other side. Start with shorter holds and gradually increase the duration as you build strength and balance.","Use a block or a strap to support the legs if you're struggling to lift them up. You can also practice Firefly Pose with the legs bent at a 90-degree angle, or with the support of a wall behind you.","1. Start in a high squat position with your feet hip-width apart, then place your hands on the ground in front of you and bend your elbows slightly. 2. Lift your legs up and balance on your hands, keeping your core engaged and your spine long. 3. As you balance, lift your chest and gaze forward, keeping your shoulders down and away from your ears. 4. To release, slowly lower your legs back down to the ground and come out of the squat position."
30,Lord of the Dance Pose,Natarajasana,balancing,intermediate,"Lord of the Dance Pose strengthens the ankles and legs, improves balance and focus, and can also help to stretch the chest and shoulders. It can also be beneficial for mental clarity and confidence. Regular practice of this pose can also help to improve overall posture.","Avoid this pose if you have any ankle or knee injuries, or if you experience dizziness or lightheadedness. Pregnant women and people with high blood pressure should also modify or avoid this pose.","Inhale as you prepare for the pose, exhale as you lift your leg and balance, and hold the breath for a few seconds as you maintain the balance. Inhale again as you slowly lower your leg back down.","Hold the pose for 3-5 breaths on each leg, and repeat 2-3 times on each side.","Use a block or a wall for support if you're new to balancing poses. You can also modify the pose by keeping your back leg on the ground and simply lifting your heel, or by practicing the pose with your eyes open and focusing on a point in front of you.","Step 1: Start in Mountain Pose with your feet hip-width apart, engage your core and lift your arms overhead. Step 2: Bend your right knee and lift your right foot off the ground, keeping your ankle flexed. Step 3: Balance on your left leg, keeping your left knee straight, and reach your right arm forward to hold your right ankle. Step 4: Gaze forward and engage your core to maintain the balance, feeling the stretch in your chest and shoulders. Step 5: Slowly lower your right leg back down to the ground and repeat on the other side."
31,Side Plank Pose,Vasisthasana,balancing,intermediate,"Side Plank Pose (Vasisthasana) strengthens the arms, shoulders, and core, while improving balance and focus. It also stretches the chest and shoulders, promoting flexibility and relaxation. Regular practice can improve overall physical stability and mental concentration.","Avoid practicing Side Plank Pose if you have a wrist injury, shoulder problems, or are experiencing neck strain. Pregnant women should also avoid this pose or modify it under the guidance of a qualified yoga instructor.","Inhale as you lift your hips off the ground, and exhale as you engage your core and stabilize the body. Continue to breathe naturally, feeling the sides of your body lengthen with each inhale and exhale.","Hold the pose for 3-5 breaths on each side, or for 30-60 seconds. Repeat on the other side.","To modify Side Plank Pose, you can place your top knee on the ground in front of your bottom knee, reducing the pressure on your wrists and ankles. Alternatively, use a block under your bottom hand or a wall for support.","1. Start in a high plank position with your hands shoulder-width apart and your arms straight. Shift your weight onto your right hand and the outside edge of your right foot, lifting your left arm and leg off the ground. 2. Engage your core, keeping your body in a straight line from head to heels. 3. Reach your left arm up towards the ceiling, stretching your chest and shoulders. 4. Gaze forward, keeping your neck long and your body stable."
32,One-Handed Tree Pose,Eka Hasta Vrksasana,balancing,intermediate,"One-Handed Tree Pose (Eka Hasta Vrksasana) strengthens the ankles, calves, and spine, while also improving balance, focus, and concentration. It can also help to stretch the chest and shoulders. By challenging the body's balance, this pose can also calm the mind and reduce stress.","Avoid this pose if you have any ankle or knee injuries, as it may put additional stress on these joints. Pregnant women should also avoid this pose or modify it to avoid any potential risks.","Inhale as you lift your arm and balance on one leg, exhale as you steady your body and engage your core, inhale again as you lengthen your spine and arms, and exhale as you release and repeat on the other side.","Hold for 3-5 breaths on each side, rest for 1-2 breaths, and repeat for 2-3 sets.","Easier variations include using a block or wall for support, lifting the heel of the standing foot instead of the entire foot, or practicing Tree Pose (Vrksasana) before progressing to One-Handed Tree Pose. You can also practice with your back against a wall for additional support.","1. Start in Mountain Pose (Tadasana) and shift your weight onto one leg, keeping the other foot resting against your inner thigh. 2. Engage your core and lengthen your spine, lifting your arms overhead and interlocking your fingers. 3. Slowly lift one arm off the other and balance on one leg, gazing forward or slightly downward to maintain balance. 4. Hold the pose, breathe, and focus on your center, then release and repeat on the other side. 5. End in Mountain Pose, feeling calm and centered."
33,Peacock Pose,Mayurasana,balancing,intermediate,"Mayurasana strengthens the arms, shoulders, and back muscles while improving balance and overall core stability. It also stimulates digestion and detoxifies the body. Additionally, this pose helps to build focus and concentration, enhancing mental clarity and calmness.","Avoid Mayurasana if you have a wrist injury, high blood pressure, or severe back problems. It's also contraindicated for pregnant women, especially in the later stages.","Inhale deeply, then exhale as you lift your body off the ground. Hold your breath for a brief moment, then inhale slowly as you balance. Exhale slowly as you release the pose.",Hold Mayurasana for 3-5 breaths or 30 seconds to start. Gradually increase the duration as you build balance and strength.,"For beginners, use a block or a strap under the arms to support the body. Another modification is to practice Mayurasana with the knees slightly bent or with the feet on the ground for added stability.","1. Start in a tabletop position on your hands and knees. Place your hands shoulder-width apart, with your fingers spread wide. 2. Bend your elbows slightly and balance your body on your forearms, with your palms facing downwards. 3. Lift your legs off the ground, keeping them straight or slightly bent. Balance your body on your arms and engage your core muscles for support. 4. Lift your chest and head, maintaining a straight line from head to heels. 5. Hold the pose, breathing slowly, and focus on a point in front of you to maintain balance."
34,Crow Pose,Bakasana,balancing,intermediate,"Crow Pose (Bakasana) strengthens the arms, shoulders, and core, while also improving balance and focus. It also helps to stretch the upper back and can relieve stress and anxiety by releasing tension in the body. Regular practice of Bakasana can also improve overall posture and body awareness.","Avoid Crow Pose if you have any wrist or shoulder injuries, or if you experience any discomfort or pain in your knees or ankles. Pregnant women and individuals with high blood pressure should also modify or avoid this pose.","Inhale deeply as you bend your knees and lift your heels off the ground. Exhale slowly as you lift your legs and balance on your hands. Hold the breath for a brief moment, then exhale slowly as you lower back down.","Hold Crow Pose for 3-5 breaths, or as long as you feel comfortable and balanced. Repeat for 2-3 sets, resting for a few breaths between each set.","For a modified version of Crow Pose, try lifting only one leg off the ground at a time, or using a block or strap under your feet for support. You can also practice Bakasana with your knees bent and your feet on the ground, or with your hands on a wall for added stability.","To practice Crow Pose: (1) Start in a squatting position with your feet hip-width apart and your hands on the ground in front of you. (2) Bend your knees and lift your heels off the ground, keeping your weight in your hands and your core engaged. (3) Slowly lift your legs off the ground, balancing on your hands and keeping your knees bent and your weight centered over your hands. (4) Engage your core and press your chest forward, keeping your gaze forward and your body balanced. (5) Hold for 3-5 breaths, then slowly lower back down to the starting position."
35,King Pigeon Pose,Rajakapotasana,forward_fold,advanced,"King Pigeon Pose (Rajakapotasana) offers numerous physical benefits, including a deep stretch in the chest, shoulders, and hips, while also strengthening the back muscles and improving flexibility in the spine. It can also help improve balance and concentration. Mentally, it can promote feelings of confidence, courage, and inner strength.","Avoid King Pigeon Pose if you have any neck or shoulder injuries, or if you experience knee pain or discomfort. Pregnant women should also approach this pose with caution and consider modifications or alternatives.","Inhale as you lengthen your spine and arms, exhale as you fold forward and deepen the stretch, and inhale again as you lift your chest and arms.","Hold the pose for 3-5 breaths, then slowly release and repeat on the other side.","To modify King Pigeon Pose, try using a block or strap to support your arms or chest, or bring your back knee to the ground for a more accessible stretch. You can also practice the pose with a shorter range of motion or with support from a wall.","1. Start on all fours, then bring one knee forward and place your foot on the ground in front of the other knee. 2. Extend your arms forward and lower your torso, keeping your arms and shoulders relaxed. 3. As you exhale, fold forward and deepen the stretch, keeping your hips and spine long. 4. Inhale and lift your chest and arms, keeping your back leg straight and your front knee bent at a 90-degree angle. 5. Continue to breathe and refine the pose, feeling the stretch and expansion in your chest and hips."
36,Eka Pada Uddiyana Bandha,Eka Pada Uddiyana Bandha,forward_fold,advanced,"Eka Pada Uddiyana Bandha is a deeply transformative forward bend that stretches the entire back side of the body, from the shoulders to the heels, while also strengthening the arms and shoulders. It can help to relieve tension in the neck, shoulders, and upper back. Additionally, this pose can help to quiet the mind and promote a sense of inner calm.","Avoid this pose if you have any neck or shoulder injuries, or if you experience any discomfort or pain in these areas. It's also recommended to avoid this pose during pregnancy or menstruation.","Inhale to lengthen the spine, exhale to fold forward and engage the core, inhale to lift the arms and expand the chest, exhale to deepen the stretch.","Hold for 3-5 breaths, repeat on the other side.","Use a block or strap to support the arms if needed, or modify the pose by keeping the back knee slightly bent if the stretch is too intense. You can also use a wall for support if you're new to this pose.","Step 1: Start in a high lunge position with one foot forward and the other foot back, with the back knee almost touching the ground. Engage the core and lengthen the spine. Step 2: Inhale and lift the arms up and over the head, stretching the entire back side of the body. Step 3: Exhale and fold forward, reaching for the ground with the hands and keeping the arms straight. Step 4: Inhale and lift the arms back up to the starting position, then exhale and switch sides."
37,Hanumanasana,Hanumanasana,forward_fold,advanced,"Hanumanasana, also known as Monkey Pose, stretches the hamstrings, calves, and spine, while also strengthening the back muscles. It can help improve flexibility, balance, and overall posture. Mentally, it can help cultivate focus, discipline, and self-awareness.","Avoid this pose if you have any knee or hip injuries, or if you experience any discomfort or pain in the knees, hips, or lower back. Pregnant women and individuals with high blood pressure should also approach with caution.","Inhale: Lengthen the spine and engage the core as you begin to move into the pose. Exhale: Fold forward, reaching for the ground and stretching the back leg.","Hold the pose for 3-5 breaths, or 30 seconds to 1 minute, and repeat 2-3 times on each side.",Use blocks or a strap to support the hands if you're unable to reach the ground. You can also modify the pose by keeping the back knee slightly bent or by using a wall for support.,"1. Begin on all fours, with the hands shoulder-width apart and the knees directly under the hips. 2. Step the right foot forward, keeping the knee bent at a 90-degree angle, and lower the torso down towards the ground. 3. Extend the left leg behind you, keeping it straight and engaged, and reach for the ground with the hands."
38,Tarasana,Tarasana,forward_fold,advanced,"Tarasana, also known as Star Pose, improves balance, focus, and flexibility. This advanced forward fold strengthens the ankles, calves, and spine, while stretching the hips and hamstrings. Regular practice can also enhance mental clarity and concentration.","Avoid Tarasana if you have severe ankle or knee injuries, or if you experience dizziness or lightheadedness. Pregnant women should also modify or avoid this pose, especially in the later stages of pregnancy.","Inhale, lengthen the spine and prepare. Exhale, fold forward and reach for the ground. Hold the breath, engage the core and balance. Inhale, slowly rise and release.","Hold Tarasana for 3-5 breaths, or up to 30 seconds. Practice 2-3 repetitions on each leg, resting in between if needed.","For a modified version, use a block or strap to support the hand or forearm on the ground. You can also practice with the back leg slightly bent, or with the front foot on a higher surface. Beginners may start with a shorter fold, gradually deepening the stretch as flexibility increases.","1. Begin in a high lunge position, with the right foot forward and the back leg straight. Engage the core, lengthen the spine, and gaze forward. 2. Exhale, fold forward, and reach for the ground with the right hand or forearm. Keep the back leg straight and the spine long. 3. Balance on the front leg, with the back leg lifted and the body in a straight line from head to heel. 4. Refine the pose, engaging the core, stretching the hips, and gazing forward. 5. Inhale, slowly rise, and release."
39,Astavakrasana,Astavakrasana,twist,advanced,"Astavakrasana strengthens the arms, shoulders, and core, while also stretching the chest and shoulders. It can help improve balance, flexibility, and overall spinal health. Mentally, it cultivates focus and concentration.","Avoid Astavakrasana if you have any shoulder or wrist injuries, or if you experience chronic lower back pain. Pregnant women should also modify or avoid this pose.","Inhale, lengthen your spine and lift your hips off the ground. Exhale, twist and balance on one arm and leg. Hold for a few breaths, inhaling to lengthen and exhaling to deepen the twist.","Hold for 3-5 breaths, then release and repeat on the other side.","For a modified version, place a block or strap under your hand or foot for support. You can also practice the pose with both legs on the ground, or with a wall behind you for balance.","1. Begin in a tabletop position with your hands shoulder-width apart and your knees directly under your hips. Cross your right knee over your left, and lift your hips off the ground, balancing on your left arm and right leg. 2. Twist your torso to the right, keeping your left arm straight and your right leg lifted. 3. Look down towards the ground and engage your core to maintain balance. 4. Hold for a few breaths, then slowly lower down and repeat on the other side."
40,Krounchasana,Krounchasana,twist,advanced,"Krounchasana, or the Heron Pose, offers several physical benefits including stretching the spine, hips, and chest, while also strengthening the arms and shoulders. Mentally, it helps cultivate balance, focus, and concentration. Regular practice can also improve flexibility and posture.","Avoid Krounchasana if you have any severe spinal injuries, herniated discs, or chronic back pain. Pregnant women and people with knee injuries should also avoid this pose or modify it under the guidance of an experienced instructor.","Inhale and lengthen the spine, exhale and fold forward, inhale and lift the chest, exhale and twist deeper.","Hold the pose for 3-5 breaths on each side, repeating 2-3 times for optimal benefits.","For a modified version, use a block or strap to support the hand on the ground, or place the knee on the ground instead of the ankle. You can also use a wall for support and balance.","1. Begin by kneeling on the ground with your right knee bent in front of you and your left leg extended behind. Place your right hand on the ground beside your knee. 2. Inhale and lengthen the spine, then exhale and fold forward, reaching for your right ankle with your right hand. 3. Inhale and lift the chest, then exhale and twist deeper, looking over your left shoulder. 4. Hold the pose, breathing deeply, and then slowly release and repeat on the other side."
41,Parivrtta Janu Sirsasana,Parivrtta Janu Sirsasana,twist,advanced,"Parivrtta Janu Sirsasana stretches the spine, hips, and torso, improving flexibility and balance. This pose also calms the mind and promotes relaxation, reducing stress and anxiety. Additionally, it can help to alleviate back pain and sciatica by releasing tension in the muscles.","Avoid this pose if you have severe neck or back injuries, or if you experience any discomfort or pain in your spine or joints. Pregnant women and individuals with recent surgeries should also avoid this pose.","Inhale as you lengthen the spine, exhale as you twist and fold forward, and inhale again as you rise up to the starting position.","Hold the pose for 3-5 breaths, then release and repeat on the other side.","For a more accessible version, use a block or strap to support the forehead or hands. You can also modify the pose by keeping the back knee slightly bent or using a wall for support. For a deeper stretch, extend the arms and torso further forward.","1. Begin in a seated forward bend position with your right leg extended in front of you. 2. Twist your torso to the right, bringing your forehead towards your right knee, and extend your arms out to the sides. 3. Lengthen your spine and fold forward, reaching for your right ankle or shin with your right hand, and your left knee or thigh with your left hand. 4. Deepen the twist and stretch, keeping your hips and shoulders aligned, and hold for 3-5 breaths."
42,Bhairavasana,Bhairavasana,twist,advanced,"Bhairavasana provides numerous physical benefits such as increased flexibility and range of motion in the spine, hips, and torso. Mentally, this pose cultivates focus, balance, and inner awareness. Practicing Bhairavasana also helps build confidence and self-trust.","Bhairavasana should be avoided by individuals with severe spinal injuries, herniated discs, or osteoporosis. Pregnant women should also avoid this pose, especially in the later stages of pregnancy.","Inhale, lengthen the spine and prepare for the twist; exhale, twist to the right, keeping the hips facing forward; inhale, lengthen the spine; exhale, twist to the left, keeping the hips facing forward.","Hold each twist for 3-5 breaths, then release and repeat on the other side.","For an easier variation, practice a seated spinal twist with the legs crossed or in a chair. To deepen the twist, use a block or strap to support the hand as it reaches towards the knee or ankle.","1. Sit on the floor with your legs crossed and your back straight. Place your right hand on the outside of your left knee, and your left hand on the ground beside you for support. 2. Inhale, lengthen the spine, and as you exhale, twist to the right, keeping your hips facing forward. 3. Gaze over your left shoulder, keeping your head in line with your spine. 4. Hold for 3-5 breaths, then release and repeat on the other side."
43,Baddha Matsyendrasana,Baddha Matsyendrasana,twist,advanced,"Baddha Matsyendrasana, or Lord of the Fishes Pose, provides numerous physical and mental benefits. Physically, it helps to stretch the spine, hips, and torso, while also strengthening the back muscles. Mentally, it can help to calm the mind and promote focus, improving overall well-being.","This pose should be avoided by those with severe spinal injuries, sciatica, or knee injuries. Pregnant women and individuals with high blood pressure should also approach with caution.","Inhale, lengthen the spine; exhale, twist to the right; inhale, lengthen the spine; exhale, twist to the left. Continue to breathe deeply, focusing on the sensation of the twist.","Hold the pose for 3-5 breaths on each side, repeating 2-3 times.","To make the pose more accessible, use a block or strap to support the leg and torso. Alternatively, try a seated spinal twist (Bharadvajasana) or a gentle reclined twist (Supta Matsyendrasana).","1. Start in a seated position with your legs extended in front of you. Bend your right knee, crossing your right foot over your left thigh. 2. Wrap your left arm around your right knee, and place your right hand on the ground behind you for support. 3. Inhale, lengthen your spine; then exhale, twist to the right, keeping your hips facing forward. 4. Gaze over your right shoulder, and focus on the sensation of the twist. Repeat on the left side."
44,Supta Matsyendrasana,Supta Matsyendrasana,twist,advanced,"Supta Matsyendrasana provides physical benefits by stimulating the digestive system, improving spinal flexibility, and relieving lower back tension. Mentally, this pose calms the nervous system and promotes relaxation. Regular practice can also help to balance the body's energy.","Avoid Supta Matsyendrasana if you have a recent spinal injury, herniated disk, or severe back problems. Pregnant women should also modify or avoid this pose, especially in the later stages.","Inhale and lengthen the spine, exhale and twist to the right, inhale to return to center, exhale and twist to the left. Continue alternating sides with the breath, moving slowly and smoothly.","Hold the twist for 3-5 breaths on each side, repeating for 2-3 rounds.","For a gentler version, use a block or strap under the knee to reduce the depth of the twist. You can also place a folded blanket under the shoulders for added support. Beginners can start with a shallower twist and gradually deepen as flexibility increases.","1. Lie on your back with your knees bent and feet flat on the ground, hip-width apart. 2. Bring your right knee towards your chest and let it fall to the left, keeping your spine long. 3. Extend your right arm out to the right, and use your left hand to gently guide your right knee deeper into the twist. 4. As you twist, keep your shoulders and hips grounded, and engage your core for support."
45,Ganda Bherundasana,Ganda Bherundasana,twist,advanced,"Ganda Bherundasana is a dynamic twist that helps to stretch and tone the muscles of the torso, shoulders, and chest, improving flexibility and posture. It also has a stimulating effect on the digestive system and can help to alleviate stress and anxiety. Additionally, this pose can help to quiet the mind and promote a sense of focus and concentration.","Avoid this pose if you have a neck or shoulder injury, or if you experience any discomfort or pain in the upper body. It is also recommended to modify or avoid this pose during pregnancy or menstruation.","Inhale and lengthen the spine, then exhale and twist to the right, keeping the shoulders down and away from the ears. Inhale to return to center, then exhale and twist to the left.","Hold each twist for 3-5 breaths, and repeat on both sides 2-3 times.","To modify this pose, use a block or strap to support the shoulders or chest, or try a gentler twist with the hands on the knees instead of the feet. You can also practice a simplified version of this pose by twisting to one side and then the other, without lifting the feet off the ground.","1. Start in a seated position with the legs extended in front of you, then bend the knees and place the feet flat on the ground. 2. Interlace the fingers and place the hands behind the knees, then inhale and lengthen the spine. 3. Exhale and twist to the right, keeping the shoulders down and away from the ears, and try to touch the feet to the ground behind you. 4. Inhale to return to center, then exhale and twist to the left, repeating the same movement on the other side."
46,Chandra Bhedana,Chandra Bhedana,twist,advanced,"Chandra Bhedana, or Moon Piercing Breath, offers various benefits including stimulating the nervous system, improving respiratory function, and calming the mind. Regular practice can also help balance the left and right hemispheres of the brain, leading to increased mental clarity and focus. Additionally, this pose can help to detoxify and purify the body by stimulating the lymphatic system.","Avoid practicing Chandra Bhedana if you have high blood pressure, heart problems, or are pregnant. It's also recommended to avoid this pose if you have any neck or spine injuries.","Inhale deeply through the left nostril, then close the left nostril with the ring finger and exhale through the right nostril. Inhale through the right nostril, then close the right nostril with the thumb and exhale through the left nostril.",Hold each breath for 2-5 seconds and repeat for 3-5 rounds on each side. Gradually increase the duration and number of rounds as you become more comfortable with the pose.,"Beginners can start by practicing Anuloma Viloma (Alternate Nostril Breathing) without the twist. You can also use a block or strap to support the head and neck if needed. For a more gentle version, try practicing with a shorter hold and fewer rounds.","1. Sit comfortably with your back straight and bring your right hand into Nasikagra Mudra (Nose Tip Position) by curling your index and middle fingers into the palm and extending your thumb and ring finger. 2. Close your right nostril with your thumb and inhale through your left nostril, then close your left nostril with your ring finger and exhale through your right nostril. 3. Inhale through your right nostril, then close your right nostril with your thumb and exhale through your left nostril. 4. Continue alternating nostrils, moving your head and neck into a gentle twist with each exhalation. 5. Repeat on the other side by switching the hand and nostrils."
47,Titibhasana II,Titibhasana II,balancing,advanced,"Titibhasana II strengthens the arms, shoulders, and core, while also improving balance and focus. It can also help to stretch the chest and shoulders, improving overall flexibility. Additionally, this pose can help to build mental concentration and confidence.","This pose should be avoided by people with wrist or shoulder injuries, as well as those with any conditions that affect balance or equilibrium.","Inhale to prepare and lengthen the spine, exhale to engage the core and lift the legs, inhale to balance and extend, exhale to slowly lower out of the pose.","Hold the pose for 3-5 breaths, or as long as you feel balanced and comfortable. Repeat on the other side.","Use blocks or a strap to support the legs or torso if needed, or practice Firefly Pose (Titibhasana I) with the legs bent and the feet on the ground.","Step 1: Start in a high squat position with your feet hip-width apart and your hands on the ground in front of you. Step 2: Bend your elbows and lift your legs off the ground, keeping them straight and parallel to each other. Step 3: Engage your core and lift your torso up, balancing on your hands and keeping your legs lifted. Step 4: Extend your arms and legs, and gaze forward, keeping your body in a straight line from head to heels."
48,Eka Pada Bakasana,Eka Pada Bakasana,balancing,advanced,"Eka Pada Bakasana strengthens the arms, shoulders, and core, while also improving balance and focus. It stretches the chest and shoulders, and can help to improve posture. Regular practice of this pose can also enhance mental clarity and concentration.","Avoid this pose if you have any shoulder or wrist injuries, or if you are experiencing dizziness or vertigo. Pregnant women and those with high blood pressure should also approach with caution.","Inhale and lengthen the spine, exhale and fold the back knee towards the front ankle, inhale and lift the back leg, exhale and balance.","Hold the pose for 3-5 breaths on each side, and repeat 2-3 times.","To make the pose more accessible, you can use a block or a strap to support the back leg, or practice with the back knee on the ground. You can also start in a high lunge position and lift the back leg off the ground.","1. Start in a high lunge position with the right foot forward and the back knee almost touching the ground. 2. Bend the front knee and place the hands on the ground on either side of the front foot. 3. Inhale and lift the back leg off the ground, keeping it straight. 4. Exhale and balance, engaging the core and lifting the chest. 5. Repeat on the other side with the left foot forward."
49,Astavakrasana II,Astavakrasana II,twist,advanced,"Astavakrasana II strengthens the arms, shoulders, and core while improving balance, focus, and flexibility. It also stretches the chest and shoulders, promoting better posture and opening the heart center. This pose can also help alleviate stress and anxiety by releasing tension in the upper body.","Avoid Astavakrasana II if you have any shoulder, wrist, or elbow injuries, or if you experience dizziness or lightheadedness. Pregnant women should also approach with caution and modify the pose as needed.","Inhale deeply, feeling the expansion in the chest and the engagement of the core. Exhale slowly, twisting to one side and balancing on the arms and legs. Hold the breath for a moment, then inhale as you lift and balance. Exhale as you release the pose.","Hold Astavakrasana II for 3-5 breaths on each side, or repeat for 3-5 repetitions on each side, resting in child's pose or downward-facing dog between repetitions.","To modify Astavakrasana II, use blocks or a strap to support the hands or feet, or practice the pose with the knees bent and the feet on the ground. You can also practice the twist without lifting the legs off the ground, or use a wall for support and balance.","1. Begin in a squatting position with your hands on the ground and your feet hip-width apart. 2. Twist your torso to one side, placing your right hand on the outside of your left knee and your left hand on the ground beside your right foot. 3. Lift your legs off the ground, balancing on your arms and the inner edge of your back foot. 4. Extend your spine, engage your core, and gaze forward, holding the balance for a few breaths before slowly releasing the pose. 5. Repeat on the other side."
50,Bakasana II,Bakasana II,balancing,advanced,"Bakasana II strengthens the arms, shoulders, and core muscles, improves balance and concentration, and enhances overall physical and mental stability. It also stretches the chest and shoulders, promoting better posture. Regular practice of this pose can also boost confidence and self-esteem.","Avoid Bakasana II if you have any shoulder or wrist injuries, or if you experience high blood pressure, as it may exacerbate these conditions. Pregnant women should also avoid this pose, especially in the later stages of pregnancy.","Inhale deeply as you lift your legs off the ground, and exhale slowly as you balance and engage your core. Continue to breathe naturally and smoothly, avoiding any jerky movements.","Hold Bakasana II for 3-5 breaths, or as long as you feel comfortable and balanced. Repeat for 2-3 sets, resting in between sets if needed.","If you're struggling to balance, try using a block or a strap to support your legs or lower back. You can also practice Bakasana I, which involves lifting only one leg off the ground, before progressing to Bakasana II. Another option is to place your hands on a wall or a chair for support.","1. Start in a squatting position with your feet hip-width apart and your hands on the ground in front of you. 2. Bend your elbows slightly and lean forward, lifting your legs off the ground and balancing on your hands. 3. Engage your core muscles, lift your chest, and gaze forward, keeping your body in a straight line from head to heels. 4. As you balance, focus on your breath and maintain a steady gaze, avoiding any jerky movements."
51,Parsva Bakasana,Parsva Bakasana,balancing,advanced,"Parsva Bakasana, or Side Crow Pose, physically strengthens the arms, shoulders, and core, while also improving balance and focus. Mentally, it cultivates concentration, confidence, and a sense of grounding. Regular practice of this pose can also improve overall physical awareness and coordination.","Avoid practicing Parsva Bakasana if you have any wrist or shoulder injuries, or if you experience dizziness or lightheadedness. Pregnant women should also modify or avoid this pose, especially in the later stages of pregnancy.","Inhale as you lift your legs off the ground and balance, exhale as you settle into the pose and engage your core. Continue to breathe naturally, focusing on smooth, steady breaths to maintain balance.","Hold the pose for 3-5 breaths, or up to 30 seconds, and repeat on the other side. Practice 2-3 repetitions on each side, taking breaks to rest and recover as needed.","For a more accessible version, try practicing with a block or strap under your hands for support. You can also modify the pose by bending your knees and bringing your weight closer to your arms, or by practicing against a wall for added stability.","1. Begin in a high squat position with your feet hip-width apart, hands shoulder-width apart, and arms bent at a 90-degree angle. 2. Shift your weight onto your hands and lift your heels off the ground, balancing on the balls of your feet. 3. As you inhale, lift your legs off the ground and balance on your arms, keeping your core engaged and your body in a straight line from head to heels. 4. Exhale and settle into the pose, focusing on your breath and maintaining balance."
52,Eka Pada Rajakapotasana II,Eka Pada Rajakapotasana II,forward_fold,advanced,"Eka Pada Rajakapotasana II stretches the entire back side of the body, including the spine, hips, and legs, while also strengthening the arms and shoulders. It can help to improve flexibility and balance, and may also aid in stress relief and mental focus. Regular practice of this pose can also improve posture and reduce back pain.","Avoid this pose if you have any serious back or neck injuries, or if you are experiencing any sharp pains or discomfort in your spine or joints. Pregnant women and those with high blood pressure should also approach with caution.","Inhale: Lengthen the spine and engage the arms, exhale: Fold forward, keeping the arms straight, inhale: Lift the chest and lengthen the neck, exhale: Release any tension in the body.","Hold the pose for 3-5 breaths, repeating 2-3 times on each side.","Use a block or strap to support the hand or foot if you are unable to reach the ground. You can also modify the pose by bending the front knee or keeping the back leg straight, but not lifted. For a gentler stretch, try keeping the back leg on the ground instead of lifting it.","1. Begin on all fours, then bring one knee forward and place the foot on the ground in front of the other knee. 2. Extend the arms straight out in front of you, keeping them parallel to the ground. 3. Inhale and lengthen the spine, then exhale and fold forward, reaching for the ground with your hands. 4. Keep the arms straight and engage the shoulders, lifting the chest and lengthening the neck. 5. Hold the pose, breathing deeply, then slowly release and repeat on the other side."
53,Lolasana,Lolasana,balancing,advanced,"Lolasana strengthens the arms, shoulders, and core muscles, while improving overall balance and concentration. It also opens the chest and improves flexibility in the shoulders and upper back. Regular practice can help build confidence and mental focus.","Avoid Lolasana if you have any injuries to the shoulders, wrists, or arms, or if you have high blood pressure or are pregnant. Additionally, if you experience any discomfort or pain in the shoulders or arms, discontinue the pose immediately.","Inhale and engage the core muscles, then exhale and lift the legs off the ground. Hold the breath for a brief moment at the peak of the pose, then inhale and slowly lower the legs back down.","Hold Lolasana for 3-5 breaths, or as long as you can maintain balance and control. Repeat for 2-3 sets, resting for 30 seconds to 1 minute between sets.","For a modified version, practice Lolasana with the legs bent at a 90-degree angle or with the feet touching the ground. You can also use a block or strap to support the legs or arms. For beginners, start by practicing the pose with the legs lifted only a few inches off the ground.","1. Start in a seated position with the legs straight out in front of you. Place the hands on the ground beside your hips, with the fingers spread wide. 2. Engage the core muscles and lift the legs off the ground, keeping them straight. 3. As you lift the legs, press the palms into the ground and straighten the arms, lifting the hips and torso off the ground. 4. Balance the body on the hands, with the legs lifted and the torso straight. 5. Hold the pose for 3-5 breaths, then slowly lower the legs back down."
54,Hala Asana,Hala Asana,backbend,advanced,"Hala Asana, also known as Plow Pose, stretches the back of the neck, shoulders, and upper back, while also strengthening the muscles in the upper back and improving flexibility in the chest. It can also help to calm the nervous system and promote relaxation. Additionally, it can help to relieve stress and anxiety by releasing tension in the neck and shoulders.","Avoid practicing Hala Asana if you have any neck or shoulder injuries, or if you experience any numbness or tingling in your arms or legs. It's also recommended to avoid this pose if you have high blood pressure or are pregnant.","Inhale as you lift your legs up and over your head, exhale as you lower your legs back down to the starting position.","Hold the pose for 3-5 breaths, or 30 seconds to 1 minute, and repeat for 2-3 repetitions.","For a modified version, use blocks or a strap to support your shoulders and upper back. You can also practice a gentle version of the pose by lifting your legs only to a 45-degree angle, or by using a wall for support.","1. Start by lying on your back with your arms at your sides and your legs straight. Inhale and lift your legs up and over your head, keeping them straight. 2. As you lift your legs, use your core muscles to support your lower back and keep your spine long. 3. Continue to lift your legs until they are at a 90-degree angle to the floor, or as far as is comfortable for you. 4. Hold the pose, breathing deeply and feeling the stretch in your upper back and shoulders. 5. Exhale and slowly lower your legs back down to the starting position."
55,Dwi Pada Viparita Dandasana,Dwi Pada Viparita Dandasana,inversion,advanced,"Dwi Pada Viparita Dandasana strengthens the arms, shoulders, and core while stretching the chest and shoulders. It also improves flexibility in the upper back and hips. Additionally, this pose can help calm the mind and reduce stress by stimulating the nervous system.","Avoid this pose if you have shoulder or arm injuries, or if you experience neck pain or discomfort. Also, people with high blood pressure, glaucoma, or detached retinas should avoid this inversion.",Inhale as you lift your legs up and balance on your hands. Exhale as you slowly lower your legs back down.,"Hold the pose for 3-5 breaths, or as long as you feel comfortable and balanced.","For beginners, you can start by practicing Handstand or Headstand against a wall for support. You can also place a block or a strap under your back for added support. If you're struggling to lift your legs, try lifting one leg at a time or using a leg up the wall pose as a variation.","1. Start in a Handstand position against a wall, with your hands shoulder-width apart and your fingers spread wide. 2. Engage your core and lift your legs straight up, keeping them together and your toes pointed. 3. As you balance on your hands, slowly lift your torso and legs so that your body forms a straight line from head to heels. 4. Keep your arms straight and your shoulders down, engaging your entire body to maintain balance and control."
56,Eka Pada Viparita Dandasana,Eka Pada Viparita Dandasana,inversion,advanced,"Eka Pada Viparita Dandasana strengthens the back muscles, opens the chest, and stretches the shoulders, while also promoting balance, focus, and mental clarity. Regular practice can improve flexibility, posture, and overall physical alignment. Additionally, this inversion can help calm the nervous system and reduce stress.","Avoid this pose if you have neck or shoulder injuries, high blood pressure, or are pregnant. It's also not recommended for those with chronic back pain or severe sciatica.","Inhale as you lift your legs and chest, exhale as you lengthen and balance, and maintain a steady, even breath as you hold the pose.","Hold for 3-5 breaths on each side, or as long as you feel comfortable and balanced.","Use a wall for support, or place a block under your hands for added stability. For a more accessible version, try lifting only one leg at a time, or using a strap to deepen the stretch.","1. Start in a tabletop position on your hands and knees, then lift your right leg up and back, keeping it straight. 2. As you lift, press your palms into the ground and lift your chest, keeping your shoulders down and away from your ears. 3. Balance on your hands and the ball of your left foot, engaging your core and maintaining a straight line from head to heel. 4. Hold and breathe, then slowly lower and repeat on the other side."
57,Viparita Karani,Viparita Karani,inversion,advanced,"Viparita Karani offers numerous physical benefits, including relief from varicose veins, improved circulation, and reduced swelling in the legs. It also helps to calm the nervous system, promoting relaxation and reducing stress. Mentally, this pose can help quiet the mind and promote a sense of inner peace.","Avoid Viparita Karani if you have high blood pressure, heart problems, or recent injuries to the neck or back. Pregnant women should also avoid this pose or modify it under the guidance of a qualified instructor.","Inhale deeply into the chest, feeling the breath fill the lungs. Exhale slowly, allowing the body to relax and settle into the pose. Continue to breathe naturally, without forcing or controlling the breath.","Hold Viparita Karani for 5-15 minutes, or as long as feels comfortable. Beginners may start with shorter holds and gradually increase the duration as they become more comfortable with the pose.","For a modified version, use blocks or a wall to support the legs and reduce the angle of inversion. You can also use a strap or belt to secure the legs if they tend to slide down. For a more restorative approach, use a bolster or pillows to support the back and legs.","1. Find a quiet and comfortable space to practice, with a wall or blocks nearby for support. Lie on your back with your legs straight up against the wall, with your hips and knees bent at a 90-degree angle. 2. Slowly lift your legs up and over your head, keeping them straight, until they are at a 45-degree angle to the floor. 3. Support your lower back with your hands or a block, and engage your core muscles to maintain the pose. 4. Allow your body to relax and settle into the pose, feeling the gentle stretch in the neck and shoulders."
58,Urdhva Dhanurasana,Urdhva Dhanurasana,backbend,advanced,"Urdhva Dhanurasana strengthens the muscles in the back, shoulders, and chest, while also opening up the shoulders and improving flexibility. This pose also stimulates the thyroid gland, which can help regulate metabolism. Additionally, it can help to reduce stress and anxiety by releasing tension in the body.","Avoid Urdhva Dhanurasana if you have any neck or back injuries, high blood pressure, or are pregnant. It is also not recommended for people with severe osteoporosis or glaucoma.","Inhale as you lift your hips and chest off the ground, and exhale as you slowly lower back down. Take deep, controlled breaths while holding the pose.","Hold Urdhva Dhanurasana for 3-5 breaths, or as long as you feel comfortable. Repeat the pose 2-3 times, resting for a few breaths in between.","To modify Urdhva Dhanurasana, you can use blocks or straps to support your hands or feet. You can also practice the pose with your knees slightly bent or with a wall behind you for support.","1. Lie on your back with your knees bent and feet flat on the ground, hip-width apart. Place your hands under your shoulders with your fingers spread wide. 2. Inhale and press your palms into the ground, lifting your hips and chest off the ground. Straighten your arms and lift your chest towards the ceiling. 3. Keep your shoulders down and away from your ears, and engage your core muscles to support your back. 4. Hold the pose for 3-5 breaths, feeling the stretch in your chest and shoulders. 5. Exhale and slowly lower back down to the ground, resting for a few breaths before repeating."
59,Rajakapotasana,Rajakapotasana,backbend,advanced,"Rajakapotasana, also known as King Pigeon Pose, is an advanced backbend that offers numerous physical and mental benefits. Physically, it strengthens the back muscles, opens the chest and shoulders, and can improve flexibility in the hips and spine. Mentally, it can help cultivate confidence, courage, and a sense of empowerment.","Avoid practicing Rajakapotasana if you have any neck or back injuries, or if you experience chronic pain in the shoulders, hips, or knees. Pregnant women should also avoid this pose or modify it under the guidance of an experienced yoga instructor.","Inhale: Lengthen the spine and reach the arms forward. Exhale: Fold forward and deepen the backbend. Repeat the breath, maintaining the pose and feeling the opening in the chest and shoulders.","Hold the pose for 3-5 breaths, or repeat for 2-3 sets, resting in a neutral position in between.","For a more accessible version, use a block or strap to support the back hand or to deepen the stretch in the chest. You can also modify the pose by keeping the back leg bent, or by practicing a 'half' King Pigeon Pose with the front leg bent and the back leg straight.","1. Begin on your hands and knees, with your right knee forward and your left knee back. Inhale and lengthen your spine, reaching your arms forward and up. 2. Exhale and fold forward, reaching your right hand back to grasp your left ankle. 3. Inhale and lift your chest, keeping your shoulders down and away from your ears. 4. Exhale and deepen the backbend, feeling the stretch in your chest and shoulders. 5. Hold the pose, then slowly release and repeat on the other side."
60,Eka Pada Rajakapotasana,Eka Pada Rajakapotasana,backbend,advanced,"Eka Pada Rajakapotasana stretches the entire back, shoulders, and chest, promoting flexibility and opening up the heart center. It also strengthens the arms, shoulders, and back muscles, improving overall posture. This pose can help calm the mind and reduce stress by releasing tension in the body.","Avoid this pose if you have a recent or chronic back injury, shoulder injury, or wrist issues. It's also not recommended for pregnant women, especially in the later stages, as it can put pressure on the abdomen and lower back.","Inhale as you lift your leg, exhale as you fold forward, inhale to lengthen and expand the chest, and exhale to deepen the stretch.","Hold the pose for 3-5 breaths on each side, or repeat 2-3 times on each side, depending on your comfort level and practice goals.","Use a block or strap to support the extended leg, or place a hand on the ground for added stability. If the full expression is not accessible, try a modified version with the knee bent or the foot resting on the ground instead of extending it. You can also use a wall for support and balance.","1. Start in a tabletop position on your hands and knees. Extend your right leg behind you, keeping it straight, and place your right hand on the ground beside your left knee. 2. Inhale and lengthen your spine, then exhale and fold forward, reaching for your right ankle with your left hand. 3. Inhale and lift your chest, expanding your heart center, and balance on your left hand and right knee. 4. Exhale and deepen the stretch, keeping your back leg straight and your front shoulder down. 5. Gently release the pose and repeat on the other side."
61,Laghu Vajrasana,Laghu Vajrasana,backbend,advanced,"Laghu Vajrasana strengthens the back muscles, improves flexibility in the chest and shoulders, and can help alleviate respiratory issues. It also stimulates the thyroid gland, which can help regulate metabolism. Mentally, this pose can help build confidence and courage.","Avoid Laghu Vajrasana if you have any neck or back injuries, high blood pressure, or are pregnant. People with sensitive knees or ankles should also approach this pose with caution.","Inhale deeply as you arch your back and lift your chest, exhale slowly as you lower your chin towards your chest and relax your shoulders.","Hold the pose for 3-5 breaths, repeating 2-3 times.","For a more accessible version, place a block or strap under your forehead to support your neck. You can also practice this pose with your knees slightly apart or use a wall for support. For a deeper stretch, place your hands on your thighs and gently press your chest forward.","1. Kneel on your mat with your knees hip-width apart and your weight evenly distributed between both legs. 2. Interlace your fingers behind your back and gently arch your back, lifting your chest and chin towards the ceiling. 3. As you inhale, slowly lift your chin and chest higher, keeping your shoulders down and away from your ears. 4. Hold the pose, breathing deeply, and then exhale slowly as you lower your chin towards your chest and relax your shoulders. 5. Repeat the process 2-3 times, coming out of the pose slowly and carefully."
62,Anjaneyasana,Anjaneyasana,lunge,beginner,"Anjaneyasana, also known as Low Lunge, strengthens the quadriceps, calves, and glutes, while stretching the hips and quadriceps. This pose also improves balance and stability, promoting focus and mental clarity. Regular practice of Anjaneyasana can help alleviate lower back pain and sciatica.",Avoid Anjaneyasana if you have knee injuries or chronic knee pain. Individuals with severe hip or ankle injuries should also modify or avoid this pose.,"Inhale as you step your right foot forward and lower your torso, lengthening your spine. Exhale as you sink deeper into the lunge, keeping your back knee almost touching the ground.",Hold Anjaneyasana for 3-5 breaths on each side. Repeat on the other side by switching legs.,"For a gentler variation, keep your back knee on the ground instead of lowering it almost to the ground. You can also use a block under your back knee for support or under your front thigh for added lift. For an easier balance, keep your hands on the ground or a block beside your front foot.","1. Begin in a tabletop position on your hands and knees. Step your right foot forward between your hands, keeping your left knee almost touching the ground. 2. Lower your torso, lengthening your spine, and engage your core muscles to support your lower back. 3. As you inhale, lift your arms up and out to the sides, keeping them parallel to the ground, and gaze forward. 4. Exhale, and slowly lower your back knee almost to the ground, stretching your quadriceps and hips."
63,Prasarita Padottanasana,Prasarita Padottanasana,standing,beginner,"Prasarita Padottanasana stretches the entire back side of the body, from the shoulders to the heels. This pose can also help to calm the nervous system and relieve stress. Regular practice can also improve flexibility and balance.","Avoid this pose if you have any recent back injuries, knee issues, or high blood pressure. Pregnant women should also avoid deep forward bends.","Inhale: Lengthen the spine and engage the core. Exhale: Fold forward, reaching for the ground or a block.","Hold for 3-5 breaths, rest for 1-2 breaths, and repeat for 2-3 sets.",Use blocks or a strap to support your hands if you can't reach the ground. You can also bend your knees slightly if your back feels strained.,"1. Stand with your feet wide apart, with your hands on your hips. 2. Engage your core and lengthen your spine, feeling a sense of grounding and stability. 3. Exhale and fold forward, reaching for the ground or a block with your hands. Keep your elbows slightly bent and your shoulders relaxed."
64,Virabhadrasana III,Virabhadrasana III,standing,beginner,"Virabhadrasana III strengthens the ankles, calves, and spine, while also improving balance and focus. It can help to stretch the chest and shoulders, and can also improve overall posture. Mentally, this pose can help to build confidence and concentration.","Avoid this pose if you have any recent or severe ankle, knee, or hip injuries, as it can put additional stress on these joints. Additionally, if you have high blood pressure or are experiencing dizziness, it is recommended to modify the pose or avoid it altogether.","Inhale and lengthen your spine, exhale and fold forward, inhale and lift your back leg, exhale and balance. Continue to breathe naturally and smoothly while holding the pose.","Hold for 3-5 breaths, repeat on the other side.","Use a block or a strap to support your hands if you are unable to reach the ground. You can also practice with your back knee bent or with your back foot on the ground for added support. For an easier variation, try practicing 'high lunge' with your back foot on the ground instead of lifted.","1. Start in a high lunge position with your right foot forward and your back knee almost touching the ground. 2. Lengthen your spine and engage your core, then exhale and fold forward, reaching for the ground with your hands. 3. Inhale and lift your back leg off the ground, keeping it straight and parallel to the ground. 4. Balance on your front leg and reach your arms forward, keeping them parallel to the ground. 5. Engage your core and gaze forward, holding the pose for 3-5 breaths before slowly releasing and repeating on the other side."
65,Ardha Chandrasana,Ardha Chandrasana,standing,beginner,"Ardha Chandrasana, or Half Moon Pose, benefits the physical body by stretching the spine, hips, and legs, while also strengthening the ankles and core. It also improves balance and focus, promoting mental clarity and calmness. Regular practice of this pose can also help alleviate stress and anxiety.","Avoid Ardha Chandrasana if you have any severe knee or ankle injuries, or if you experience dizziness or lightheadedness. Pregnant women should also practice this pose with caution and under the guidance of a qualified instructor.","Inhale as you lengthen your spine and arms, exhale as you bend your front knee and stretch your back leg. Continue to breathe naturally, focusing on your breath as you hold the pose.","Hold Ardha Chandrasana for 3-5 breaths, or 30-60 seconds, on each side. Repeat 2-3 times, or as needed.","For a more accessible version, use a block or a strap to support your hand or ankle. You can also practice this pose with your back against a wall for added stability. For a more challenging variation, lift your back leg off the ground and balance on one leg.","1. Begin in a lunge position with your right foot forward and your back left knee almost touching the ground. 2. Reach your right arm up towards the ceiling and slide your left hand down your left leg, keeping your spine long and your hips open. 3. As you exhale, bend your front knee and stretch your back leg, keeping your back foot flexed. 4. Continue to reach your right arm up and your left hand down, stretching your spine and hips. 5. Gaze forward and focus on your breath as you hold the pose."
66,Supta Baddha Konasana,Supta Baddha Konasana,restorative,beginner,"Supta Baddha Konasana is a restorative yoga pose that provides numerous physical and mental benefits. Physically, it stretches the hips, groin, and spine, while also relaxing the lower back muscles. Mentally, it calms the mind, reduces stress, and promotes deep relaxation and inner stillness.","Avoid Supta Baddha Konasana if you have any recent hip, knee, or spine injuries, or if you have severe sciatica or lower back pain. Pregnant women should also avoid this pose or modify it with support under the back and knees.","Inhale deeply, feeling the chest expand and the spine lengthen. Exhale slowly, allowing the body to relax and release any tension. Continue to breathe naturally and smoothly, focusing on the sensation of the pose.","Hold Supta Baddha Konasana for 5-10 minutes, or as long as you feel comfortable and relaxed. You can also repeat the pose 2-3 times, resting for a few minutes in between each repetition.","To make Supta Baddha Konasana easier, you can use a bolster or pillow under the knees and another under the lower back for support. You can also place a strap or block under the heels to release tension in the hips and lower back.","1. Lie on your back with your knees bent and feet together, allowing your spine to relax and your body to release any tension. 2. Bring your heels together and let your knees fall apart, stretching your hips and groin. 3. Place a bolster or pillow under your knees and lower back for support, if needed, and allow your body to relax and release any tension. 4. Close your eyes and focus on your breath, feeling the sensation of the pose and allowing yourself to relax and let go."
67,Savasana,Savasana,restorative,beginner,"Savasana, also known as the 'Corpse Pose', is a restorative yoga pose that offers numerous physical and mental benefits. It helps to reduce stress and anxiety, improve sleep quality, and relieve muscle tension. Regular practice of Savasana can also calm the mind, promoting relaxation and inner peace.","Savasana should be avoided by pregnant women in the third trimester, as it can cause blood to pool in the legs. Additionally, individuals with low blood pressure or those who experience dizziness when lying down should practice this pose with caution.","Inhale deeply and naturally, filling the lungs completely. Exhale slowly, allowing the body to release any tension or stress. Continue to breathe naturally, focusing on the sensation of the breath moving in and out of the body.","Hold Savasana for 5-15 minutes, or as long as comfortably possible. Beginners can start with shorter holds of 2-3 minutes and gradually increase the duration as they become more comfortable with the pose.","Use a bolster or pillow under the knees to support the lower back and relieve any discomfort. A blanket or towel can also be placed under the head or neck for added support. For individuals with back issues, a rolled-up towel or block can be placed under the thoracic spine to promote relaxation and reduce tension.","1. Find a quiet and comfortable place to lie down on your back, with your arms and legs relaxed and slightly apart. 2. Close your eyes and take a few deep breaths, allowing your body to release any tension or stress. 3. As you inhale, feel the breath move into the body, and as you exhale, feel any tension or stress melt away. 4. Allow your body to relax completely, feeling the weight of your body sinking into the ground. 5. Remain in Savasana for the desired duration, focusing on your breath and the sensation of relaxation in your body."
68,Supta Matsyendrasana II,Supta Matsyendrasana II,twist,beginner,"Supta Matsyendrasana II provides numerous physical and mental benefits, including increased flexibility in the spine, hips, and torso, as well as reduced stress and anxiety. It also helps to balance the digestive system and promotes a sense of calm and relaxation. Regular practice can also improve posture and balance.","Avoid practicing Supta Matsyendrasana II if you have any recent injuries or surgeries, particularly in the spine, hips, or knees. Pregnant women should also approach with caution and modify the pose accordingly.","Inhale as you lengthen your spine, exhale as you twist your torso to one side, and inhale again as you return to the center. Hold the breath for a brief moment, then exhale as you twist to the other side.","Hold the pose for 30 seconds to 1 minute on each side, repeating 2-3 times on each side.","To make the pose more accessible, you can use a block or a strap to support your knees or torso. Alternatively, you can also practice the pose with your knees slightly bent or with a pillow under your knees for added support.","1. Lie on your back with your knees bent and feet flat on the ground, then bring your knees towards your chest. 2. Allow your knees to fall to one side, keeping your spine long, and hold onto your knees with your hand. 3. As you inhale, lengthen your spine, and as you exhale, gently deepen the twist, keeping your shoulders and hips relaxed."
69,Salamba Sarvangasana,Salamba Sarvangasana,inversion,beginner,"Salamba Sarvangasana, also known as Supported Shoulder Stand, offers numerous physical and mental benefits. It strengthens the shoulders, neck, and upper back muscles, while also stretching the chest and improving spinal flexibility. This pose can also help calm the mind, reduce stress, and promote relaxation.","This pose should be avoided by individuals with neck injuries, glaucoma, or high blood pressure, as well as pregnant women in their second and third trimesters. It is also not recommended for those with recent shoulder or upper back injuries.","Inhale: As you lift your legs up, inhale and engage your core. Exhale: As you set up the pose, exhale and relax your shoulders down. Hold the breath for a few seconds, then resume normal breathing.","Hold the pose for 3-5 breaths, or up to 30 seconds. Repeat for 2-3 sets.","Use a block or strap under your lower back for support. If you're new to inversions, start with a shorter duration and gradually increase as you become more comfortable. You can also practice with a wall behind you for added support.","1. Start by lying on your back with your knees bent and feet flat on the ground. Place your hands under your hips for support. 2. Inhale and lift your legs up, keeping them straight, until they're at a 90-degree angle to your body. 3. Exhale and slowly lower your legs back down, keeping control throughout the movement. 4. To come out of the pose, slowly roll out of the shoulder stand and take a few deep breaths."
70,Viparita Karani II,Viparita Karani II,inversion,beginner,"Viparita Karani II offers numerous physical benefits, including relief from lower back pain, improved circulation, and relaxation of the neck and shoulders. Mentally, this pose promotes a sense of calmness and reduces stress. Additionally, it helps to quiet the mind and prepare for meditation.","Avoid Viparita Karani II if you have glaucoma, high blood pressure, or recent injuries to the neck or shoulders. Pregnant women should also modify or avoid this pose, especially in the later stages of pregnancy.","Inhale deeply, feeling the chest expand and the body relax. Exhale slowly, allowing the body to settle further into the pose, and repeat this process several times.","Hold Viparita Karani II for 5-10 minutes, or as long as you feel comfortable. Beginners may start with shorter durations and gradually increase as they become more accustomed to the pose.","For a more restorative version, place a bolster or pillow under the lower back for support. You can also use a block or strap to support the neck and shoulders if needed. If you're feeling uncomfortable or experiencing discomfort in the neck, consider using a folded blanket or towel for support.","1. Find a quiet and peaceful space to practice Viparita Karani II. Place a wall behind you for support and lie on your back with your legs up against the wall. 2. Allow your body to relax and let your legs bend at a 90-degree angle, with your feet flexed and your spine long. 3. Close your eyes and focus on your breath, feeling the calmness and relaxation spread throughout your body. 4. As you inhale and exhale, allow your body to settle deeper into the pose, feeling the support of the wall and the relaxation in your muscles."
71,Virabhadrasana,Virabhadrasana,standing,beginner,"Virabhadrasana (Warrior Pose) strengthens the legs, hips, and core, while stretching the chest and lungs. It also improves balance, focus, and mental clarity. Regular practice of this pose can boost confidence and reduce stress.",Avoid Virabhadrasana if you have any knee injuries or chronic knee pain. Pregnant women should modify the pose to avoid deep knee bends.,"Inhale and lengthen your spine, exhale and bend your front knee.","Hold the pose for 3-5 breaths on each side, repeat for 2-3 sets.","Use a block or strap to support your front knee if you have any knee issues. For a deeper stretch, place your back foot at a 45-degree angle. To make it easier, shorten your stride or keep your back foot parallel to the back of the mat.","1. Stand with your feet wide apart, with one foot facing forward and the other foot at a 90-degree angle. 2. Bend your front knee over your ankle, keeping your thigh parallel to the ground. 3. Stretch your arms out to the sides, parallel to the ground, and gaze forward, keeping your spine long. 4. Engage your core and press your back foot into the ground, feeling strong and grounded."
72,Tadasana II,Tadasana II,standing,beginner,"Tadasana II, or Mountain Pose, improves posture by establishing proper alignment of the head, shoulders, hips, and ankles. It also helps to strengthen the core and leg muscles. Additionally, this pose promotes mental clarity and focus, allowing for a sense of grounding and stability.",Avoid Tadasana II if you have any severe back or ankle injuries. Pregnant women should also modify the pose by taking a wider stance to accommodate their center of gravity.,"Inhale: Lengthen the spine, feeling the ground rise up to meet you. Exhale: Engage the core, drawing the navel towards the spine.","Hold for 5-10 breaths, repeating as needed to establish a strong foundation for other standing poses.","For added support, use a block or a wall to help maintain proper alignment. For those with ankle or knee issues, try placing the feet slightly wider apart to reduce pressure.","1. Start with your feet hip-width apart and parallel to each other, engaging your core and drawing your navel towards your spine. 2. Lengthen your spine, feeling the crown of your head reaching towards the ceiling and your shoulders relaxing down away from your ears. 3. Engage your leg muscles, drawing your weight evenly into both feet. 4. Take a deep breath in, feeling the ground rise up to meet you, and exhale, maintaining the engagement of your core and leg muscles. 5. Hold, focusing on the sensation of stability and grounding."
73,Utkatasana,Utkatasana,standing,beginner,"Utkatasana, also known as Chair Pose, strengthens the legs and hips, improves balance and flexibility, and helps to build confidence and focus. It also engages the core and can help improve posture. Additionally, this pose can help to reduce stress and fatigue.",Avoid practicing Utkatasana if you have any knee injuries or chronic knee pain. Pregnant women and individuals with severe back problems should also modify or avoid this pose.,"Inhale: Lengthen the spine and engage the core as you bend your knees. Exhale: Sink deeper into the pose, keeping your back straight and your weight in your heels.","Hold Utkatasana for 3-5 breaths, or 30-60 seconds, and repeat for 2-3 repetitions.","For beginners or those with knee issues, modify the pose by keeping your knees slightly bent or using a block or chair for support. You can also practice with your back against a wall for added stability.","1. Stand with your feet hip-width apart, parallel to each other, and facing forward. 2. Engage your core and lengthen your spine, then bend your knees and sink your hips down into a seated position, as if you were sitting in a chair. 3. Keep your back straight, your weight in your heels, and your arms by your sides or on your hips. 4. Gaze forward and engage your core to maintain balance and stability."
74,Supta Padangusthasana,Supta Padangusthasana,forward_fold,beginner,"Supta Padangusthasana stretches the hamstrings, calves, and spine, improving flexibility and range of motion. It also helps to calm the nervous system, reducing stress and anxiety. Regular practice can lead to improved posture and reduced muscle tension.","Avoid this pose if you have any recent or severe injuries to the knees, hips, or lower back. It's also not recommended for those with sciatica or other conditions that cause nerve pain.","Inhale: Lengthen the spine and slowly lift the leg. Exhale: Deeply stretch the back leg, gently pulling the toes towards the head.","Hold the pose for 3-5 breaths on each leg, or for 30 seconds to a minute.","For a more gentle stretch, use a strap or towel to support the leg. You can also bend the knee of the lifted leg if it feels too intense. For added support, place a block or blanket under the lower back.","1. Lie on your back with your arms at your sides and legs straight. 2. Slowly lift your right leg towards the ceiling, keeping it straight, and hold onto your big toe with your hand. 3. Gently pull your leg towards your head, stretching your hamstrings and calves. 4. Keep your left leg and hips relaxed, and engage your core to support your lower back."
75,Prishthasana,Prishthasana,backbend,beginner,"Prishthasana stretches the chest, shoulders, and upper back, improving flexibility and posture. It also strengthens the back muscles and opens the heart center, promoting confidence and self-awareness. Regular practice can also help alleviate stress and anxiety.","Avoid Prishthasana if you have any neck or back injuries, or if you experience discomfort or pain in your shoulders or chest. Pregnant women should also approach with caution and modify the pose as needed.","Inhale as you lengthen your spine and open your chest, exhale as you deepen the stretch and engage your back muscles.","Hold the pose for 3-5 breaths, repeat 2-3 times.",Use a block or strap to support your chest and shoulders if you're new to Prishthasana or experience discomfort. You can also modify the pose by keeping your knees slightly bent or using a wall for support.,"1. Kneel on your mat with your shins hip-width apart and your hands on the ground in front of you. 2. Inhale and lengthen your spine, then exhale and place your palms on the ground behind you. 3. Inhale and slowly arch your chest forward and up, keeping your shoulders down and away from your ears. 4. Exhale and deepen the stretch, engaging your back muscles and feeling the opening in your chest and shoulders."
76,Marichyasana,Marichyasana,seated,beginner,"Marichyasana is a seated spinal twist pose that helps to stretch and lengthen the spine, hips, and torso, while also improving flexibility and relieving stress and tension. Physically, it can help to ease sciatica, lower back pain, and stiffness in the hips and knees. Mentally, it can help to calm the mind, promote focus, and reduce anxiety.","Marichyasana should be avoided by those with severe back or spine injuries, herniated discs, or spinal conditions such as spondylolisthesis or spinal stenosis. Pregnant women should also avoid deep twists and modify the pose to a more gentle variation.","Inhale deeply as you lengthen the spine, then exhale slowly as you twist to the right, keeping the breath steady and smooth throughout the pose. Repeat the process as you twist to the left.","Hold Marichyasana for 3-5 breaths on each side, repeating the pose 2-3 times on each side.","For a more accessible variation, use a block or strap to deepen the twist or support the back knee. You can also modify the pose by keeping the back leg straight or using a wall for support.","1. Sit on the floor with your legs extended in front of you, then bend your right knee and place your right foot on the ground beside your left thigh. 2. Lengthen your spine and inhale deeply, then exhale slowly as you twist your torso to the right, bringing your right hand to your left knee. 3. Keep your hips facing forward and your spine long, looking over your left shoulder as you deepen the twist. 4. Repeat the process on the other side by twisting to the left."
77,Virabhadrasana II,Virabhadrasana II,standing,beginner,"Virabhadrasana II, or Warrior II, is a standing pose that strengthens the legs, hips, and ankles, while also stretching the chest and shoulders. It also helps improve balance and focus, promoting mental clarity and confidence. Regular practice can also aid in reducing stress and anxiety.","Avoid this pose if you have any knee or hip injuries, or if you experience high blood pressure or dizziness. It's also recommended to modify or avoid this pose during pregnancy or menstruation.","Inhale: Lengthen the spine and arms, expanding the chest. Exhale: Engage the core and stretch the arms, deepening the stretch in the hips and chest.","Hold the pose for 3-5 breaths, repeating on the other side.","For a more accessible version, use a block under the hand for support, or shorten the distance between the feet. You can also practice with a wall behind you for balance support.","Step 1: Stand with your feet wide apart, with one foot facing forward and the other foot at a 90-degree angle. Step 2: Bend the front knee, keeping it over the ankle, and stretch the arms out to the sides, parallel to the ground. Step 3: Engage your core, lengthen your spine, and stretch your chest forward, gazing over the front hand. Step 4: Deepen the stretch by sinking the hips and stretching the back leg, keeping the knee straight. Step 5: Hold the pose, breathing deeply, and then repeat on the other side."
78,Anjaneyasana II,Anjaneyasana II,lunge,beginner,"Anjaneyasana II strengthens the quadriceps, hamstrings, and glutes, while also expanding the chest and shoulders. It can also improve balance and focus. Regular practice can also help to reduce stress and anxiety by promoting relaxation and calmness.",Avoid practicing Anjaneyasana II if you have any knee injuries or chronic knee pain. It's also recommended to modify or avoid the pose if you have any hip replacements or severe hip problems.,"Inhale as you step your right foot forward and lengthen your spine. Exhale as you lower your back knee towards the ground, keeping your front thigh parallel to the ground.","Hold the pose for 3-5 breaths on each side, repeating for 2-3 sets.","For a more accessible version, place your back knee on the ground or use a block under your back knee for support. You can also use a strap or towel to deepen the stretch in your chest and shoulders.","1. Begin in a high lunge position with your right foot forward and your back foot about a foot behind you. Engage your core and lengthen your spine. 2. As you inhale, reach your arms up and over your head, keeping them parallel to each other. 3. As you exhale, lower your back knee towards the ground, keeping your front thigh parallel to the ground and your spine long. 4. Keep your front knee directly over your ankle and your weight evenly distributed between both legs. 5. Switch sides and repeat on the other side."
79,Marjaryasana,Marjaryasana,standing,beginner,"Marjaryasana, also known as Cat Pose, is a beginner-friendly standing pose that provides numerous physical and mental benefits, including stretching the spine, improving flexibility in the neck, and promoting relaxation. Regular practice of this pose can also help reduce stress and anxiety. Additionally, it can help to warm up the muscles and prepare the body for more dynamic movements.","Avoid practicing Marjaryasana if you have any neck or spine injuries, or if you experience any discomfort or pain in your neck or back. Pregnant women should also approach this pose with caution and modify it to avoid any strain on the neck or back.","Inhale: Lengthen the spine and arch the back, lifting the tailbone and head towards the ceiling. Exhale: Round the back, tucking the chin towards the chest and the tailbone towards the ground.","Hold for 3-5 breaths, repeating the cycle 2-3 times.","For a gentler variation, you can practice Marjaryasana on your hands and knees instead of standing. You can also use a block or strap to support your neck and back if needed.","1. Start by standing on all fours with your hands shoulder-width apart and your knees directly under your hips. 2. Inhale and arch your back, lifting your tailbone and head towards the ceiling, keeping your arms straight. 3. Exhale and round your back, tucking your chin towards your chest and your tailbone towards the ground, allowing your head and torso to release. 4. Continue to move slowly and smoothly through the cycle, breathing deeply and maintaining awareness of your body position."
80,Chaturanga Dandasana II,Chaturanga Dandasana II,standing,beginner,"Chaturanga Dandasana II strengthens the arms, shoulders, and upper back, while also engaging the core and improving balance and overall stability. Regular practice can also improve mental focus and concentration. Additionally, this pose can help to build internal heat and energize the body.","Avoid this pose if you have any wrist, elbow, or shoulder injuries. It's also recommended to avoid Chaturanga Dandasana II if you have any underlying core or spinal issues.","Exhale as you lower your body down, keeping your elbows close to your body, and inhale as you transition into the next pose or come back to the starting position.","Hold Chaturanga Dandasana II for a brief moment, about 1-2 breaths, before transitioning into the next pose. Repeat for 3-5 repetitions, depending on your practice and level of comfort.","To modify Chaturanga Dandasana II, try keeping your knees slightly bent or using a block under your hands for additional support. You can also practice the pose with your forearms on the ground instead of your hands, or use a wall for support.","1. Start in a high plank position with your hands shoulder-width apart and your body in a straight line from head to heels. 2. Engage your core and slowly lower your body down, keeping your elbows close to your body, until your upper arms are parallel to the ground. 3. Briefly pause in this position, keeping your body straight and your core engaged, before transitioning into the next pose."
81,Bharadvajasana II,Bharadvajasana II,twist,beginner,"Bharadvajasana II is a beginner-friendly twist that helps to stretch and warm up the spine, hips, and torso. It also strengthens the muscles in the back and improves flexibility. Mentally, this pose can help reduce stress and anxiety by releasing tension in the body.","Avoid this pose if you have any severe spinal injuries, neck problems, or recent abdominal surgery. Pregnant women should also approach this pose with caution and modify it as needed.","Inhale deeply as you lengthen the spine, and exhale as you twist to the right or left, allowing the body to release any tension. Hold the pose and breathe naturally, feeling the stretch deepen with each exhale.","Hold for 3-5 breaths on each side, repeating the pose 2-3 times on each side.","For a gentler version, you can place a block or blanket under your seat for support. If you find it difficult to twist, you can also try a seated spinal twist with a shorter range of motion or use a strap to deepen the stretch.","1. Sit on the floor with your legs crossed, with your right knee on top of your left knee. 2. Lengthen your spine and inhale deeply, feeling the body expand. 3. Exhale and twist to the right, placing your right hand on the outside of your left knee. 4. Gaze over your left shoulder, keeping the spine long and the body relaxed. 5. Repeat on the other side, twisting to the left."
82,Ustrasana,Ustrasana,backbend,beginner,"Ustrasana, also known as Camel Pose, provides physical benefits such as strengthening the back muscles and improving spinal flexibility. It also helps to open the chest and shoulders, which can improve posture and reduce stress. Mentally, Ustrasana can help to increase confidence and reduce anxiety by promoting a sense of empowerment and expansion.","Ustrasana should be avoided by individuals with neck or back injuries, as well as those with high blood pressure or any condition that may be exacerbated by deep backbending. Pregnant women should also approach with caution and modify the pose as needed.","Inhale and lengthen the spine, then exhale and slowly arch the back, keeping the breath steady as you hold the pose.","Hold Ustrasana for 3-5 breaths, or 15-30 seconds, and repeat 2-3 times.","For beginners or those with flexibility limitations, a block or strap can be used to support the hands or feet. Alternatively, a gentle version of the pose can be practiced by keeping the hands on the thighs or knees instead of the heels.","1. Kneel on the mat with your knees hip-width apart and your hands on your hips. 2. Inhale and lengthen the spine, then exhale and slowly arch the back, keeping the chest open and the shoulders down. 3. As you arch, reach back with your hands and grasp your heels or ankles, keeping your arms straight. 4. Hold the pose, keeping the breath steady and the body engaged, and avoid compressing the neck or shoulders."
83,Vrksasana II,Vrksasana II,balancing,beginner,"Vrksasana II, also known as Tree Pose II, offers physical benefits such as strengthening the ankles, calves, and spine, while improving overall balance and stability. Mentally, it cultivates focus and concentration, promoting calmness and clarity of mind. Regular practice also enhances body awareness and self-confidence.","Avoid practicing Vrksasana II if you have severe ankle or knee injuries, or if you experience dizziness or lightheadedness. Pregnant women should also practice with caution and support.","Inhale as you lift your arms up, exhale as you engage your core, and maintain steady, calm breaths while balancing.","Hold Vrksasana II for 30 seconds to 1 minute on each leg, and repeat 2-3 times on each side.","For beginners or those with limited balance, practice with support by placing your back against a wall or using a block under your hand for balance. You can also practice with your eyes open, focusing on a fixed point in front of you.","1. Start by standing on one leg, with the other foot resting on the inner thigh. Engage your core and lengthen your spine. 2. Inhale and lift your arms up overhead, keeping them parallel to each other and your palms facing forward. 3. Exhale and engage your core, maintaining balance and stability. 4. Gaze forward, focusing on a fixed point, and maintain steady breaths."
84,Virabhadrasana III II,Virabhadrasana III II,standing,beginner,"Virabhadrasana III II strengthens the ankles, calves, and spine, while also improving balance and focus. It can help to build confidence and concentration. Regular practice of this pose can also improve overall posture and reduce stress.",Avoid this pose if you have recent knee injuries or severe ankle sprains. Pregnant women should also practice with caution and modify the pose as needed.,"Inhale as you lift your back leg off the ground, and exhale as you lengthen your spine and balance on one leg. Continue to breathe naturally, focusing on your breath to maintain balance.","Hold for 3-5 breaths, then repeat on the other side. Start with shorter holds and gradually increase the duration as you build balance and confidence.","Use a block or wall for support if you're struggling to balance. You can also practice with both hands on the ground for added stability, or with your back knee bent at a 90-degree angle to reduce strain on the knee.","Step 1: Start in a high lunge position with your right foot forward, then lift your left heel off the ground and balance on your right leg. Step 2: Engage your core and lengthen your spine, reaching your arms forward and parallel to the ground. Step 3: Gaze forward and focus on a fixed point in front of you to maintain balance. Step 4: As you balance, lift your left leg higher, keeping it straight and parallel to the ground. Step 5: Hold the pose, breathing naturally, then slowly lower your left leg back down and repeat on the other side."
85,Hastottanasana,Hastottanasana,standing,beginner,"Hastottanasana, or Hands Down Pose, stretches the hamstrings, calves, and spine, while also lengthening the entire back side of the body. It can help to relieve stress and anxiety by releasing tension in the neck and shoulders. Regular practice can also improve balance and posture.","Avoid Hastottanasana if you have any neck or back injuries, or if you have high blood pressure. Pregnant women should also modify the pose or avoid it altogether, especially in the later stages of pregnancy.","Inhale and lengthen the spine, exhale and fold forward, reaching for the toes or shins.","Hold the pose for 3-5 breaths, or 15-30 seconds, and repeat 2-3 times.","For beginners or those with tight hamstrings, use a block or strap to support the hands under the feet or on the shins. You can also bend the knees slightly to reduce the stretch in the back legs. For a more intense stretch, try to reach for the toes or further down towards the ground.","Step 1: Stand with your feet hip-width apart, arms by your sides, and engage your core. Step 2: Inhale and lengthen the spine, feeling the crown of the head reach towards the ceiling. Step 3: Exhale and fold forward, reaching for the toes or shins, keeping the knees slightly bent if necessary. Step 4: Keep the arms straight and the palms pressing into the ground, feeling the stretch in the back of the legs and the spine. Step 5: Hold the pose, breathing deeply, and then slowly roll up to standing on an inhale."
86,Supta Baddha Konasana II,Supta Baddha Konasana II,restorative,beginner,"Supta Baddha Konasana II stretches the chest, shoulders, and upper back, while also releasing tension in the neck and improving spinal flexibility. It can also help to calm the mind and promote relaxation. Regular practice can also help to improve posture and reduce stress.","Avoid this pose if you have any neck or shoulder injuries, or if you experience any discomfort or pain in these areas. Pregnant women should also modify the pose by using additional support under the back.","Inhale deeply, feeling the chest expand and the shoulders relax. Exhale slowly, allowing the body to sink deeper into the stretch.","Hold the pose for 3-5 minutes, breathing deeply and slowly. You can also repeat the pose for 2-3 rounds, resting for 30 seconds to 1 minute between each round.","Use a block or strap to support the back and shoulders if you experience any discomfort. You can also place a folded blanket or towel under the neck for extra support. If you find it difficult to bind your hands behind your back, use a strap to connect your hands.","1. Lie on your back with your knees bent and feet flat on the ground. Bring your feet together, with the soles of the feet touching. 2. Extend your arms overhead, then bend your elbows and bring your hands behind your back, binding them with your fingers. 3. Gently press your hands into the ground, lifting your chest and shoulders off the ground. 4. Release your head and neck, allowing your body to relax and sink deeper into the stretch. 5. Breathe deeply, feeling the stretch in your chest and shoulders."
87,Adho Mukha Svanasana II,Adho Mukha Svanasana II,standing,beginner,"Adho Mukha Svanasana II, also known as Downward-Facing Dog II, provides an excellent stretch for the hamstrings, calves, and spine, while also strengthening the arms and shoulders. This pose also calms the mind and can help alleviate stress and anxiety. Additionally, it can improve circulation and balance.","Avoid this pose if you have any wrist injuries or carpal tunnel syndrome, as it can put pressure on your wrists. Also, if you have any neck or shoulder injuries, it's best to modify the pose or avoid it altogether.","Inhale as you lift your hips up and back, lengthening your spine. Exhale as you ground your heels and hands, engaging your core and stretching your entire body.","Hold the pose for 5-10 breaths, or 30-60 seconds, and repeat 2-3 times.","For a modification, you can bend your knees slightly to reduce the stretch in your calves and hamstrings. You can also use a block or a strap to support your hands or heels. For a deeper stretch, you can lift your heels off the ground and balance on your toes.","1. Start on all fours (tabletop position) with your hands shoulder-width apart and your knees directly under your hips. 2. Walk your hands forward a few inches and lift your hips up and back, straightening your arms and legs as much as possible. 3. Keep your palms and heels grounded, engage your core, and stretch your entire body, feeling the length in your spine and the opening in your chest. 4. Hold the pose, breathing deeply and feeling the stretch in your hamstrings, calves, and spine."
88,Baddha Konasana,Baddha Konasana,seated,beginner,"Baddha Konasana, or Bound Angle Pose, offers numerous physical and mental benefits, including stretching and opening the hips and thighs, relieving menstrual cramps, and calming the mind. Regular practice of this pose can also improve posture, increase flexibility, and promote relaxation. Additionally, it can help to release tension in the lower back and improve overall circulation.","Avoid practicing Baddha Konasana if you have severe knee or hip injuries, or if you experience any sharp pain or discomfort in your joints while attempting the pose. Pregnant women should also approach this pose with caution and modify it to avoid putting pressure on the abdomen.","Inhale deeply, feeling the chest expand and the spine lengthen. Exhale slowly, folding forward and releasing any tension in the hips and thighs.","Hold the pose for 3-5 breaths, or up to 30 seconds if you feel comfortable. Repeat 2-3 times, taking breaks to release and rest if needed.","To modify Baddha Konasana, you can use a block or strap to support your knees or hips if they feel strained. You can also place a folded blanket under your hips for extra support. For a more gentle stretch, you can practice Supta Baddha Konasana, where you lie on your back and bring your knees into the bound angle position.","1. Begin by sitting on the floor with your legs straight out in front of you. Take a deep breath in, feeling your spine lengthen and your chest expand. 2. As you exhale, slowly bring the soles of your feet together, allowing your knees to fall apart and your hips to open. 3. Take hold of your ankles or shins with your hands, gently pulling your heels towards your pelvis. 4. As you inhale, lengthen your spine and feel the stretch in your hips and thighs. As you exhale, fold forward, releasing any tension and deepening the stretch."
89,Bhujangasana II,Bhujangasana II,backbend,beginner,"Bhujangasana II strengthens the muscles of the back, shoulders, and arms, while also opening the chest and improving flexibility in the upper body. This pose can also help to relieve stress and anxiety by releasing tension in the neck and shoulders. Additionally, it can improve posture and reduce the risk of back pain.","Avoid Bhujangasana II if you have any neck or spine injuries, or if you experience any discomfort or pain in the neck or shoulders while practicing the pose. Pregnant women and people with high blood pressure should also avoid this pose or modify it under the guidance of a qualified yoga instructor.",Inhale as you press your palms into the ground and lift your chest and head off the mat. Exhale as you lower back down to the starting position.,"Hold the pose for 3-5 breaths, repeating for 2-3 rounds.","To make the pose more accessible, place your forearms on the ground instead of your palms, or use a block or strap to support your chest and head. For a deeper stretch, lift your legs off the ground and balance on your palms and toes.","Step 1: Lie on your stomach with your hands under your shoulders and your fingers spread wide. Step 2: Inhale and press your palms into the ground, lifting your chest and head off the mat. Step 3: Keep your shoulders down and away from your ears, and engage your back muscles to support your chest and head. Step 4: Gaze forward and slightly upward, keeping your neck long and relaxed. Step 5: Exhale and slowly lower back down to the starting position."
90,Supta Matsyendrasana III,Supta Matsyendrasana III,twist,beginner,"Supta Matsyendrasana III provides a gentle twist to the spine, hips, and torso, which can help improve flexibility and range of motion, while also relieving stress and promoting relaxation. This pose can also help to stretch and open the chest, shoulders, and upper back. Regular practice can lead to improved posture and reduced muscle tension.","Avoid this pose if you have any neck or spine injuries, or if you experience any discomfort or pain in the neck, shoulders, or upper back. Pregnant women should also modify or avoid this pose, especially in the later stages of pregnancy.","Inhale as you lengthen the spine and prepare to twist, exhale as you twist to one side, and inhale as you return to the center. Repeat on the other side.","Hold the pose for 3-5 breaths on each side, and repeat 2-3 times on each side.","For a more gentle twist, bend the knees and bring the feet together. You can also use a block or strap to support the knee or ankle if you experience any discomfort. If you have any neck issues, keep the head in a neutral position or use a block under the head for support.","1. Lie on your back with your knees bent and feet flat on the mat, hip-width apart. 2. Let your knees fall to one side, keeping your spine long and your shoulders relaxed. 3. Bring your hand to the outside of the knee and gently press it down towards the floor, deepening the twist. 4. Keep your chest open and your shoulders relaxed, and gaze straight up or towards the ceiling."
91,Anjaneyasana III,Anjaneyasana III,lunge,beginner,"Anjaneyasana III stretches the hip flexors, quadriceps, and chest, improving flexibility and balance. It also strengthens the ankles and knees. Mentally, this pose cultivates focus and concentration by requiring balance and control.",Avoid this pose if you have knee injuries or severe hip problems. People with high blood pressure should also approach with caution.,Inhale deeply as you step forward with your right foot and lower your torso. Exhale slowly as you bend your back knee and stretch your arms up.,"Hold the pose for 3-5 breaths on each side, repeating 2-3 times.","For beginners, use a block or a strap to support the back knee or to deepen the stretch. You can also keep your back knee slightly bent to reduce pressure.","1. Start in a high lunge position with your right foot forward and your left foot back. 2. Slowly lower your left knee to the ground, keeping your right thigh parallel to the ground. 3. Stretch your arms up towards the ceiling, looking forward and keeping your spine long. 4. Engage your core and balance on your right leg, feeling the stretch in your left hip and chest."
92,Baddha Padottanasana,Baddha Padottanasana,standing,beginner,"Baddha Padottanasana, or Bound Angle Pose, provides physical benefits such as stretching and opening the hips, groin, and legs, while also relieving tension in the lower back. Mentally, it promotes relaxation and calmness, helping to reduce stress and anxiety. Additionally, it can improve flexibility and balance.","Avoid practicing Baddha Padottanasana if you have any knee injuries or chronic knee pain, as it may exacerbate the condition. Pregnant women should also approach with caution and modify the pose if necessary.","Inhale and lengthen the spine, feeling the expansion in the chest and lungs. Exhale and fold forward, reaching for the ground or blocks, and feel the release of tension in the hips and legs.","Hold the pose for 3-5 breaths, feeling the stretch deepen with each exhalation. Repeat 2-3 times, resting in between if needed.","For a more accessible variation, use blocks or a strap under the hands to reduce the depth of the forward bend. Alternatively, practice the pose with the back against a wall for support and balance.","1. Stand with your feet wide apart, toes facing outward, and your hands on your hips. Engage your core and lengthen your spine. 2. Inhale and lengthen the spine, feeling the expansion in the chest and lungs. 3. Exhale and fold forward, reaching for the ground or blocks, and interlace your fingers behind your back, binding the arms. 4. Keep your knees slightly bent if necessary, and feel the stretch in your hips, groin, and legs."
93,Bharadvajasana III,Bharadvajasana III,twist,beginner,"Bharadvajasana III offers numerous physical and mental benefits, including stretching the spine, hips, and torso, while also improving digestion, reducing stress, and calming the mind. Regular practice can also increase flexibility, balance, and overall well-being. Additionally, this pose can help to quiet the nervous system, promoting relaxation and reducing anxiety.","Avoid practicing Bharadvajasana III if you have any severe spinal injuries, recent surgeries, or chronic conditions such as herniated discs, sciatica, or osteoporosis. Also, be cautious if you have any neck or shoulder injuries.","Inhale deeply as you lengthen your spine and prepare for the twist. Exhale slowly as you twist to the right, allowing your hips and torso to release. Inhale again as you lengthen and exhale slowly as you twist to the left.","Hold the pose for 3-5 breaths on each side, or for 30 seconds to 1 minute on each side.","For beginners or those with limited flexibility, you can use a block or strap to support your hand or foot. You can also practice the pose with a gentler twist or reduce the depth of the twist. Additionally, you can modify the pose by keeping your legs straight instead of bending them.","1. Begin by sitting on the floor with your legs crossed in front of you, with your right foot on top of your left. 2. Lengthen your spine and take a deep breath in, then exhale slowly as you twist your torso to the right, keeping your hips facing forward. 3. Place your right hand on the outside of your left knee and gently deepen the twist, keeping your shoulders relaxed and your chest open. 4. Hold the pose for 3-5 breaths, then release and repeat on the left side."
94,Urdhva Dhanurasana II,Urdhva Dhanurasana II,backbend,intermediate,"Urdhva Dhanurasana II strengthens the back muscles, opens the chest and shoulders, and can help improve flexibility in the spine and hips. This pose can also help build confidence and reduce stress and anxiety by releasing tension and promoting a sense of expansion and freedom. Regular practice can also improve balance and overall physical alignment.","Avoid Urdhva Dhanurasana II if you have a neck or back injury, or if you experience any discomfort or pain in your spine or shoulders. Pregnant women should also avoid this pose or modify it under the guidance of a qualified instructor.","Inhale as you lift your hips and chest, feeling the expansion in your spine and shoulders. Exhale as you settle into the pose, engaging your core and maintaining control.","Hold Urdhva Dhanurasana II for 3-5 breaths, or as long as feels comfortable and safe. You can also repeat the pose 2-3 times, resting in a neutral position between repetitions.","Use blocks or a strap under your hands or feet if you're unable to reach the ground or maintain proper alignment. You can also modify the pose by keeping your knees slightly bent or using a wall for support. For a deeper stretch, try lifting your heels or toes off the ground.","1. Lie on your back and bend your knees, bringing your feet close to your hips. 2. Place your hands under your shoulders, fingers spread wide, and lift your hips and chest off the ground, straightening your arms and legs as much as possible. 3. Press your palms and heels into the ground, engaging your core and maintaining control as you lift and expand your chest and shoulders. 4. Keep your neck long and your chin slightly tucked, avoiding any strain or discomfort in your neck or shoulders."
95,Tittibhasana,Tittibhasana,balancing,intermediate,"Tittibhasana strengthens the arms, shoulders, and core, while improving balance and focus. It also stretches the chest and shoulders, promoting flexibility and reducing tension. Regular practice can also calm the mind and promote mental clarity.","Avoid Tittibhasana if you have wrist or shoulder injuries, or if you experience dizziness or vertigo. Pregnant women and those with severe balance issues should also modify or avoid this pose.","Inhale as you lift your legs and balance, exhale as you engage your core and maintain the pose. Continue to breathe naturally, avoiding holding your breath.","Hold Tittibhasana for 3-5 breaths, or as long as you feel balanced and comfortable. Repeat on the other side if desired.","Use a block or support under your hands for added stability. Alternatively, practice the pose with your knees slightly bent or with one leg lifted instead of both.","1. Begin in a tabletop position on your hands and knees. Engage your core and lift your right leg off the ground, keeping it straight. 2. As you balance on your left leg, slowly lift your left leg off the ground, keeping it straight and parallel to the right leg. 3. Balance on your hands, with your legs lifted and parallel to each other, engaging your core and maintaining a straight line from head to heels."
96,Astavakrasana III,Astavakrasana III,twist,advanced,"Astavakrasana III strengthens the core, arms, and legs, while also stretching the chest, shoulders, and spine. This pose can improve balance, focus, and overall flexibility. It also helps to detoxify the body by stimulating the digestive system.","Avoid this pose if you have any injuries or conditions affecting the wrists, shoulders, hips, or spine, such as carpal tunnel syndrome, rotator cuff injuries, or herniated disks.","Inhale deeply to prepare for the pose, exhale to twist and fold, inhale to lift and balance, and exhale to release and come out of the pose.","Hold the pose for 3-5 breaths, or 15-30 seconds, and repeat 2-3 times on each side.","For a easier variation, try using blocks or straps to support the arms and legs, or practice Astavakrasana I or II before progressing to Astavakrasana III. You can also practice this pose against a wall for added support and balance.","Step 1: Start in a high lunge position with your right foot forward and your left foot back, with your hands on the ground beside your front foot. Step 2: Twist your torso to the right and place your right hand on the outside of your right knee, then lift your left leg off the ground and place it on the outside of your right leg. Step 3: Extend your left arm up and over your head, keeping your spine long and your core engaged, and balance on your right arm and leg. Step 4: Gaze forward and down, engaging your core and maintaining balance. Step 5: To release, exhale and slowly lower your left leg back down to the ground, then repeat on the other side."
97,Viparita Dandasana,Viparita Dandasana,inversion,advanced,"Viparita Dandasana stretches and strengthens the entire back side of the body, from the shoulders to the heels, while also opening the chest and improving flexibility in the shoulders and upper back. It can help to relieve stress and anxiety by reversing the flow of blood to the brain and calming the nervous system. Additionally, it can help to improve balance, focus, and overall physical awareness.","Avoid Viparita Dandasana if you have any neck or spine injuries, high blood pressure, or if you are menstruating or pregnant. It's also recommended to avoid this pose if you have any shoulder or wrist injuries.","Inhale: Lengthen the spine and engage the core. Exhale: Slowly lower the body down into the inversion, keeping the legs straight and the torso long. Continue to breathe deeply and smoothly while in the pose.","Hold Viparita Dandasana for 3-5 breaths, or up to 30 seconds. Repeat 2-3 times, resting for a few breaths between repetitions.","To make Viparita Dandasana more accessible, you can start by practicing with your legs bent and your feet flat on the ground, or by using a wall for support. You can also use blocks or straps to help deepen the stretch and maintain proper alignment.","1. Start by sitting on the floor with your legs straight out in front of you. Place your hands on the ground beside your hips and engage your core. 2. Inhale and lengthen the spine, then exhale and slowly lower your body down into the inversion, keeping your legs straight and your torso long. 3. Continue to breathe deeply and smoothly, feeling the stretch in your back, shoulders, and chest. 4. To come out of the pose, inhale and slowly lift your body back up to a seated position."
98,Kapotasana,Kapotasana,backbend,advanced,"Kapotasana, or Pigeon Pose, is an advanced backbend that strengthens the back muscles, opens the chest and shoulders, and improves flexibility in the hips and thighs. It also stimulates the thyroid gland and can help alleviate symptoms of depression and anxiety. Regular practice of Kapotasana can increase energy and vitality.","Avoid Kapotasana if you have any neck or spine injuries, or if you experience any discomfort or pain in your neck or back. Additionally, pregnant women and individuals with high blood pressure should also avoid this pose.","Inhale deeply and lengthen your spine, exhale slowly as you fold forward and deepen the backbend.","Hold the pose for 3-5 breaths, or as long as you feel comfortable, and repeat 2-3 times.","For a modified version of Kapotasana, you can place your forearms on the ground instead of your palms, or use a block under your forehead for support. Alternatively, you can practice a milder backbend, such as Ustrasana (Camel Pose), to build up to Kapotasana.","1. Start on your hands and knees, with your hands shoulder-width apart and your knees directly under your hips. 2. Walk your hands forward a few inches and lower your forehead to the ground, keeping your elbows slightly bent. 3. As you exhale, lift your hips and chest, keeping your palms and forehead on the ground, and deepen the backbend, stretching your chest and shoulders. 4. Engage your back muscles and maintain the pose, feeling the stretch in your hips and thighs. 5. To release, slowly lower your hips and chest back down to the starting position."
99,Vrschikasana,Vrschikasana,inversion,advanced,"Vrschikasana, or Scorpion Pose, offers numerous physical and mental benefits. Physically, it strengthens the arms, shoulders, and core, while also improving flexibility in the chest and shoulders. Mentally, it can help build confidence and balance, as it requires focus and control.","Avoid practicing Vrschikasana if you have any neck or back injuries, or if you are experiencing high blood pressure or dizziness. Pregnant women and individuals with weak wrists or shoulders should also modify or avoid this pose.","Inhale as you lift your legs and torso off the ground, and exhale as you lower your chest and head towards the ground. Continue to breathe smoothly and naturally throughout the pose.","Hold Vrschikasana for 3-5 breaths, or as long as you feel comfortable and balanced.","For beginners or those who need extra support, try using a block or strap to support the chest and shoulders. You can also modify the pose by keeping the knees bent or using a wall for balance.","1. Start in a forearm balance position (Pincha Mayurasana) with your forearms on the ground and your elbows directly under your shoulders. 2. Engage your core and lift your legs off the ground, keeping them straight and together. 3. As you lift your legs, begin to arch your back and lift your chest and head off the ground, keeping your shoulders down and away from your ears. 4. Continue to lift and balance, keeping your body in a smooth, curved line from head to heels."
100,Karandavasana,Karandavasana,balancing,advanced,"Karandavasana strengthens the arms, shoulders, and core, while also challenging balance and focus. It can help improve overall physical stability and mental concentration. Regular practice of this pose can also enhance overall flexibility and posture.","Avoid Karandavasana if you have any shoulder or wrist injuries, or if you experience dizziness or lightheadedness. Pregnant women and individuals with high blood pressure should also modify or avoid this pose.","Inhale deeply as you lift your legs up, exhale slowly as you balance, and inhale again to come out of the pose.","Hold Karandavasana for 3-5 breaths, or as long as you can maintain balance and control. Practice 2-3 repetitions on each side.","To modify Karandavasana, use a block or strap to support your legs or try lifting only one leg at a time. You can also practice the pose with your knees bent to reduce the challenge on your core and balance.","1. Start in Crow Pose (Bakasana) with your hands shoulder-width apart and your knees bent. 2. Lift your legs up and balance on your hands, keeping your body in a straight line from head to heels. 3. Engage your core and maintain control, gazing forward and keeping your breath steady. 4. To come out of the pose, slowly lower your legs back down into Crow Pose and then release onto your heels. 5. Repeat on the other side, if desired."
101,Eka Pada Viparita Dandasana III,Eka Pada Viparita Dandasana III,inversion,advanced,"Eka Pada Viparita Dandasana III stretches and strengthens the entire back, shoulders, and chest, while also improving spinal flexibility and balance. Regular practice can also stimulate the nervous system, leading to increased energy and focus. Additionally, this pose can help alleviate stress and anxiety by promoting relaxation and calmness.","Avoid this pose if you have severe neck or back injuries, high blood pressure, or are pregnant. It is also not recommended for those with glaucoma or detached retinas due to the inverted position.","Inhale as you lift your legs and torso, exhale as you lower your arms and deepen the stretch. Maintain a steady, slow breathing pattern while holding the pose.","Hold the pose for 3-5 breaths, or as long as feels comfortable and balanced.","To make the pose more accessible, try using a block or strap to support your hands or feet. Alternatively, practice the pose with both legs lifted instead of just one, or use a wall for support.","1. Begin in a seated forward bend, then lift your legs off the ground and balance on your hands and one leg. 2. Inhale and lift your torso and legs further, reaching your arms back and your chest forward. 3. Exhale and deepen the stretch, engaging your core and maintaining balance. 4. Hold the pose and focus on your breath, then slowly lower down to the starting position."
102,Titibhasana III,Titibhasana III,balancing,advanced,"Titibhasana III strengthens the arms, shoulders, and core muscles while also improving balance and focus. It can help to build confidence and self-awareness. Regular practice of this pose can also improve overall physical and mental stability.","Avoid Titibhasana III if you have any shoulder or wrist injuries, or if you experience dizziness or lightheadedness. Pregnant women and people with high blood pressure should also avoid this pose or modify it under the guidance of an experienced yoga teacher.","Inhale as you lift your legs off the ground, exhale as you balance, and maintain a steady breath throughout the hold.","Hold Titibhasana III for 3-5 breaths, or as long as you can maintain balance and control. Repeat on both sides.","Use blocks or straps to support your arms or legs if needed. You can also practice a variation with your legs lifted but not crossed, or with one leg lifted at a time. For an easier option, try practicing on your knees instead of your toes.","1. Start in a high lunge position with your right foot forward and your left foot back. Bend your front knee and stretch your arms out to the sides. 2. Lift your back leg off the ground and cross it over your front leg, bringing your ankle towards your opposite knee. 3. Balance on your front leg and arms, lifting your chest and engaging your core muscles. 4. Gaze forward and maintain a steady breath, feeling the balance and stability in your body."
103,Bakasana III,Bakasana III,balancing,advanced,"Bakasana III, also known as Crow Pose III, strengthens the arms, shoulders, and core, while also improving balance and focus. This pose can help to build confidence and concentration, promoting a sense of calm and clarity. Regular practice of Bakasana III can also improve overall physical awareness and coordination.","Avoid practicing Bakasana III if you have any wrist or shoulder injuries, or if you experience dizziness or lightheadedness. Pregnant women should also avoid this pose due to the balance and pressure on the joints.","Inhale deeply, engaging the core and lengthening the spine. Exhale slowly, lifting the legs off the ground and balancing on the arms.","Hold the pose for 3-5 breaths, or as long as you feel comfortable and balanced. Practice 2-3 repetitions on each side.","For an easier variation, try practicing Bakasana II, where the knees are bent and the feet are closer to the hips. You can also use blocks or a wall for support, or practice the pose with a shorter lift off the ground.","1. Start in a squatting position with your feet hip-width apart, toes pointing slightly outward. Place your hands on the ground in front of you, shoulder-width apart, and engage your core. 2. Inhale deeply, lengthening the spine and lifting the chest. Exhale slowly, lifting the legs off the ground and balancing on the arms. 3. As you balance, focus on a point in front of you and engage the core, keeping the body straight and the arms strong. 4. To release, slowly lower the legs back down to the ground and take a deep breath in."
104,Viparita Dandasana II,Viparita Dandasana II,inversion,advanced,"Viparita Dandasana II strengthens the back and shoulder muscles while opening the chest, improving flexibility and posture. It also stimulates the thyroid gland, promoting hormonal balance, and calms the nervous system, reducing stress and anxiety. This inversion also stretches the entire back side of the body, from shoulders to heels.","Avoid this pose if you have severe neck or back injuries, high blood pressure, or are menstruating. It's also not recommended for pregnant women, especially in the later stages.","Inhale: Lengthen the spine and lift the chest, engaging the back muscles. Exhale: Release any tension, feeling the stretch in the back and shoulders.","Hold for 5-10 breaths, or as long as feels comfortable for you.","For a modified version, use a block or strap for support under the shoulders or hands. You can also practice with a wall for added stability, or try a gentle variation with bent knees and a lifted torso.","1. Begin by lying on your back with your arms at your sides, then bend your knees and place your feet flat on the ground. 2. Lift your hips and torso, placing your palms on the ground beside your head, with your fingers spread wide. 3. Straighten your arms and lift your torso and legs, balancing on your hands and the crown of the head, keeping your body in a straight line from head to heels. 4. Engage your back muscles and lengthen the spine, feeling the stretch in the back and shoulders."
105,Astavakrasana IV,Astavakrasana IV,twist,advanced,"Astavakrasana IV provides numerous benefits, including stretching the shoulders, chest, and spine, while also strengthening the arms, wrists, and abdominal muscles. This pose also stimulates digestion and can help relieve stress and anxiety. It can also improve balance, focus, and overall mental well-being.","Avoid Astavakrasana IV if you have any wrist or shoulder injuries, or if you experience dizziness or lightheadedness. Pregnant women should also avoid this pose or modify it under the guidance of an experienced instructor.","Inhale: Lengthen the spine and prepare for the twist. Exhale: Twist the torso and lift the legs. Hold the breath for a brief moment, then inhale to deepen the pose. Exhale to slowly release.","Hold Astavakrasana IV for 3-5 breaths on each side, or as long as feels comfortable and safe.","To modify Astavakrasana IV, you can start by practicing the foundational twist with the legs bent and the feet flat on the ground. You can also use a block or strap to support the legs or torso. Another option is to practice the pose with one leg lifted at a time, rather than both legs together.","1. Begin in a seated position with the legs straight out in front of you. Twist the torso to the right and place the right hand on the ground beside you. 2. Bend the right knee and place the right ankle on the left thigh, just above the knee. 3. Extend the left leg and lift it off the ground, balancing on the right hand and the outer edge of the left foot. 4. Deepen the twist and lift the torso, keeping the spine long and the shoulders down. 5. Hold the pose and breathe, then slowly release and repeat on the other side."
106,Eka Pada Bakasana II,Eka Pada Bakasana II,balancing,advanced,"Eka Pada Bakasana II strengthens the arms, shoulders, and core, while also improving balance and focus. It also stretches the chest and shoulders, promoting flexibility and relaxation. Regular practice can also help build confidence and mental clarity.","Avoid this pose if you have any wrist, shoulder, or neck injuries, or if you experience dizziness or lightheadedness. Pregnant women should also avoid this pose, especially in the later stages of pregnancy.","Inhale and lengthen the spine, exhale and bend the arms to lower into the pose. Hold the breath for a brief moment, then inhale and lengthen the spine again to come out of the pose.","Hold the pose for 3-5 breaths, or as long as you can maintain balance and control. Repeat on the other side.","For a modification, try placing a block or strap under the back leg for support, or use a wall for balance assistance. Another option is to practice Eka Pada Bakasana I, which is a similar pose but with the back leg bent.","1. Start in Crow Pose (Bakasana) with your hands shoulder-width apart and your knees bent. 2. Lift your right leg off the ground and extend it behind you, keeping it straight. 3. Balance on your left leg and the balls of your hands, engaging your core and lifting your chest. 4. Hold the pose for 3-5 breaths, gazing forward and keeping your body stable. 5. Slowly lower your right leg back down and repeat on the other side."
107,Dolphin Pose,Ardha Pincha Mayurasana,inversion,intermediate,"Strengthens the arms, shoulders, and core while stretching the hamstrings and calves. Improves balance and prepares the body for more advanced inversions like headstand. Can help relieve stress and mild depression.","Avoid if you have shoulder, neck, or back injuries. Those with high blood pressure or headaches should practice with caution.","Breathe deeply and evenly through the nose, maintaining steady breath throughout the hold.","Hold for 30-60 seconds, repeat 2-3 times",Bend knees slightly if hamstrings are tight. Use blocks under forearms for wrist support. Practice against a wall for stability.,"1. Start on hands and knees, then lower onto forearms with elbows shoulder-width apart. 2. Tuck toes and lift hips up and back, straightening legs as much as comfortable. 3. Press forearms firmly into mat and draw shoulder blades down the back. 4. Keep head relaxed between arms, gaze toward feet. 5. Engage core and press heels toward floor."
108,Revolved Chair Pose,Parivrtta Utkatasana,twist,intermediate,"Strengthens legs, glutes, and core while improving balance and spinal mobility. The twisting action aids digestion and detoxification. Builds heat in the body and improves focus and concentration.","Avoid if you have knee injuries, lower back problems, or severe spinal issues. Those with high or low blood pressure should practice with caution.","Inhale to lengthen spine, exhale to deepen the twist. Maintain steady breathing throughout.","Hold for 30-45 seconds per side, repeat 2-3 times",Keep back heel lifted for easier balance. Use a block under bottom hand for support. Reduce depth of squat if knees are sensitive.,"1. Stand with feet together, bend knees and sink hips into chair pose. 2. Bring palms together at heart center, inhale to lengthen spine. 3. Exhale and twist torso to the right, hooking left elbow outside right thigh. 4. Press palms together to deepen twist, keep knees aligned. 5. Gaze up toward ceiling, hold, then repeat on other side."
109,Warrior Pose,Virabhadrasana,standing,beginner,"Warrior Pose strengthens the legs, hips, and core, improving balance and stability. It also stretches the chest, shoulders, and hips, promoting flexibility and range of motion. Additionally, it can help to build confidence and inner strength, cultivating a sense of courage and determination.","Avoid Warrior Pose if you have any injuries or conditions affecting the knees, hips, or ankles, such as severe knee or hip pain, osteoporosis, or recent surgeries. Also, avoid the pose if you are experiencing any dizziness or lightheadedness.","Inhale deeply as you step your right foot forward and turn your back foot slightly inward, exhale as you bend your front knee and stretch your arms out to the sides, inhale as you lengthen your spine and engage your core, and exhale as you gaze forward and settle into the pose.","Hold Warrior Pose for 3-5 breaths on each side, repeating the sequence 2-3 times on each side.","For a modified version, you can shorten the stride between your feet or keep your back heel on the ground. You can also use a block or strap to support your front leg or maintain proper alignment. For a more challenging variation, you can deepen the bend in your front knee or lift your back heel off the ground.","Step 1: Stand with your feet wide apart, with one foot facing forward and the other foot at a 90-degree angle. Step 2: Bend your front knee over your ankle, keeping your thigh parallel to the ground, and stretch your arms out to the sides at shoulder height. Step 3: Engage your core, lengthen your spine, and gaze forward, keeping your back leg straight and your back foot grounded. Step 4: Check your alignment and make any necessary adjustments to maintain balance and stability. Step 5: Hold the pose, feeling strong and confident, and then repeat on the other side."
110,Seated Forward Fold,Paschimottanasana,seated,beginner,"Seated Forward Fold stretches the hamstrings, calves, and spine, relieving tension and stress. It also calms the mind and promotes relaxation, reducing anxiety and fatigue. Additionally, it can help improve flexibility and balance.","Avoid this pose if you have severe back injuries, herniated disks, or are experiencing sciatica or severe knee problems. Pregnant women should also approach with caution and modify the pose as needed.","Inhale deeply, lengthening the spine, and exhale slowly, folding forward and releasing any tension. Continue to breathe naturally, feeling the stretch in the back and legs.","Hold the pose for 3-5 breaths, or up to 30 seconds, and repeat 2-3 times as needed.","For beginners or those with tight hamstrings, use a strap or towel to deepen the stretch without straining. You can also bend your knees slightly or place your hands on blocks for support. For a more intense stretch, engage your core and reach for your toes or shins.","1. Sit on the floor with your legs extended in front of you, feet hip-width apart and engaged. Lengthen your spine and engage your core. 2. Inhale deeply, and as you exhale, slowly fold forward, reaching for your toes or shins. Keep your knees slightly bent if necessary. 3. Allow your head to release and your arms to dangle, feeling the stretch in your back and legs. 4. Hold the pose, breathing naturally, and slowly lift back up to seated position on an inhale."
111,Seated Twist,Bharadvajasana,seated,beginner,"Seated Twist (Bharadvajasana) provides physical benefits by increasing spinal flexibility, stretching the torso, and relieving tension in the neck and shoulders. Mentally, this pose can help calm the mind, reduce stress, and promote relaxation. Regular practice can also improve digestion and reduce symptoms of sciatica.","Avoid this pose if you have any recent injuries or surgeries in the neck, shoulders, or spine, or if you experience severe back pain or discomfort. Additionally, pregnant women should modify the twist to avoid putting pressure on the abdomen.","Inhale: Lengthen the spine and sit up tall. Exhale: Twist to the right, keeping the hips facing forward. Inhale: Return to center. Exhale: Twist to the left. Repeat.","Hold each twist for 3-5 breaths, then return to center. Repeat on the other side. Practice 2-3 repetitions on each side.","For beginners or those with limited flexibility, you can modify the twist by placing your right hand on the outside of your left knee and gently pulling your knee towards your chest. Alternatively, you can use a block or strap to support your spine or deepen the twist.","1. Sit on the floor with your legs crossed, right leg over left. Lengthen your spine and sit up tall, engaging your core. 2. Inhale and lengthen your spine further. Exhale and twist to the right, keeping your hips facing forward. Place your right hand on the outside of your left knee and gently pull your knee towards your chest. 3. Look over your right shoulder, keeping your chin parallel to the ground. 4. Hold for 3-5 breaths, then return to center. Repeat on the other side."
112,Seated Hero Pose,Virasana,seated,beginner,"Seated Hero Pose (Virasana) stretches the quadriceps, hip flexors, and shins, while also strengthening the back muscles. It can help improve flexibility, balance, and overall posture. Additionally, it promotes relaxation and reduces stress by calming the mind and soothing the nervous system.","Avoid Seated Hero Pose if you have knee injuries, knee surgery, or severe knee pain. It is also not recommended for people with severe ankle or foot problems.","Inhale deeply, feeling the chest expand and the spine lengthen. Exhale slowly, releasing any tension in the body and sinking deeper into the pose.","Hold the pose for 30 seconds to 1 minute, breathing deeply and smoothly. Repeat 2-3 times, taking breaks in between if needed.","For beginners or those with knee issues, you can modify the pose by placing a block or a folded blanket under the buttocks for support. Alternatively, you can also place a strap or a towel around the back of the knees to help deepen the stretch.","1. Kneel on the mat with your knees slightly apart, keeping your weight evenly distributed on both knees. 2. Slowly lower your buttocks down towards the ground, keeping your back straight and your core engaged. 3. Place your hands on your thighs or knees, feeling the stretch in your quadriceps and hip flexors. 4. Lengthen your spine and engage your core, feeling a sense of balance and stability in the pose. 5. Breathe deeply and smoothly, holding the pose for the desired duration."
113,Seated Forward Bend,Paschimottanasana II,seated,beginner,"Seated Forward Bend (Paschimottanasana II) stretches the entire back side of the body, from the shoulders to the heels, and can help relieve stress and anxiety. Regular practice can also lengthen the hamstrings and spine. Additionally, this pose can help calm the mind and promote relaxation.","Avoid this pose if you have a severe back injury or spinal disc problems, as it can put pressure on the spine. Also, if you have any knee injuries or chronic knee pain, be cautious and modify the pose accordingly.","Inhale, lengthen the spine; exhale, fold forward.","Hold the pose for 3-5 breaths, or 15-30 seconds.","For beginners or those with tight hamstrings, use a strap or towel to deepen the stretch without straining the back. You can also bend your knees slightly to reduce the stretch in the back of the legs. For added support, sit on a block or blanket.","1. Sit on the ground with your legs extended in front of you and engage your core to support your lower back. 2. Inhale, lengthen the spine, and reach your arms up towards the ceiling. 3. Exhale, fold forward, and reach for your toes or shins, keeping your knees slightly bent if necessary. 4. Keep your shoulders relaxed and your chest open, feeling the stretch in the back of your body."
114,Seated Head to Knee,Janu Sirsasana,seated,beginner,"Seated Head to Knee (Janu Sirsasana) stretches the spine, hips, and legs, improving flexibility and range of motion. It also helps to calm the mind, reduce stress, and promote relaxation. Regular practice can also help to improve posture and balance.","Avoid this pose if you have any injuries or strain in the neck, back, or knees. Pregnant women should also modify or avoid this pose, especially in the later stages of pregnancy.","Inhale: Lengthen the spine and reach forward. Exhale: Deeply bend forward, reaching for the knee or toe.","Hold the pose for 3-5 breaths on each side, or for up to 30 seconds.","Use a strap or towel to deepen the stretch if you're not able to reach your knee or toe. You can also bend your knee slightly if it's uncomfortable to straighten it. For a more gentle stretch, sit on a block or a folded blanket.","1. Sit on the floor with your legs extended in front of you. Bend your right knee and bring your right foot towards your left inner thigh. 2. Lengthen your spine and reach forward, keeping your left leg straight. 3. Exhale and deepen the stretch, reaching for your left knee or toe. Keep your shoulders relaxed and your chest open. 4. Hold the pose and breathe deeply, feeling the stretch in your spine, hips, and legs. 5. Inhale and slowly come out of the pose, then repeat on the other side."
115,Seated Forward Fold with Arms Up,Urdhva Hastasana,seated,beginner,"Seated Forward Fold with Arms Up (Urdhva Hastasana) stretches the entire back side of the body, from the shoulders to the heels, promoting flexibility and relaxation. It also helps to improve posture and reduce stress by releasing tension in the neck and shoulders. Additionally, this pose can help to calm the mind and promote a sense of grounding and introspection.","Avoid this pose if you have any neck or shoulder injuries, or if you experience any discomfort or pain in these areas. Pregnant women should also modify the pose to avoid deep forward bends.","Inhale deeply as you lengthen your spine and arms, feeling the expansion in your chest and shoulders. Exhale slowly as you fold forward, allowing your body to release and relax.","Hold this pose for 3-5 breaths, or for 30 seconds to 1 minute, depending on your comfort level and flexibility.","If you find it difficult to reach forward, use a strap or towel to deepen the stretch. You can also modify the pose by keeping your knees slightly bent or using a block to support your hands under your shoulders.","1. Sit on the floor with your legs extended in front of you, feet hip-width apart. 2. Inhale and lengthen your spine, reaching your arms up towards the ceiling and stretching your fingertips. 3. Exhale and slowly fold forward, reaching for your toes or shins, keeping your arms extended and your palms facing downwards. 4. Keep your knees slightly bent if necessary, and engage your core to support your back. 5. Hold the pose, breathing deeply and feeling the stretch in your entire back side of the body."
116,Eagle Pose on One Leg,Eka Pada Garudasana,balancing,intermediate,"Eagle Pose on One Leg (Eka Pada Garudasana) strengthens the ankles, calves, and thighs, while also improving balance and focus. It also stretches the hips and glutes, and can help alleviate sciatica pain. Mentally, it cultivates concentration and calmness.","Avoid this pose if you have a serious ankle or knee injury, or if you experience vertigo or dizziness. Pregnant women should also avoid this pose or modify it to avoid deep twisting.","Inhale and lengthen the spine, exhale and wrap the legs around the standing leg, inhale and lift the arms, exhale and fold forward slightly.","Hold for 3-5 breaths, then switch sides. Repeat for 3-5 rounds.","Use a block or a strap to support the ankle or knee if needed. Alternatively, practice Garudasana (Eagle Pose) with both feet on the ground or use a wall for support to build balance and strength.","1. Stand on one leg, with the other foot resting against the inner thigh. Engage the core and lift the arms overhead. 2. Cross the right knee over the left (or vice versa), and wrap the legs around the standing leg, keeping the spine long. 3. Stretch the arms out to the sides, then wrap them around each other, with the palms facing forward. 4. Fold forward slightly, keeping the spine long, and gaze forward or slightly down. 5. Engage the legs, lift the chest, and balance."
117,One-Legged Tree Pose,Eka Pada Vrksasana,balancing,intermediate,"One-Legged Tree Pose (Eka Pada Vrksasana) helps improve balance and stability by strengthening the ankles and legs. It also stretches the hips, spine, and chest, promoting flexibility and good posture. Mentally, this pose cultivates focus, concentration, and calmness.","Avoid this pose if you have any ankle or knee injuries, or if you experience dizziness or lightheadedness. Pregnant women should also avoid this pose or modify it with a block or wall support.","Inhale: Lengthen the spine and engage the core as you lift the leg. Exhale: Gently place the lifted foot on the inner thigh and balance. Continue to breathe naturally, focusing on the sensation in the body.","Hold the pose for 3-5 breaths on each leg, then switch sides. Repeat for 2-3 sets.","For a more accessible version, use a block or wall for support. You can also place the lifted foot on the calf instead of the inner thigh. For a deeper stretch, lift the arms overhead or place them in a prayer-like position.","1. Start in Mountain Pose (Tadasana) with your feet hip-width apart. 2. Shift your weight onto one leg (the standing leg) and lift the other leg off the ground, placing the sole of the foot on the inner thigh. 3. Engage your core, lengthen your spine, and balance on the standing leg. 4. Gaze forward, keeping your eyes soft and focused."
118,Warrior II on One Leg,Eka Pada Virabhadrasana II,balancing,intermediate,"Eka Pada Virabhadrasana II strengthens the ankles and legs, while also improving balance and focus. It can also help stretch the hips and chest, promoting flexibility and opening. Additionally, this pose can help reduce stress and anxiety by challenging the body and mind.","Avoid this pose if you have knee or ankle injuries, or if you experience dizziness or lightheadedness while balancing. Pregnant women should also avoid this pose, especially in the later stages of pregnancy.","Inhale as you lift your leg and arms, exhale as you settle into the pose, and continue to breathe deeply and smoothly while balancing.","Hold for 3-5 breaths, then switch sides. Repeat 2-3 times on each leg.","Use a block or strap under your front hand for support, or use a wall for balance assistance. You can also modify the pose by keeping both feet on the ground or by using a chair for support.","1. Begin by standing with your feet wide apart, with one foot facing forward and the other foot at a 90-degree angle. 2. Bend your front knee and stretch your arms out to the sides, keeping them parallel to the ground. 3. Lift your back leg off the ground and balance on one leg, keeping your spine long and your core engaged. 4. Gaze forward and hold the pose, engaging your balance and focus. 5. Slowly lower your back leg to the ground and repeat on the other side."
119,Legs Up the Wall Pose,Viparita Karani,inversion,beginner,"Legs Up the Wall Pose (Viparita Karani) provides physical benefits by relieving swelling in the legs and feet, improving circulation, and stretching the lower back. Mentally, it calms the mind, promotes relaxation, and can help reduce stress and anxiety. Regular practice can also help improve sleep quality.","Avoid Legs Up the Wall Pose if you have any neck or shoulder injuries, or if you experience discomfort or numbness in your legs or feet while in the pose. Pregnant women should also consult with their healthcare provider before practicing this pose, especially in the later stages of pregnancy.","Inhale deeply, filling the lungs completely, and exhale slowly, allowing the body to relax further into the pose. Continue this slow, deep breathing pattern throughout the duration of the pose.","Hold Legs Up the Wall Pose for 5-15 minutes, or as long as feels comfortable and relaxing. You can also practice this pose in shorter intervals, such as 2-3 minutes, with regular breaks.","Use a block or pillow under the lower back for support, or place a folded blanket under the neck for added comfort. You can also practice this pose with your legs at an angle, rather than straight up against the wall, if that feels more comfortable.","1. Find a quiet and comfortable space near a wall where you can stretch out your body. 2. Lie on your back with your legs straight up against the wall, with your hips and knees at a 90-degree angle. 3. Allow your body to relax and your breath to slow down, feeling the gentle stretch in your lower back and the calming sensation in your mind. 4. As you settle into the pose, bring your attention to your breath, feeling the sensation of the air moving in and out of your body. 5. Remain in the pose, breathing deeply and relaxing, for the desired duration."
120,Shoulder Stand,Viparita Karani II,inversion,beginner,"Viparita Karani II, or Shoulder Stand, offers numerous physical and mental benefits, including improved circulation, reduced swelling in the legs, and a sense of calmness. It also stretches the neck and shoulders, relieving tension and stress. Regular practice can also help to balance the thyroid gland and promote relaxation.","Avoid Shoulder Stand if you have neck injuries, high blood pressure, or are menstruating. Pregnant women should also modify or avoid this pose, especially in the later stages of pregnancy.","Inhale deeply and slowly, feeling the chest expand. Exhale slowly, maintaining a smooth and steady flow of breath. Continue to breathe naturally, focusing on the sensation of the pose.","Hold Shoulder Stand for 30 seconds to 1 minute, breathing naturally. Repeat for 2-3 sets, resting for 30 seconds to 1 minute between sets.","To modify Shoulder Stand, place a folded blanket or towel under your shoulders for support. You can also use a wall for support, with your feet 6-8 inches away from the wall. For a more gentle variation, try Legs Up The Wall Pose (Viparita Karani I).","1. Find a quiet and comfortable space to practice, with a non-slip mat or blanket. Lie on your back with your arms by your sides and legs straight. 2. Slowly lift your legs, hips, and torso off the ground, using your shoulders and arms for support. Keep your shoulders down and away from your ears. 3. Engage your core and maintain a straight line from head to heels. Hold the pose, breathing naturally, and focus on the sensation in your body. 4. To release, slowly lower your legs and torso back down to the ground, exhaling as you do so."
121,Headstand,Sirsasana,inversion,intermediate,"Headstand (Sirsasana) offers numerous physical and mental benefits, including strengthening the arms, shoulders, and core, improving balance and focus, and relieving stress and anxiety. It also stimulates the lymphatic system, which helps to remove toxins and promote overall well-being. Additionally, Headstand can calm the nervous system and promote a sense of calm and clarity.","Avoid Headstand if you have neck or shoulder injuries, high blood pressure, or are menstruating, as it can put pressure on the neck and exacerbate these conditions. Pregnant women should also avoid this pose, especially in the later stages of pregnancy.","Inhale deeply as you kick up into the pose, and then exhale slowly as you settle into the Headstand. Continue to breathe naturally and smoothly, feeling the chest expand and contract with each inhale and exhale.","Hold Headstand for 3-5 breaths, or up to 30 seconds for more advanced practitioners. Repeat 2-3 times, resting for 30 seconds to 1 minute between repetitions.","Use a wall for support if you're new to Headstand or struggling to balance. Place your hands about 6-8 inches away from the wall and kick up into the pose, keeping your heels against the wall for support. You can also use blocks or a strap to support your neck and shoulders.","Step 1: Start on your hands and knees, with your fingers spread wide and your weight evenly distributed between your hands and knees. Step 2: Walk your feet forward slightly and lift your hips up and back, straightening your arms and legs as much as possible. Step 3: Kick one leg up towards the ceiling, followed by the other, and balance on your hands and the crown of your head. Step 4: Engage your core and shoulders, and reach your chest forward and up, keeping your body in a straight line from head to heels. Step 5: Hold the pose for the desired amount of time, breathing naturally and smoothly, and then slowly lower back down to the starting position."
122,Handstand,Adho Mukha Vrksasana,inversion,intermediate,"Handstand (Adho Mukha Vrksasana) offers numerous physical benefits, including strengthening the arms, shoulders, and upper back, while also improving balance, flexibility, and overall core strength. Mentally, it cultivates focus, concentration, and confidence. Regular practice can also lead to improved circulation and reduced stress levels.","Avoid Handstand if you have severe neck or shoulder injuries, glaucoma, or high blood pressure. Pregnant women should also avoid this pose, especially in the later stages of pregnancy.","Inhale as you lift your legs up and transition into the handstand. Hold your breath for a brief moment at the top, then exhale as you slowly lower back down to the starting position.","Hold Handstand for 3-5 breaths or as long as you feel comfortable, up to 30 seconds. Repeat for 2-3 sets.",Beginners can start with a modified version by kicking up against a wall for support. Another option is to practice Lizard Pose (Utthan Pristhasana) or Downward-Facing Dog (Adho Mukha Svanasana) as a preparation for Handstand. Use blocks or a support under your hands if you need extra lift or stability.,"1. Start in a high plank position with your hands shoulder-width apart and your fingers spread wide. Engage your core and keep your body in a straight line from head to heels. 2. Walk your feet forward a few inches, then bend your elbows slightly and lift your heels off the ground, kicking one leg up towards the ceiling. 3. As you lift your second leg up, straighten your arms and lift your chest, keeping your body in a straight line. Engage your core and hold the handstand position, focusing on your breath and maintaining balance."
123,Forearm Stand,Pincha Mayurasana,inversion,advanced,"Forearm Stand (Pincha Mayurasana) strengthens the arms, shoulders, and upper back, while also improving balance, focus, and overall inversion practice. It can also help to stretch and open the chest and shoulders. Additionally, this pose can be calming and meditative, promoting mental clarity and calmness.","Avoid Forearm Stand if you have any shoulder, neck, or wrist injuries, or if you have high blood pressure or are experiencing dizziness. Pregnant women and people with glaucoma should also avoid this pose.","Inhale as you lift your legs up, and exhale as you balance and settle into the pose. Continue to breathe deeply and smoothly, engaging your core and maintaining stability.","Hold Forearm Stand for 3-5 breaths, or for 30 seconds to 1 minute, depending on your level of comfort and control.","You can modify Forearm Stand by using a wall for support, or by practicing Dolphin Pose (Ardha Pincha Mayurasana) instead, which involves keeping your hips and legs on the ground. You can also use a block or a strap to support your forearms or shoulders.","1. Start in a tabletop position on your hands and knees, with your forearms parallel to each other and your elbows directly under your shoulders. 2. Engage your core and lift your hips up and back, straightening your arms and legs as much as possible. 3. Walk your feet forward and lift your legs up, balancing on your forearms and keeping your body in a straight line from head to heels. 4. Look forward and down, engaging your core and maintaining control and balance."
124,Wheel Pose,Urdhva Dhanurasana,backbend,intermediate,"Wheel Pose strengthens the back muscles, opens the chest, and improves flexibility in the shoulders and upper back. It also stretches the abdomen and hips, while invigorating the entire body. Mentally, it can help build confidence and reduce stress.","Avoid Wheel Pose if you have any neck or back injuries, or if you experience high blood pressure or are pregnant. It's also not recommended for those with severe shoulder or wrist issues.","Inhale as you lift your hips off the ground, and exhale as you slowly lower back down. Take deep, steady breaths while holding the pose.","Hold Wheel Pose for 3-5 breaths, or 15-30 seconds, and repeat 2-3 times.","For a gentler version, try using blocks under your hands or a strap around your upper back for support. You can also start in a modified Wheel Pose on your knees instead of your feet.","1. Lie on your back with your knees bent and feet flat on the ground, hip-width apart. 2. Place your hands under your shoulders with your fingers spread wide, and slowly lift your hips off the ground, squeezing your glutes and pushing through your heels. 3. As you lift, straighten your arms and lift your chest, keeping your shoulders down and away from your ears. 4. Hold the pose, taking deep breaths, and then slowly lower back down to the starting position."
125,Standing Forward Fold,Uttanasana,forward_fold,beginner,"Uttanasana stretches the entire back side of the body, from the shoulders to the heels, and can help to relieve stress and calm the mind. Regular practice can also improve flexibility, balance, and posture. Additionally, this pose can help to lengthen the spine and promote a sense of grounding and relaxation.","Avoid Uttanasana if you have a recent back injury, severe sciatica, or glaucoma. Pregnant women should also approach this pose with caution and modify as needed.","Inhale: Lengthen the spine and engage the core. Exhale: Fold forward, reaching for the toes or shins, and release any tension in the neck and shoulders.","Hold for 3-5 breaths, feeling the stretch and release with each inhale and exhale.","For a more accessible version, bend the knees slightly or place the hands on blocks or the shins instead of the toes. You can also use a strap to deepen the stretch or support the back.","Step 1: Stand with the feet hip-width apart and parallel to each other, engaging the core and lengthening the spine. Step 2: Inhale and lengthen the spine, feeling the crown of the head reach towards the ceiling. Step 3: Exhale and fold forward, reaching for the toes or shins, and allowing the arms to dangle. Step 4: Keep the knees slightly bent if necessary, and engage the core to support the back. Step 5: Release any tension in the neck and shoulders, and breathe deeply into the stretch."
126,Plow Pose,Halasana,forward_fold,intermediate,"Plow Pose (Halasana) stretches the neck and shoulders, relieving tension and stress. It also stimulates the thyroid gland, improving metabolism and hormonal balance. Regular practice can help alleviate symptoms of insomnia, anxiety, and depression.","Avoid this pose if you have a neck injury, high blood pressure, or glaucoma, as it can exacerbate these conditions. Pregnant women should also avoid this pose, especially in the later stages of pregnancy.","Inhale deeply as you lift your legs overhead, and exhale slowly as you lower them behind your head, keeping your breath steady and calm throughout the pose.","Hold the pose for 3-5 breaths, or 30 seconds to 1 minute, working up to longer holds as you build flexibility and comfort.","For a more accessible version, use a block or strap to support your legs, or practice a modified plow with your legs bent at a 90-degree angle. You can also use a wall for support and stability.","1. Start by lying on your back with your arms at your sides and your legs straight. Inhale and lift your legs off the ground, keeping them straight. 2. As you exhale, slowly lower your legs behind your head, keeping your shoulders and chest relaxed. 3. Continue to lower your legs until your toes touch the ground behind your head, or as far as is comfortable for you. 4. Take a few deep breaths, feeling the stretch in your neck and shoulders, and slowly lift your legs back up to the starting position."
127,Seated Forward Fold with a Twist,Bharadvajasana III,twist,intermediate,"Bharadvajasana III, or Seated Forward Fold with a Twist, stretches the spine, hips, and torso, while also stimulating digestion and relieving stress and anxiety. Regular practice can improve flexibility, balance, and overall well-being. It also helps to calm the mind and promote a sense of inner peace.","Avoid this pose if you have a severe back injury, herniated disc, or recent abdominal surgery. Pregnant women should also modify or avoid this pose, especially in the later stages of pregnancy.","Inhale as you lengthen the spine and prepare for the twist. Exhale as you fold forward and twist, allowing the body to release and relax. Continue to breathe deeply and naturally while holding the pose.","Hold the pose for 3-5 breaths, then release and repeat on the other side. You can also practice 2-3 repetitions on each side, holding for a shorter duration.","For a gentler version, use a block or strap to support the forward bend, or place a bolster or pillow under the forehead for support. You can also practice a seated forward fold without the twist, or use a wall for support.","1. Start by sitting on the floor with your legs straight out in front of you. Cross your right foot over your left, so that your right knee is bent and your right foot is on the outside of your left thigh. 2. Lengthen your spine and inhale, then exhale and fold forward, reaching for your left ankle or shin. 3. As you fold forward, twist your torso to the right, keeping your hips facing forward. 4. Hold the pose, breathing deeply and naturally, then release and repeat on the other side."
128,Reclined Pigeon Pose,Supta Eka Pada Rajakapotasana,restorative,intermediate,"Reclined Pigeon Pose helps to release tension in the hips, glutes, and lower back, promoting flexibility and relaxation. This pose also calms the mind and reduces stress and anxiety. Regular practice can improve overall hip mobility and balance.","Avoid Reclined Pigeon Pose if you have any knee injuries or issues, or if you experience discomfort or pain in the hips or lower back. Pregnant women should also modify or avoid this pose, especially in the later stages of pregnancy.","Inhale deeply into the chest, feeling the body relax and the hips release. Exhale slowly, allowing the body to sink deeper into the pose and release any tension.","Hold Reclined Pigeon Pose for 3-5 minutes on each side, or as long as feels comfortable and relaxing. You can repeat on the other side.","Use a block or strap under the knee for support and to reduce pressure on the joints. For a deeper stretch, bring the back leg closer to the chest or use a bolster under the torso for added support.","1. Begin by lying on your back and bringing one knee into your chest. Place your hand on the knee and gently rock it from side to side, releasing any tension in the hips. 2. Allow the knee to fall to one side, keeping the ankle towards the opposite hip. Bring your arm across your body and hold the knee or ankle for support. 3. Inhale deeply and as you exhale, allow your body to relax and release into the pose, feeling the stretch in the hips and glutes. 4. Hold the pose for 3-5 minutes, breathing deeply and relaxing the body. 5. To release, slowly bring the knee back to the center and repeat on the other side."
129,Reclined Spinal Twist,Supta Matsyendrasana,restorative,intermediate,"Reclined Spinal Twist (Supta Matsyendrasana) provides physical benefits by stretching the spine, hips, and torso, while also relieving tension in the lower back. Mentally, it calms the nervous system, promoting relaxation and reducing stress. Regular practice can also improve flexibility and range of motion.","Avoid this pose if you have any recent spinal injuries, severe back problems, or are experiencing pregnancy complications. It is also not recommended for people with sciatica or herniated discs.","Inhale deeply and lengthen the spine, exhale slowly and gently twist to one side, keeping the hips grounded. Inhale to return to the center, exhale to twist to the other side.","Hold the pose for 3-5 minutes on each side, breathing deeply and smoothly. You can also repeat the sequence 2-3 times, resting in between.","For a gentler variation, use a block or strap to support the knee, or place a folded blanket under the spine for extra comfort. You can also use a bolster or pillow to support the torso and hips.","Step 1: Lie on your back with your knees bent and feet flat on the ground. Step 2: Let your knees fall to one side, keeping your spine long and your hips grounded. Step 3: Use your hand to gently guide your knee and deepen the twist, keeping your shoulders relaxed and down. Step 4: Hold the pose and breathe deeply, feeling the stretch in your spine and hips. Step 5: Slowly return to the center and repeat on the other side."
130,Reclined Hero Pose,Supta Virasana,restorative,beginner,"Reclined Hero Pose (Supta Virasana) is a restorative yoga pose that offers numerous physical and mental benefits, including stretching and releasing tension in the back, hips, and knees, while also promoting relaxation, reducing stress, and calming the mind. Regular practice can also improve flexibility, balance, and overall well-being. Additionally, this pose can help alleviate symptoms of sciatica and lower back pain.","Avoid Reclined Hero Pose if you have knee injuries, severe back pain, or are in the later stages of pregnancy. If you have any underlying medical conditions, consult with your healthcare provider or a qualified yoga instructor before practicing this pose.","Inhale deeply, feeling the chest expand and the body relax. Exhale slowly, releasing any tension or stress. Continue to breathe naturally, focusing on the sensation of the breath moving in and out of the body.","Hold Reclined Hero Pose for 5-10 minutes, or as long as feels comfortable. If you're new to this pose, start with 3-5 minutes and gradually increase the duration as you become more comfortable.","For a more accessible version of the pose, place a block or strap under the back for support, or use a bolster or pillow under the knees to reduce strain. You can also practice this pose with the legs bent and feet on the ground, rather than extended behind you.","1. Begin by kneeling on the ground with your shins parallel to each other. Take a deep breath in, and as you exhale, slowly lower your back onto the ground, keeping your knees bent at a 90-degree angle. 2. Extend your legs behind you, keeping them straight, and allow your body to relax into the pose. 3. Place your arms at your sides, palms facing up, and allow your body to surrender into the support of the ground. 4. Close your eyes and focus on your breath, feeling the body relax and release tension with each exhalation."
131,Upward-Facing Dog,Urdhva Mukha Svanasana,standing,intermediate,"Upward-Facing Dog strengthens the back muscles, opens the chest, and improves flexibility in the shoulders and upper back. It also helps to stretch the abdomen and can improve digestion. Mentally, this pose can help increase energy and confidence.","Avoid Upward-Facing Dog if you have a recent wrist injury, or if you have a condition such as carpal tunnel syndrome, as it can put pressure on the wrists. People with severe back injuries or conditions should also approach with caution.","Inhale as you lift your chest and head off the ground, and exhale as you slowly lower back down into the starting position.","Hold Upward-Facing Dog for 3-5 breaths, or as long as feels comfortable, and repeat 3-5 times.","For a modification, try Cobra Pose (Bhujangasana) instead, which is a similar pose but with the forearms on the ground and the chest lifted. You can also use a block or strap under the hands to reduce pressure on the wrists.","1. Start in a high plank position with your hands shoulder-width apart and your fingers spread wide. 2. Inhale and slowly lift your chest and head off the ground, keeping your shoulders down and away from your ears. 3. Press your palms into the ground and use your arm strength to lift your torso, keeping your legs straight and your hips lifted. 4. Continue to breathe deeply and maintain the pose, feeling the opening in your chest and the engagement in your back muscles."
132,Eight-Limbed Pose,Astavakrasana,standing,advanced,"Astavakrasana, or Eight-Limbed Pose, is an advanced yoga pose that offers numerous physical benefits, including stretching and strengthening of the hips, legs, and spine, while also improving balance and flexibility. Mentally, this pose cultivates focus, concentration, and self-awareness. Regular practice of Astavakrasana can also enhance overall physical and mental well-being.","Astavakrasana is not recommended for individuals with injuries or conditions affecting the hips, knees, or ankles. Pregnant women and people with back problems should also avoid this pose or modify it under the guidance of a qualified yoga instructor.","Inhale and lengthen the spine. Exhale and twist, folding the right leg and arm across the body. Inhale and lift, maintaining the balance. Exhale and slowly release the pose, repeating on the other side.","Hold Astavakrasana for 3-5 breaths on each side, repeating the sequence 2-3 times.","For a modified version, practice the pose with a block or a strap under the lifted leg for support. Alternatively, use a wall for balance and stability. Beginners can also practice a simplified version by lifting only the leg and keeping the arm on the ground.","1. Start in a standing position with your feet hip-width apart, then bend your right knee and cross your right leg over your left, creating a twisted stance. 2. Reach your right arm across your body and place your hand on the ground beside your left knee, using it as a support for balance. 3. Inhale, lengthen your spine, and exhale, folding your torso and lifting your left leg off the ground. 4. Balance in Astavakrasana, engaging your core and maintaining focus, before slowly releasing the pose and repeating on the other side."
133,One-Legged Downward-Facing Dog,Eka Pada Adho Mukha Svanasana,standing,intermediate,"One-Legged Downward-Facing Dog stretches the entire back side of the body, from the shoulders to the heels, while also strengthening the arms, shoulders, and core. It can also help to improve balance and focus. Regular practice can also reduce stress and anxiety by calming the mind.","Avoid this pose if you have any shoulder, wrist, or knee injuries, or if you are experiencing high blood pressure or dizziness. Pregnant women should also modify or avoid this pose after the first trimester.","Inhale: Lengthen the spine and lift the leg. Exhale: Fold forward and deepen the stretch. Continue to breathe naturally, feeling the stretch and balance in the body.","Hold for 3-5 breaths on each side, repeating for 2-3 sets.","For beginners or those with flexibility limitations, use a block or strap under the hands to reduce the stretch. You can also modify by keeping the knee slightly bent or using a wall for support. For a deeper stretch, lift the back leg higher or use a strap to deepen the stretch.","1. Begin in Downward-Facing Dog (Adho Mukha Svanasana), with your hands shoulder-width apart and your feet hip-width apart. 2. Lift your right leg off the ground, keeping it straight and engaging your core to support the lift. 3. Continue to reach your arms and lift your leg, feeling the stretch in your entire back side. 4. Hold for 3-5 breaths, then slowly lower your leg and repeat on the other side."
134,Seated Forward Bend with a Twist,Bharadvajasana III,seated,intermediate,"Seated Forward Bend with a Twist (Bharadvajasana III) offers numerous physical and mental benefits, including stretching the hips, thighs, and spine, relieving tension in the neck and shoulders, and promoting relaxation and focus. Regular practice can also improve flexibility, balance, and overall posture. Additionally, this pose can help calm the mind and prepare for meditation.","This pose is not recommended for individuals with severe neck or back injuries, herniated disks, or recent spinal surgery. Pregnant women should also modify or avoid this pose, especially in the later stages of pregnancy.","Inhale: Lengthen the spine, engage the core, and twist to the right (or left). Exhale: Deepen the twist, stretching the shoulders and chest. Hold the breath for a few seconds, then inhale to release.","Hold the pose for 3-5 breaths on each side, repeating 2-3 times on each side. Gradually increase the duration as flexibility and comfort allow.","For beginners or those with limited flexibility, use a block or strap to support the forward bend. Place the block or strap under the forehead or hands, allowing for a more gentle stretch. Alternatively, sit on a folded blanket or cushion to elevate the hips and reduce strain on the back.","1. Sit on the ground with your legs extended in front of you, then bend your knees and place your feet on the ground. 2. Twist your torso to the right, placing your right hand on the outside of your left knee. 3. Lengthen your spine, engage your core, and lean forward, stretching your shoulders and chest. 4. Hold the pose, breathing deeply, then release and repeat on the other side."
135,Seated Leg Stretch with a Twist,Akarna Dhanurasana II,seated,intermediate,"Akarna Dhanurasana II, or Seated Leg Stretch with a Twist, offers numerous physical benefits such as stretching the hamstrings, calves, and spine, while also improving flexibility and balance. Mentally, this pose helps to cultivate focus, calmness, and relaxation. Regular practice can also lead to improved circulation and reduced stress levels.","Individuals with sciatica, severe back injuries, or recent spinal surgery should avoid this pose. Additionally, those with knee problems or sensitive joints should approach with caution and modify accordingly.","Inhale as you lengthen your spine and prepare to twist, exhale as you twist and deepen the stretch. Continue to breathe smoothly and naturally while holding the pose.","Hold the pose for 3-5 breaths, then slowly release and repeat on the other side. Aim for 2-3 repetitions on each side, or as feels comfortable for your body.","To make the pose more accessible, use a strap or towel to deepen the stretch or support your extended leg. You can also bend the knee of the extended leg if necessary, or use a block under your hand for support. For a more intense stretch, try lifting the heel of the extended leg off the ground or deepening the twist.","1. Sit on the ground with your legs extended in front of you, then bend your right knee and place your foot on the inner thigh of your left leg. 2. Extend your right arm and reach for your left foot, keeping your spine long and your chest open. 3. Twist your torso to the left, bringing your left hand to your right knee or ankle, and deepen the stretch. 4. Keep your hips grounded and your shoulders relaxed, feeling the stretch in your legs and spine. 5. Hold the pose, breathing smoothly, before slowly releasing and repeating on the other side."
136,Lord of the Dance Pose with a Twist,Natarajasana II,balancing,advanced,"Lord of the Dance Pose with a Twist (Natarajasana II) physically strengthens the ankles, improves balance, and opens the chest and shoulders. Mentally, it cultivates focus, concentration, and a sense of playfulness. Regular practice can also improve overall coordination and poise.","Avoid practicing Natarajasana II if you have any ankle or knee injuries, or if you experience dizziness or lightheadedness. Pregnant women should also modify or avoid this pose, especially in the later stages of pregnancy.","Inhale as you lift your leg and arm, lengthening your spine. Exhale as you twist and deepen the pose, engaging your core and maintaining balance.","Hold Natarajasana II for 3-5 breaths on each side, or repeat for 3-5 repetitions on each side.","Use a block or strap to support your leg if you're struggling to balance. You can also practice with your back to a wall for added support. For a more accessible variation, try lifting only your leg and keeping your arm by your side.","1. Begin by standing on one leg, with the other foot resting on the inner thigh. Engage your core and lengthen your spine. 2. Reach your arms out to the sides, then lift your leg and arm on the same side, keeping them parallel to the ground. 3. Twist your torso, bringing your lifted arm across your body, and gaze over your shoulder. 4. Deepen the pose, maintaining balance and control. 5. Release and repeat on the other side."
137,Warrior II with a Twist,Virabhadrasana II,balancing,intermediate,"Warrior II with a Twist strengthens the legs, hips, and core, while also stretching the chest and shoulders. This pose can improve balance and focus. Mentally, it can help to cultivate confidence and inner strength.",Avoid Warrior II with a Twist if you have any severe knee injuries or chronic low back pain. Pregnant women should also approach this pose with caution.,"Inhale and lengthen the spine. Exhale and twist, keeping the hips and legs stable.","Hold the pose for 3-5 breaths, then release and repeat on the other side.","Use a block or strap to support the lower hand if the stretch is too intense. For a deeper stretch, you can also use a wall for support.","1. Start in a high lunge position with your right foot forward and your left foot back. Bend your right knee and stretch your arms out to the sides, parallel to the ground. 2. Twist your torso to the right, keeping your hips and legs stable. Reach your right hand to the ground beside your right foot, and stretch your left arm up towards the ceiling. 3. Keep your spine long and your chest open, feeling the stretch in your shoulders and chest. Engage your core and maintain balance."
138,Handstand Scorpion Pose,Vrschikasana,inversion,advanced,"Handstand Scorpion Pose (Vrschikasana) offers numerous physical benefits, including strengthening the upper body, improving balance and flexibility, and stretching the chest and shoulders. Additionally, this inversion can help calm the nervous system and reduce stress. It also promotes mental focus, discipline, and self-awareness.","Avoid this pose if you have a history of neck or shoulder injuries, or if you experience high blood pressure, glaucoma, or are pregnant. It's also not recommended for beginners or those with limited upper body strength.","Inhale and lengthen the spine as you kick up into the handstand position. Exhale and slowly lower the torso, keeping the legs straight and the core engaged. Continue to breathe naturally and smoothly, focusing on the sensation of the stretch.","Hold the pose for 3-5 breaths, or as long as you feel comfortable and balanced. Repeat 2-3 times, resting in Child's Pose or Downward-Facing Dog between attempts.","For an easier variation, try using a wall for support or practicing with a shorter scorpion tail (bending the knees instead of keeping the legs straight). You can also use blocks or a strap to deepen the stretch and maintain proper alignment. Beginners can start by practicing handstands against a wall or using an inversion table.","1. Start in a high plank position with your hands shoulder-width apart and your fingers spread wide. Engage your core, straighten your arms, and lift your hips up and back, forming an inverted V shape. 2. Walk your feet forward and lift one leg up towards the ceiling, keeping it straight and your core engaged. 3. Once you feel balanced, slowly lift the other leg up to meet the first, keeping both legs straight and your body in a straight line from head to heels. 4. As you feel more stable, slowly lower your torso and lift your chest, keeping your shoulders down and away from your ears. 5. Hold the pose, focusing on your breath and the sensation of the stretch."
139,Elbow Stand,Urdhva Hastasana,inversion,advanced,"Elbow Stand (Urdhva Hastasana) offers numerous physical and mental benefits. Physically, it strengthens the arms, shoulders, and upper back, while also improving flexibility and balance. Mentally, it cultivates focus, concentration, and inner calm. Regular practice can also help to alleviate stress and anxiety.","Avoid Elbow Stand if you have any neck or shoulder injuries, or if you experience high blood pressure or dizziness. Additionally, pregnant women and individuals with glaucoma or detached retinas should also avoid this pose.","Inhale and exhale deeply and slowly, maintaining a steady flow of breath as you move into and hold the pose. Engage your core and maintain a smooth, controlled breathing pattern.","Hold Elbow Stand for 3-5 breaths, or up to 30 seconds if you're more comfortable. Gradually increase your hold time as you build strength and endurance.","To modify Elbow Stand, you can use a wall for support or place a block under your forearms for added stability. Alternatively, practice Forearm Stand (Pincha Mayurasana) with a leg lift to build strength and control before progressing to Elbow Stand.","1. Start on all fours with your forearms on the ground and your elbows directly under your shoulders. Engage your core and lift your hips up and back, straightening your arms and legs. 2. Walk your feet forward a few inches and lift your heels off the ground, balancing on your forearms and toes. 3. Slowly lift your legs up and back, keeping them straight, and balance on your forearms. 4. Engage your core and maintain a steady breathing pattern, holding the pose for 3-5 breaths."
140,Upward-Facing Bow Pose,Urdhva Dhanurasana II,backbend,advanced,"Upward-Facing Bow Pose (Urdhva Dhanurasana II) strengthens the back muscles, opens the chest, and improves flexibility in the shoulders and hips. This pose can also help alleviate stress and anxiety by releasing tension in the body. Regular practice can also improve spinal flexibility and balance.","Avoid this pose if you have a neck or back injury, high blood pressure, or are pregnant. It's also not recommended for people with severe shoulder or hip injuries.","Inhale as you lift your body up into the pose, and exhale as you slowly lower back down to the starting position.","Hold the pose for 3-5 breaths, or 30 seconds to 1 minute. Repeat 2-3 times.","For a more accessible version, try using blocks or a wall for support. You can also modify the pose by keeping your knees slightly bent or using a strap to deepen the stretch in your chest.","1. Lie on your back with your knees bent and feet hip-width apart, keeping your hands under your shoulders. 2. Inhale and press your palms into the ground, lifting your body up into a backbend. 3. Continue to lift your hips and chest, keeping your shoulders down and away from your ears. 4. Look up towards the ceiling, keeping your neck long and relaxed. 5. Hold the pose, feeling the stretch and opening in your chest and shoulders."
141,Standing Forward Fold with Hands to Heart,Uttanasana II,forward_fold,beginner,"Standing Forward Fold with Hands to Heart stretches the entire back side of the body, from the shoulders to the heels, and can help relieve stress and anxiety by releasing tension in the neck and shoulders. It also lengthens the spine, improving posture and reducing back pain. Regular practice can also calm the mind and promote a sense of inner peace.","Avoid this pose if you have a recent back injury, high blood pressure, or are experiencing dizziness or lightheadedness. Pregnant women should also modify the pose or avoid it altogether, especially in the later stages of pregnancy.","Inhale deeply, lengthening the spine, and exhale slowly, folding forward and reaching for the heart. Continue to breathe deeply, inhaling and exhaling slowly, as you hold the pose.","Hold the pose for 30 seconds to 1 minute, breathing deeply and slowly. Repeat 2-3 times, resting in Mountain Pose or Downward-Facing Dog in between repetitions.","For a more accessible version, place your hands on a block or a chair instead of reaching for your heart. You can also bend your knees slightly or use a strap to deepen the stretch in your shoulders and chest.","1. Stand with your feet hip-width apart, parallel to each other, and engage your core. 2. Inhale deeply, lengthening your spine, and then exhale slowly, folding forward and reaching for your heart with your hands. 3. Keep your knees slightly bent if necessary, and allow your arms to dangle freely or rest on your shins. 4. Hold the pose, breathing deeply and slowly, and feel the stretch in your entire back side."
142,Reclined Forward Fold,Supta Uttanasana,forward_fold,intermediate,"Reclined Forward Fold (Supta Uttanasana) provides a gentle stretch for the back, hips, and legs, while also calming the nervous system and promoting relaxation. This pose can help alleviate stress, anxiety, and insomnia. It also lengthens the spine and can help relieve lower back pain.","Avoid this pose if you have a herniated disk, sciatica, or any other condition that causes severe back pain. Pregnant women should also modify or avoid this pose, especially in the later stages of pregnancy.","Inhale: Lengthen the spine and relax the body. Exhale: Slowly fold forward, keeping the knees slightly bent if necessary. Continue to breathe deeply, feeling the stretch in the back and legs.","Hold the pose for 3-5 minutes, or for as long as feels comfortable. You can also repeat the pose 2-3 times, slowly releasing and re-folding each time.","Use a strap or towel to deepen the stretch, or place a block or pillow under the forehead for support. If the stretch feels too intense, bend the knees or bring the feet wider apart. For a more restorative version, place a bolster or pillow under the torso and legs.","1. Lie on your back with your legs straight and feet flexed. 2. Inhale and lengthen the spine, feeling the ground beneath you. 3. Exhale and slowly lift your arms overhead, stretching your chest and shoulders. 4. Continue to exhale and slowly fold forward, keeping the knees slightly bent if necessary, and reaching for your toes or shins. 5. Relax and breathe deeply, feeling the stretch in the back and legs."
143,Seated Spinal Twist with a Leg Lift,Bharadvajasana III,twist,intermediate,"Seated Spinal Twist with a Leg Lift (Bharadvajasana III) provides physical benefits by stretching and relieving tension in the spine, hips, and torso, while also improving flexibility and balance. Mentally, it calms the nervous system, promoting relaxation and clarity. Regular practice can also improve posture and reduce stress.","Avoid this pose if you have severe back or neck injuries, herniated discs, or recent spinal surgery. Pregnant women should also approach with caution and modify the twist to avoid discomfort.","Inhale as you lengthen the spine, exhale as you twist and deepen the stretch. Hold the breath for a brief moment at the peak of the twist, then inhale as you release.","Hold the pose for 30 seconds to 1 minute on each side, breathing deeply and smoothly. Repeat 2-3 times on each side, resting between repetitions.","Use a block or strap to support the lifted leg if flexibility is limited. Modify the twist by reducing the depth of the rotation or using a wall for support. For a more gentle variation, try Seated Spinal Twist (Bharadvajasana I) without the leg lift.","1. Begin by sitting on the floor with the legs crossed, with the right knee on top of the left. Place the right hand on the outside of the left knee. 2. Inhale and lengthen the spine, then exhale and twist the torso to the left, lifting the right leg off the ground and balancing on the left sit bone. 3. Hold the leg with the right hand, keeping the knee bent at a 90-degree angle. 4. Deepen the twist, keeping the chest open and the shoulders relaxed. 5. Repeat on the other side by switching the leg position and twisting to the right."
144,Reclined Spinal Twist with a Leg Lift,Supta Matsyendrasana II,twist,advanced,"Reclined Spinal Twist with a Leg Lift (Supta Matsyendrasana II) is an advanced twist that provides numerous physical and mental benefits. Physically, it stretches the spine, hips, and torso, while also strengthening the core and improving flexibility. Mentally, it can help alleviate stress and anxiety by promoting relaxation and balance in the body.","Avoid this pose if you have any neck or back injuries, or if you have recently undergone spinal surgery. Pregnant women should also avoid this pose, especially during the later stages of pregnancy.",Inhale as you lift your leg and lengthen your spine. Exhale as you twist and deepen the stretch. Continue to breathe deeply and naturally as you hold the pose.,"Hold the pose for 3-5 breaths on each side, or repeat for 2-3 repetitions on each side.","To modify this pose, you can place a block or strap under your knee for support, or use a wall to support your back as you twist. For a more gentle stretch, you can lift your leg only slightly off the ground or keep your knee bent at a 90-degree angle.","1. Lie on your back with your arms extended out to the sides and your legs straight. Engage your core and lengthen your spine. 2. Inhale and lift your right leg towards the ceiling, keeping it straight. Exhale and twist your torso to the left, allowing your right leg to move towards the ground on the left side of your body. 3. Keep your left leg straight and your hips grounded as you deepen the twist and stretch. 4. Hold the pose and breathe deeply, feeling the stretch in your spine, hips, and torso. Repeat on the other side by lifting your left leg and twisting to the right."
145,Reclined Pigeon Pose with a Twist,Supta Eka Pada Rajakapotasana II,twist,advanced,"Reclined Pigeon Pose with a Twist (Supta Eka Pada Rajakapotasana II) offers a deep stretch in the hips, glutes, and spine, while also promoting flexibility and range of motion in the torso. It can help alleviate tension in the lower back and hips, and can also calm the mind and promote relaxation. Additionally, this pose can help improve balance and concentration.","Avoid this pose if you have any recent or severe injuries to the hips, knees, or lower back. Pregnant women or individuals with sciatica should also approach with caution and modify or avoid the pose if they experience discomfort.","Inhale deeply as you lengthen the spine and twist to the side, exhale slowly as you deepen the stretch and surrender into the pose.","Hold the pose for 3-5 breaths on each side, or for 30 seconds to 1 minute, breathing deeply and smoothly.","To make the pose more accessible, use a block or pillow under the hips or torso for support, or place a strap around the legs to deepen the stretch. You can also modify the twist by taking the knees closer to the chest or reducing the depth of the stretch.","1. Begin by lying on your back with the legs extended and arms at your sides. Bend the right knee into the chest and place the right ankle on the left knee, creating a figure-four shape with the legs. 2. Twist the torso to the right, taking the right hand to the outside of the left knee and gently deepening the stretch. 3. As you inhale, lengthen the spine and deepen the twist, exhaling slowly as you surrender into the pose. 4. Gently release the pose and repeat on the other side, taking the left ankle to the right knee and twisting to the left."
146,Reclined Seated Forward Fold,Supta Paschimottanasana,restorative,intermediate,"Reclined Seated Forward Fold (Supta Paschimottanasana) stretches the entire back side of the body, from the shoulders to the heels, promoting flexibility and relaxation. This pose can also help to calm the mind, reduce stress, and alleviate symptoms of anxiety and insomnia. Regular practice can also improve circulation and reduce muscle tension.","Avoid this pose if you have a recent back injury, herniated disk, or sciatica. Pregnant women should also approach with caution and modify or avoid if discomfort or pain is experienced.","Inhale deeply, feeling the chest and lungs expand. Exhale slowly, lengthening the spine and folding forward, allowing the body to release and relax.","Hold the pose for 3-5 minutes, breathing deeply and slowly, and feeling the body relax and release.","Use a strap or towel to deepen the stretch if flexibility allows. Place a block or pillow under the forehead for support if the head is not able to reach the ground. For a more restorative version, place a bolster or pillow under the torso for support and relaxation.","1. Begin by sitting on the ground with the legs straight out in front of you. 2. Slowly recline back onto the ground, using support if needed, and bring the arms overhead, stretching the chest and shoulders. 3. Inhale deeply and as you exhale, slowly fold forward, reaching for the toes or shins, and allow the body to release and relax."
147,Reclined Hero Pose with a Twist,Supta Virasana II,restorative,intermediate,"Reclined Hero Pose with a Twist (Supta Virasana II) offers numerous physical benefits, including deep stretching of the quadriceps, hip flexors, and spine, as well as improved flexibility in the knees and ankles. Mentally, it promotes relaxation and reduces stress and anxiety by releasing tension in the body. Regular practice also enhances overall spinal flexibility and posture.","This pose is not recommended for individuals with recent knee injuries, knee surgery, or severe knee pain. Additionally, those with severe back pain or spinal injuries should avoid this pose or consult with a qualified yoga instructor before attempting it.","Inhale deeply into the chest, feeling the expansion of the lungs and the lengthening of the spine. Exhale slowly, allowing the body to relax further into the pose, releasing tension and stress with each breath.","Hold the pose for 5-10 minutes on each side, breathing deeply and relaxing into the stretch. If needed, take a 1-2 minute break before switching sides.","For a more accessible version, place a block or cushion under the back for support, or use a strap to gently deepen the stretch. For added comfort, place a folded blanket or towel under the knees.","1. Begin by sitting in Hero Pose (Virasana) with your knees bent and your feet flat on the ground. Place your hands on the ground beside you for support. 2. As you exhale, slowly lean back, reaching for a block, cushion, or the ground behind you. Allow your back to release and your chest to expand, keeping your knees bent at a 90-degree angle. 3. As you settle into the pose, gently twist your torso to one side, keeping your hips and knees grounded. Hold for the desired duration before switching sides. 4. To release, slowly inhale and lift your torso back up to a seated position, then repeat on the other side."
148,Reclined Leg Stretch with a Twist,Supta Akarna Dhanurasana,restorative,intermediate,"Reclined Leg Stretch with a Twist (Supta Akarna Dhanurasana) stretches the hips, knees, and ankles, while also relieving tension in the lower back and promoting flexibility in the spine. This pose can also help calm the mind and reduce stress. Regular practice can improve overall balance and coordination.","Avoid this pose if you have recent knee injuries or surgeries, or if you experience severe back pain or discomfort. Additionally, pregnant women should modify or avoid deep twists.","Inhale deeply, filling the lungs, as you bring the leg across the body. Exhale slowly, releasing tension, as you deepen the stretch and twist.","Hold for 3-5 minutes, breathing deeply and slowly, and then switch sides. Repeat 2-3 times on each side.","Use a strap or towel to support the leg if it's difficult to reach. You can also place a block or pillow under the knee for added support. For a deeper stretch, use a bolster or pillow under the spine.","1. Lie on your back, with your arms at your sides, and bring one leg across the body, keeping it straight. 2. Allow your spine to twist gently, keeping your shoulders and hips relaxed. 3. As you inhale, lengthen the spine and deepen the stretch, and as you exhale, release tension and allow the leg to sink deeper into the stretch. 4. Hold the pose, breathing deeply, and then slowly release and switch sides."
149,Reclined Cobbler's Pose,Supta Baddha Konasana,restorative,beginner,"Reclined Cobbler's Pose stretches the hips, thighs, and lower back, promoting flexibility and relaxation. It also calms the nervous system and reduces stress and anxiety. Additionally, this pose can help alleviate menstrual cramps and discomfort.",Avoid this pose if you have any severe back injuries or hip replacements. Pregnant women should also modify the pose by using a bolster or pillow under their back for support.,"Inhale deeply, feeling the chest expand and the hips relax. Exhale slowly, releasing any tension in the lower back and hips.","Hold the pose for 3-5 minutes, breathing deeply and feeling the relaxation spread throughout the body.",Use a bolster or pillow under your back for support if you're pregnant or have any back issues. You can also place a strap or towel around your feet to help maintain the bind if your hips are tight.,"1. Lie on your back and bring the soles of your feet together, with your knees bent and apart. 2. Let your arms relax by your sides, with your palms facing upwards. 3. As you inhale, feel the chest expand and the hips relax, and as you exhale, release any tension in the lower back and hips. 4. Allow your body to sink deeper into the pose, feeling the stretch in your hips and lower back. 5. Hold the pose, breathing deeply and feeling the relaxation spread throughout the body."
150,Reclined Seated Angle Pose,Supta Upavista Konasana,restorative,beginner,"Reclined Seated Angle Pose (Supta Upavista Konasana) stretches the hips, thighs, and spine, promoting flexibility and relaxation. It also calms the mind and reduces stress by releasing tension in the lower back. Regular practice can improve overall posture and balance.","Avoid this pose if you have severe knee or hip injuries, or if you experience any discomfort or pain in the lower back. Pregnant women should also modify or avoid this pose, especially in the later stages of pregnancy.","Inhale deeply and slowly, feeling the chest expand and the spine lengthen. Exhale slowly, releasing any tension in the hips and lower back, and allowing the body to relax further into the pose.","Hold the pose for 5-10 minutes, breathing deeply and slowly, and allowing the body to relax and release tension.","Use blocks or blankets under the knees or thighs for support, or place a bolster or pillow under the back for extra comfort. You can also modify the pose by bringing the feet closer together or using a strap to deepen the stretch.","1. Begin by sitting on the floor with your legs straight out to the sides, forming a wide 'V' shape. 2. Lie back onto your elbows, then slowly lower your back onto the floor, keeping your legs straight and your spine long. 3. Allow your body to relax and release tension, feeling the stretch in your hips and lower back, and breathe deeply and slowly into the pose."
151,Reclined One-Legged King Pigeon Pose,Supta Eka Pada Rajakapotasana,restorative,intermediate,"Reclined One-Legged King Pigeon Pose provides a deep stretch for the hips and glutes, while also promoting relaxation and calming the mind. It can help alleviate stress, anxiety, and lower back pain. Regular practice can also improve flexibility and range of motion in the hips and legs.","Avoid this pose if you have a recent knee or hip injury, or if you experience chronic pain or discomfort in the knees, hips, or lower back. Pregnant women should also approach with caution and modify the pose to avoid putting pressure on the abdomen.","Inhale deeply, feeling the hips and chest expand, and exhale slowly, allowing the body to relax and release further into the stretch.","Hold the pose for 5-10 breaths, or 3-5 minutes, to allow for deep relaxation and stretching.","Use a block or strap to support the extended leg if it doesn't reach the ground. Place a pillow or bolster under the chest or head for added support and comfort. For a more accessible version, try Supta Baddha Konasana (Reclined Bound Angle Pose) instead.","1. Begin by finding a comfortable seated position with the back straight and legs extended in front of you. Bend the right knee and bring the foot towards the left hip, forming a 90-degree angle with the leg. 2. Lower the torso down onto the back, keeping the left leg extended and the right knee bent. 3. Allow the right knee to fall towards the ground, stretching the hips and glutes. 4. Relax the arms and shoulders, and close the eyes, focusing on the breath and the sensations in the body."
152,Reclined Cow Face Pose,Supta Gomukhasana,restorative,intermediate,"Reclined Cow Face Pose (Supta Gomukhasana) helps to relieve stress and tension, stretches the chest, shoulders, and hips, and can also help alleviate sciatica pain. Additionally, it can calm the mind and promote relaxation. Regular practice of this pose can also improve flexibility and range of motion in the shoulders and hips.","This pose should be avoided by those with severe shoulder or hip injuries, or recent surgeries, as it may exacerbate existing conditions. Pregnant women should also exercise caution and modify the pose to avoid putting pressure on the abdomen.","Inhale deeply, feeling the chest expand and the shoulders relax. Exhale slowly, allowing the body to release tension and sink deeper into the pose.","Hold the pose for 5-10 minutes, or as long as feels comfortable, to allow for maximum relaxation and release of tension.","Use a block or strap to support the legs if they do not touch the ground, or place a bolster or pillow under the knees for added comfort. For a deeper stretch, place a strap or towel around the legs and pull gently.","1. Lie on your back and bring your legs into a bent position with your knees wide apart. 2. Cross your right knee over your left, and then wrap your right leg around your left to form a 'cow face' shape. 3. Use your hands to gently guide your legs into place and relax your shoulders away from your ears. 4. Close your eyes and focus on your breath, feeling the stretch in your hips and shoulders and allowing yourself to relax and release tension."
153,Reclined Seated Forward Fold with a Twist,Supta Paschimottanasana II,restorative,intermediate,"Reclined Seated Forward Fold with a Twist (Supta Paschimottanasana II) stretches the entire back side of the body, including the hamstrings, calves, and spine. It can also help to calm the nervous system and promote relaxation. Regular practice may also improve flexibility and range of motion.","Avoid this pose if you have a severe back injury, sciatica, or recent abdominal surgery. Pregnant women should also approach this pose with caution and modify or avoid it altogether if it causes discomfort.","Inhale deeply, lengthening the spine and expanding the chest. Exhale slowly, folding forward and twisting to the side, allowing the body to release and relax.","Hold the pose for 3-5 minutes on each side, breathing deeply and slowly, and feeling the stretch deepen.","Use a bolster or pillow under the knees for support, or place a strap around the feet to deepen the stretch. You can also use a block or blanket under the head for comfort. For a more gentle twist, keep the knees slightly bent.","1. Begin by lying on your back with your legs straight up towards the ceiling. 2. Lengthen the spine and engage the core, then slowly lift the legs off the ground and bring them towards your chest. 3. Exhale and twist to one side, keeping the legs straight, and allow the body to fold forward and relax. 4. Hold the pose and breathe deeply, feeling the stretch and relaxation spread through the body. 5. Repeat on the other side."
154,Reclined Sphinx Pose,Supta Salamba Bhujangasana,restorative,intermediate,"Reclined Sphinx Pose stretches and opens the chest, strengthens the back muscles, and promotes relaxation, reducing stress and anxiety. It also improves flexibility in the shoulders and upper back. This pose can help alleviate symptoms of insomnia and promote overall well-being.","Avoid this pose if you have severe back or neck injuries, or if you're experiencing any discomfort or pain in your shoulders or chest. Pregnant women and those with chronic back conditions should also exercise caution and consult with a healthcare professional or experienced yoga instructor.","Inhale deeply, feeling the chest expand and the shoulders relax. Exhale slowly, allowing the body to release any tension and settle deeper into the pose.","Hold the pose for 5-10 minutes, breathing deeply and slowly, and allowing the body to fully relax and release.","To make the pose more accessible, use a block or bolster under the chest or shoulders for support. You can also place a folded blanket or towel under the forehead for added comfort. For a deeper stretch, place your hands under your shoulders and gently press your chest forward.","1. Lie on your stomach with your forearms on the ground and your elbows directly under your shoulders. 2. Inhale and press your palms into the ground, lifting your chest and head off the mat. 3. Keep your shoulders down and away from your ears, and engage your back muscles to support your chest. 4. Allow your body to relax and release, feeling the stretch in your chest and shoulders. 5. Hold the pose, breathing deeply and slowly, and focus on the sensation of relaxation and release."
155,Reclined Lord of the Dance Pose,Supta Natarajasana,restorative,intermediate,"Reclined Lord of the Dance Pose provides a gentle stretch to the hips, glutes, and lower back, while also promoting relaxation and reducing stress. This pose can help improve flexibility and range of motion in the hips and knees. It can also calm the mind and promote a sense of inner peace.","Avoid this pose if you have any recent or severe knee injuries, or if you experience discomfort or pain in the hips or lower back. Pregnant women should also modify or avoid this pose, especially in the later stages of pregnancy.","Inhale deeply into the chest, feeling the breath expand the lungs. Exhale slowly, releasing any tension or stress, and allowing the body to relax further into the pose.","Hold the pose for 3-5 minutes, breathing deeply and slowly, and allowing the body to fully relax.","To modify the pose, use a block or strap to support the leg, or place a pillow under the knee for added comfort. You can also use a wall for support, or practice a simpler variation like Reclined Pigeon Pose.","1. Lie on your back with your legs extended, and engage your core to support your lower back. 2. Bend your right knee and bring your right foot towards your left buttock, keeping your ankle in line with your knee. 3. Reach back with your right hand and gently grasp the outside of your right ankle, keeping your elbow slightly bent. 4. Inhale deeply, and as you exhale, slowly lift your right leg up towards the ceiling, keeping it straight, and stretching the front of your hip. 5. Hold the pose, breathing deeply, and then slowly release and repeat on the other side."
156,Reclined Eight-Limbed Pose,Supta Astavakrasana,restorative,advanced,"Reclined Eight-Limbed Pose (Supta Astavakrasana) offers numerous physical and mental benefits, including stretching the shoulders, chest, and hips, while also strengthening the back muscles and improving spinal flexibility. It also helps to calm the mind and reduce stress. Regular practice of this pose can improve overall balance, focus, and concentration.","Avoid practicing Reclined Eight-Limbed Pose if you have severe back or neck injuries, or if you experience any discomfort or pain in the shoulders, hips, or knees. Pregnant women and individuals with osteoporosis should also avoid this pose or modify it under the guidance of an experienced yoga instructor.","Inhale deeply through the nose, feeling the chest expand and the torso lengthen. Exhale slowly through the mouth, releasing any tension and sinking deeper into the pose.","Hold the pose for 3-5 breaths or up to 30 seconds, depending on your comfort level and flexibility. Repeat 2-3 times on each side.","For a modified version, use blocks or straps to support the legs and torso. You can also place a folded blanket under the hips for added comfort and support. Alternatively, practice a wall-supported version by placing the legs against a wall and using a strap to secure the torso.","1. Begin by lying on your back with your arms extended overhead and your legs straight. Bend your knees and bring your heels towards your hips. 2. Cross your right knee over your left, creating an 'eight' shape with your legs. Extend your right arm overhead and use your left arm to gently guide your right shoulder towards the ground. 3. As you exhale, slowly lower your torso and legs towards the ground, keeping your spine long and your hips relaxed. 4. Hold the pose, breathing deeply and feeling the stretch in your shoulders, chest, and hips. 5. To release, slowly lift your torso and legs back up to the starting position and repeat on the other side."
157,Bow Pose,Dhanurasana,backbend,intermediate,"Bow Pose strengthens the back muscles, improves flexibility in the chest and shoulders, and can help to relieve stress and anxiety. It also stretches the abdominal muscles and can improve digestion. By opening the chest, it can also promote confidence and self-awareness.","Avoid Bow Pose if you have a neck injury, or if you have high blood pressure. Additionally, pregnant women should avoid this pose after the third trimester.","Inhale deeply as you lift your chest and head off the ground, and exhale slowly as you deepen the stretch and hold the pose.","Hold the pose for 3-5 breaths, and repeat 2-3 times.","For a gentler variation, keep your knees slightly bent or use a strap to assist in holding the ankles. You can also place a block or a folded blanket under your forehead for support.","1. Lie on your stomach with your arms extended alongside your body, and your legs hip-width apart. 2. Bend your knees and bring your heels towards your buttocks, then reach back and grasp your ankles with your hands. 3. Inhale deeply and lift your chest, head, and legs off the ground, keeping your knees slightly bent if necessary. 4. Hold the pose, feeling the stretch in your chest and shoulders, and the opening in your heart center."
158,Fish Pose,Matsyasana,backbend,intermediate,"Fish Pose (Matsyasana) provides physical benefits by strengthening the back muscles, improving flexibility in the chest and shoulders, and stretching the neck and throat. Mentally, it can help calm the mind and reduce stress. Regular practice can also improve respiratory function and overall posture.","Avoid Fish Pose if you have a neck injury or any condition that causes neck pain, as it may exacerbate the condition. Also, individuals with high blood pressure, glaucoma, or vertigo should practice with caution or modify the pose.","Inhale deeply as you lift your chest and head off the ground. Hold the breath for a brief moment at the top of the pose, then exhale slowly as you release and lower back down.","Hold Fish Pose for 30 seconds to 1 minute, breathing deeply and slowly. Repeat 2-3 times, resting for 30 seconds between repetitions.","For a modified version, place a block or strap under your back for support. You can also place a folded blanket under your head for a more gentle stretch. For a more challenging variation, lift your legs off the ground and balance on your seat bones.","1. Lie on your back with your legs straight and your arms at your sides. Place your hands under your hips for support. 2. Inhale deeply and press your palms into the ground, lifting your chest and head off the ground. 3. Continue to lift and arch your back, keeping your shoulders down and away from your ears. 4. Hold the pose, breathing deeply and slowly, then exhale and lower back down to the starting position."
159,Camel Pose,Ustrasana,backbend,intermediate,"Camel Pose strengthens the back muscles, improves flexibility in the chest, shoulders, and spine, and can also help alleviate stress and anxiety by opening up the heart center. It can also improve posture and reduce fatigue. Regular practice can also promote emotional balance and confidence.","Avoid Camel Pose if you have any neck or back injuries, high blood pressure, or during pregnancy. It's also not recommended for people with severe shoulder or wrist problems.","Inhale as you arch your back, and exhale as you slowly lower back down to the starting position.","Hold the pose for 3-5 breaths, and repeat 2-3 times.","For an easier variation, you can place your hands on blocks or the wall for support, or only arch your back slightly. You can also keep your head in a neutral position if dropping your head back is uncomfortable.","1. Kneel on the mat with your knees hip-width apart, and your hands on your hips. 2. Inhale and lengthen your spine, then exhale and arch your back, reaching for your ankles or shins with your hands. 3. Keep your shoulders down and away from your ears, and your chest expanded. 4. Engage your core and maintain the arch in your back, keeping your head in a neutral position or gently dropping it back."
160,One-Legged Seated Forward Fold,Eka Pada Paschimottanasana,seated,intermediate,"One-Legged Seated Forward Fold stretches the entire back side of the body, including the hamstrings, calves, and spine, improving flexibility and posture. It also calms the mind and can help reduce stress and anxiety. This pose can also help to balance the body's energy and promote a sense of grounding.",Individuals with knee injuries or recent hip replacements should avoid this pose or modify it to accommodate their needs. People experiencing low back pain or sciatica should also approach with caution and engage their core to support their spine.,"Inhale, lengthen the spine and engage the core. Exhale, fold forward and deepen the stretch, keeping the front leg straight and the back leg relaxed.","Hold the pose for 3-5 breaths on each side, repeating 2-3 times on each leg.","To modify, use a strap or towel to deepen the stretch if the hands can't reach the foot. Place a block or blanket under the front knee for support if there's discomfort. For a more accessible version, try bending the front knee or lifting the back leg slightly off the ground.","1. Sit on the ground with the legs extended in front, then bend the right knee and place the foot on the inside of the left thigh. 2. Inhale and lengthen the spine, engaging the core and reaching the arms up towards the ceiling. 3. Exhale, fold forward, and reach for the left foot or shin, keeping the front leg straight and the back leg relaxed. 4. Deepen the stretch with each exhalation, keeping the breath smooth and controlled."
161,Triangle Pose with a Twist,Trikonasana II,standing,intermediate,"Triangle Pose with a Twist (Trikonasana II) provides physical benefits such as stretching the hips, thighs, and spine, while also strengthening the ankles and knees. Mentally, it can help improve focus, balance, and overall sense of calmness. Regular practice can also increase flexibility and range of motion.","Avoid this pose if you have severe lower back problems, such as herniated disks, sciatica, or recent injuries. It's also recommended to approach with caution if you have neck or shoulder issues.","Inhale as you reach your right arm up towards the ceiling, exhale as you twist and place your right hand on the outside of your left knee, inhale to lengthen the spine, and exhale to deepen the stretch.","Hold the pose for 3-5 breaths, repeat on the other side.","Use a block or strap to support your hand if you're unable to reach your knee. For a deeper stretch, place your hand on the ground or use a wall for support. If you have neck issues, avoid gazing up and instead look straight ahead.","Step 1: Begin by standing with your feet wide apart, with one foot facing forward and the other foot at a 90-degree angle. Step 2: Reach your right arm up towards the ceiling and engage your core, feeling the stretch in your hips and thighs. Step 3: As you exhale, twist your torso to the left, placing your right hand on the outside of your left knee, and gaze up towards the ceiling (or straight ahead if modifying). Step 4: Lengthen your spine and deepen the stretch as you inhale, and exhale to release any tension. Step 5: Repeat on the other side."
162,Upward-Facing Dog with a Twist,Urdhva Mukha Svanasana II,standing,intermediate,"Upward-Facing Dog with a Twist (Urdhva Mukha Svanasana II) strengthens the back muscles, improves spinal flexibility, and enhances overall balance and coordination. It also stimulates the nervous system and promotes mental clarity. Additionally, this pose can help alleviate stress and anxiety by releasing tension in the torso.","Avoid this pose if you have any wrist, shoulder, or neck injuries, as it may exacerbate existing conditions. Pregnant women and individuals with severe back problems should also modify or avoid this pose.","Inhale as you lift your chest and twist your torso, exhale as you slowly lower back down to the starting position.","Hold for 3-5 breaths, repeating 2-3 times on each side.","Use a block or strap to support your hands if you're experiencing wrist strain. You can also modify the twist by only rotating your torso slightly, or by keeping your hips facing forward and twisting only your upper body.","1. Start in a high plank position with your hands shoulder-width apart and your feet hip-width apart. 2. Inhale as you lift your chest and hips off the ground, straightening your arms and keeping your shoulders down. 3. Twist your torso to one side, keeping your hips facing forward, and hold for 3-5 breaths. 4. Slowly lower back down to the starting position on an exhale, and repeat on the other side."
163,Peacock Pose with a Twist,Mayurasana II,balancing,advanced,"Mayurasana II strengthens the arms, shoulders, and core, while improving balance and focus. It also stretches the chest and shoulders, and can help to relieve stress and anxiety. Regular practice can also improve overall physical and mental discipline.","Avoid this pose if you have any wrist, shoulder, or elbow injuries, or if you are experiencing any neck or back problems. Pregnant women and people with high blood pressure should also avoid this pose.","Inhale deeply as you lift your legs off the ground, and exhale slowly as you balance and engage your core. Continue to breathe smoothly and slowly while holding the pose.","Hold for 3-5 breaths, and repeat 2-3 times on each side.","Use a block or a strap to support your arms if you're new to the pose, or practice the pose with your legs lifted only a few inches off the ground. You can also practice the pose with your feet hip-width apart instead of crossed.","1. Start in a high plank position with your hands shoulder-width apart, and your feet hip-width apart. 2. Cross your legs behind your back, with your right ankle resting on your left thigh. 3. Engage your core and lift your legs off the ground, balancing on your arms and lifting your chest forward. 4. Twist your torso to the right, keeping your arms and legs straight, and gaze forward. 5. Hold the pose and focus on your breath, then slowly lower down and repeat on the other side."
164,Handstand with a Twist,Adho Mukha Vrksasana II,inversion,advanced,"Handstand with a Twist (Adho Mukha Vrksasana II) builds core strength, improves balance and flexibility, and enhances mental focus and confidence. It also strengthens the arms, shoulders, and upper back. Regular practice can help to improve overall physical and mental well-being.","Avoid this pose if you have any shoulder, neck, or spine injuries, or if you have high blood pressure or are pregnant. Consult with a healthcare professional or experienced yoga instructor before attempting this pose.","Inhale deeply before kicking up, exhale as you twist and settle into the pose, and maintain steady breathing while holding the pose.","Hold the pose for 3-5 breaths, or as long as you feel comfortable and controlled. Repeat 2-3 times on each side.","Use a wall for support, or practice with a shorter twist. You can also lift one leg up at a time, or use blocks or straps to help maintain balance.","1. Start in a high plank position with your hands shoulder-width apart and your fingers spread wide. Engage your core and lift your hips up and back, straightening your arms and legs. 2. As you feel stable, lift one leg up and twist your torso to the right, keeping your arms and legs straight. 3. Hold the pose and breathe deeply, feeling the stretch in your chest and shoulders. 4. Slowly lower back down to the starting position and repeat on the other side."
165,Forearm Stand with a Twist,Pincha Mayurasana II,inversion,advanced,"Forearm Stand with a Twist (Pincha Mayurasana II) strengthens the core, shoulders, and arms, while also improving balance, flexibility, and focus. This pose can also stimulate the thyroid gland and improve circulation. Mentally, it can help build confidence and reduce stress.","Avoid this pose if you have any neck or shoulder injuries, or if you have high blood pressure or glaucoma. Pregnant women should also avoid this pose, especially in the first trimester.","Inhale and exhale slowly and smoothly while in the pose, focusing on your breath to maintain balance and control. As you twist, exhale and lengthen your spine, then inhale and deepen the twist.","Hold the pose for 3-5 breaths, or up to 30 seconds, and repeat 2-3 times on each side.","For a modification, use a wall for support, with your forearms on the ground and your feet on the wall. You can also use a block or strap under your forearms for extra support. Alternatively, practice a gentle twist in a seated or standing forward bend instead of the full inversion.","1. Begin by kneeling on the ground with your forearms on the ground in front of you, shoulder-width apart. Engage your core and press your palms into the ground. 2. Lift your hips and straighten your legs, walking your feet back slightly to balance on your forearms. 3. As you feel stable, slowly lift your legs off the ground and balance on your forearms, keeping your core engaged and your spine long. 4. Twist your torso to one side, keeping your hips and legs aligned, and hold for the desired duration."
166,Eight-Limbed Pose with a Twist,Astavakrasana II,inversion,advanced,"Astavakrasana II strengthens the arms, shoulders, and core, while also expanding the chest and shoulders. This pose also improves balance, focus, and concentration. Regular practice can help to build confidence and reduce stress and anxiety.","Avoid Astavakrasana II if you have any wrist, shoulder, or neck injuries. Additionally, pregnant women and those with high blood pressure should also avoid this pose or modify it under the guidance of an experienced instructor.","Inhale as you lift your legs off the ground, exhale as you twist and lift your hips, inhale to stabilize, and exhale to release.","Hold for 3-5 breaths or up to 30 seconds, repeat on the other side.","Use a block or strap to support your legs or hip if you're struggling to lift. You can also practice Astavakrasana II with one leg lifted and the other leg bent, or with the support of a wall.","1. Start in a high plank position with your hands shoulder-width apart and your feet hip-width apart. 2. Bend your elbows slightly and shift your weight onto your arms, lifting your right leg off the ground and twisting your torso to the right. 3. As you lift your hips, keep your left leg straight and your right leg bent at a 90-degree angle. 4. Hold the pose and engage your core, feeling the stretch in your chest and shoulders. 5. Slowly lower back down to the starting position and repeat on the other side."
167,Seated Forward Fold with a Leg Lift,Paschimottanasana II,forward_fold,intermediate,"Seated Forward Fold with a Leg Lift (Paschimottanasana II) stretches the entire back side of the body, from the shoulders to the heels, and strengthens the muscles of the core and legs. It also improves flexibility, balance, and concentration. This pose can be calming and meditative, helping to reduce stress and anxiety.","Avoid this pose if you have a recent or chronic back injury, sciatica, or a knee injury. It's also not recommended for people with severe flexibility limitations or those who are pregnant.","Inhale: Lengthen the spine and lift the leg. Exhale: Fold forward, reaching for the toes or shins, and engage the core. Continue to breathe smoothly and slowly, feeling the stretch deepen with each exhalation.","Hold the pose for 3-5 breaths, or up to 30 seconds, and repeat on the other side.","For a more accessible version, you can use a strap or towel to deepen the stretch or support the lifted leg. You can also bend the knee of the lifted leg or use a block or pillow under the forehead for support. If you're new to leg lifts, start by lifting the leg just a few inches off the ground and gradually increase the height as you build strength and control.","1. Sit on the floor with your legs extended in front of you, then lift your right leg and balance on your left leg. 2. Inhale and lengthen your spine, engaging your core and lifting your chest. 3. Exhale and fold forward, reaching for your toes or shins, and deepen the stretch in your back and legs. 4. Hold the pose and focus on your breath, feeling the balance and control required to maintain the lift. 5. Repeat on the other side."
168,Standing Forward Fold with a Twist,Uttanasana II,forward_fold,intermediate,"Standing Forward Fold with a Twist (Uttanasana II) provides physical benefits by stretching the entire back side of the body, hips, and spine, while also toning the abdominal muscles. It can also help relieve stress and anxiety by promoting relaxation and improving circulation. Mentally, it encourages flexibility and openness, promoting a sense of calm and clarity.","Avoid this pose if you have severe back or neck injuries, or if you experience any discomfort in your joints or muscles. Also, pregnant women should modify the pose or avoid it altogether, especially in the later stages of pregnancy.","Inhale: Lengthen the spine and engage the core. Exhale: Fold forward, twisting to one side, and then repeat on the other side.","Hold the pose for 30 seconds to 1 minute on each side, breathing deeply and smoothly. Repeat 2-3 times on each side.","For a more accessible version, bend your knees or use a block or strap to support your hands. You can also practice with your feet hip-width apart instead of together, or keep your back knee slightly bent to reduce strain on the lower back.","1. Begin by standing with your feet hip-width apart, parallel to each other, and your arms by your sides. Engage your core and lengthen your spine. 2. Inhale and lengthen your torso, then exhale and fold forward, reaching for your toes or shins. As you fold, twist your torso to one side, keeping your hips facing forward. 3. Hold the pose, breathing deeply, and then slowly release and repeat on the other side. 4. To release, inhale and lengthen your spine, then exhale and slowly roll up to standing."
169,Reclined Forward Fold with a Twist,Supta Uttanasana II,twist,intermediate,"Reclined Forward Fold with a Twist (Supta Uttanasana II) stretches the entire back side of the body, from the shoulders to the heels, while also targeting the hips and spine. This pose can help to relieve tension in the neck and shoulders, improve flexibility, and calm the mind. Regular practice of this pose can also promote better posture and reduce stress.","Avoid this pose if you have a recent back injury, herniated disk, or are experiencing severe neck pain. Pregnant women should also approach this pose with caution and modify as needed.","Inhale deeply and lengthen the spine, exhale and fold forward, twisting to one side. Hold the breath for a moment at the bottom of the twist, then inhale to lengthen and exhale to release.","Hold for 3-5 breaths on each side, repeating for 2-3 sets.","Use a strap or towel to deepen the stretch if your hands don't reach your toes. Place a block or pillow under your forehead for support if your neck feels strained. For a more gentle version, bring one knee into the chest and twist to that side, rather than bringing both knees into the chest.","1. Lie on your back with your legs straight and arms at your sides. Inhale and lengthen the spine, feeling the crown of the head reach towards the ceiling. 2. Exhale and bring both knees into the chest, then let them fall to one side, keeping the spine long. 3. Reach your arms up towards the ceiling, then bring them down to the ground beside you, keeping the shoulders relaxed. 4. Allow your torso to twist, keeping the hips grounded, and hold for the desired number of breaths before releasing and repeating on the other side."
170,Starlight Stretch,Tara Akarshana,standing,intermediate,"The Starlight Stretch (Tara Akarshana) provides physical benefits by stretching the chest, shoulders, and spine, improving flexibility and posture. Mentally, it can help increase feelings of openness and expansiveness. Regular practice can also reduce stress and anxiety by promoting relaxation.","Avoid this pose if you have any recent or severe injuries to the shoulders, chest, or spine. People with high blood pressure should also practice with caution and consult a medical professional or yoga expert.","Inhale as you reach your arms up and out, feeling the expansion in your chest and shoulders. Exhale as you deepen the stretch, keeping your core engaged and your body grounded.","Hold the pose for 3-5 breaths, or 30 seconds to 1 minute, and repeat 2-3 times on each side.","For a more accessible version, use a block or a strap to support your arms as you stretch. Alternatively, you can practice with your back against a wall for added support and balance.","Step 1: Start in a standing position with your feet hip-width apart, facing forward. Step 2: Reach your arms up and out to the sides, keeping them parallel to the ground and your palms facing down. Step 3: As you inhale, stretch your arms further apart, feeling the expansion in your chest and shoulders. Step 4: Exhale and deepen the stretch, keeping your core engaged and your body grounded. Step 5: Gently release the pose, bringing your arms back to your sides and taking a few deep breaths to integrate the stretch."
171,Sky Dancer,Akasha Nritya,balancing,advanced,"The Sky Dancer pose (Akasha Nritya) offers numerous physical benefits, including strengthened ankles, improved balance, and increased flexibility in the hips and spine. Mentally, this pose can cultivate focus, confidence, and a sense of calm. Regular practice can also enhance overall mental clarity and reduce stress.","Avoid this pose if you have any recent ankle injuries, chronic balance issues, or are experiencing dizziness. Pregnant women should also modify or avoid this pose, especially in the later stages of pregnancy.","Inhale as you lift your back leg and arms, feeling the expansion in your chest. Exhale as you lengthen your spine and balance, maintaining control and focus.","Hold the pose for 3-5 breaths on each side, or as long as you can maintain balance and control. Repeat 2-3 times on each side.","For a more accessible variation, try practicing with a block or wall for support. You can also modify by keeping your back knee bent or using a strap to deepen the stretch in your chest.","1. Begin by standing on one leg, with the other foot resting against your inner thigh. Engage your core, lift your arms overhead, and gaze forward. 2. As you inhale, slowly lift your back leg off the ground, keeping it straight and your foot flexed. 3. Exhale and lengthen your spine, maintaining balance and control. 4. Continue to breathe and balance, feeling the expansion in your chest and the strength in your ankles."
172,Inner Spiral,Antaranga Bhrama,twist,beginner,"Inner Spiral (Antaranga Bhrama) offers physical benefits by gently stretching and mobilizing the spine, hips, and torso, improving flexibility and posture. Mentally, this pose can help calm the mind and reduce stress by encouraging deep breathing and relaxation. Regular practice may also enhance focus and concentration.","Avoid this pose if you have severe back injuries, herniated discs, or are experiencing acute lower back pain. Additionally, pregnant women should modify or avoid deep twisting poses.","Inhale deeply, lengthening the spine, and exhale slowly, gently twisting to the right. Inhale again, and exhale, slowly releasing the twist.",Hold the twist for 3-5 breaths on each side. Repeat 2-3 times on each side.,"For beginners or those with limited mobility, use a block or strap to support the twist. Alternatively, sit in a chair or use the wall for support. You can also modify the twist by keeping your knees slightly bent or your feet wider apart.","1. Sit comfortably with your legs crossed, feet flexed, and back straight. Engage your core and lengthen your spine. 2. Inhale deeply, and as you exhale, gently twist to the right, keeping your hips facing forward. Use your right hand to guide your left knee, but avoid forcing the twist. 3. Keep your shoulders relaxed and down, gazing forward or slightly to the right. 4. Hold the twist, breathing deeply, and when ready, slowly release on an inhale. Repeat on the other side."
173,Dragon's Breath,Rakshasa Pranayama,backbend,intermediate,"Dragon's Breath (Rakshasa Pranayama) strengthens the lungs and diaphragm, increases oxygenation of the body, and helps to calm the nervous system. It also opens the chest and shoulders, improving posture and reducing stress. Additionally, this backbend promotes flexibility in the spine and ribcage.","Avoid Dragon's Breath if you have high blood pressure, heart problems, or recent injuries to the neck, back, or shoulders. Pregnant women should also avoid this pose.","Inhale deeply through the nose, filling the lungs fully, and exhale through the mouth with a hissing sound, contracting the abdominal muscles. Repeat for several rounds.",Hold each exhalation for 2-3 seconds and repeat for 5-10 rounds.,"For a modified version, sit on the edge of a chair or use a block under the hands to reduce the depth of the backbend. You can also practice this breathing technique without the backbend, simply sitting upright with good posture.","1. Start in a tabletop position on your hands and knees. 2. As you inhale, lengthen the spine and look forward, keeping the neck long. 3. As you exhale, slowly arch the back, lifting the head and tailbone towards the ceiling, and make a hissing sound through the mouth. 4. Keep the arms straight and engage the core muscles to support the backbend. 5. Repeat for several rounds, focusing on the breath and the sensations in the body."
174,Rising Sun,Udaya Surya,standing,beginner,"The Rising Sun (Udaya Surya) pose helps to stretch and warm up the entire body, preparing it for more intense physical activities. It also improves balance, flexibility, and circulation. Additionally, it can help to boost energy and uplift the mood by stimulating the solar plexus chakra.","Avoid this pose if you have any knee injuries or issues with balance, as it requires standing on one leg. It is also recommended to practice this pose with caution during pregnancy or menstrual periods.","Inhale as you rise onto one leg and stretch your arms up, exhale as you lower back down to the starting position.","Hold for 3-5 breaths on each leg, repeat 2-3 times on each side.","For beginners or those with balance issues, use a block or wall for support. You can also practice the pose with both feet on the ground and simply stretch your arms up.","1. Start by standing with your feet hip-width apart, parallel to each other. 2. Shift your weight onto one leg and lift the other foot off the ground, keeping it straight. 3. As you inhale, stretch your arms up towards the ceiling, lengthening your spine and feeling the stretch in your entire body. 4. Exhale and slowly lower your arms back down, returning to the starting position."
175,River Flow,Nadi Pravaha,forward_fold,intermediate,"River Flow (Nadi Pravaha) is an intermediate forward fold that helps to stretch and lengthen the entire back side of the body, from the shoulders to the heels. It also can help to calm the nervous system and promote relaxation. Regular practice can also improve flexibility and range of motion in the hips and spine.","Avoid practicing River Flow if you have any neck or back injuries, or if you experience any discomfort or pain in the shoulders, hips, or knees. Pregnant women should also modify or avoid this pose, especially in the later stages of pregnancy.","Inhale, lengthen the spine and arms. Exhale, fold forward, keeping the arms and hands relaxed. Continue to breathe naturally, feeling the stretch in the back body.","Hold the pose for 3-5 breaths, or 30-60 seconds. Repeat 2-3 times, resting in a neutral position between repetitions.","For a more accessible version, try using a block or strap to support the hands and reduce the depth of the fold. You can also bend the knees slightly to reduce the stretch in the backs of the legs. For a deeper stretch, try lifting the arms off the ground and extending them out to the sides.","Start in a standing forward fold (Uttanasana) with the feet hip-width apart. Inhale, lengthen the spine and arms. Exhale, step the right foot back about a foot, keeping the left foot forward. Inhale, lengthen the spine again. Exhale, fold forward, reaching the arms out to the sides and keeping the hands and arms relaxed. Keep the back leg straight and the front knee slightly bent, feeling the stretch in the back body."
176,Cloud Gate,Megha Dvara,balancing,advanced,"Cloud Gate (Megha Dvara) improves balance, focus, and mental clarity by engaging the core and challenging the body's equilibrium. It also stretches the chest, shoulders, and hips, enhancing flexibility and posture. Regular practice can lead to increased confidence and overall well-being.","Avoid Cloud Gate if you have severe ankle or knee injuries, or if you experience dizziness or vertigo. Pregnant women should also approach with caution, as this pose requires balance and may put pressure on the joints.","Inhale as you lift your leg and arm, exhale as you balance and engage your core, inhale to lengthen and expand, exhale to stabilize and focus.","Hold Cloud Gate for 3-5 breaths on each side, repeat for 2-3 sets.","For a modified version, use a block or strap to support the lifted leg or arm, or practice against a wall for added stability. Beginners can also start with a lower lift or a wider stance to build confidence and balance.","1. Start in Mountain Pose (Tadasana) with your feet hip-width apart and engage your core. 2. Slowly lift your right leg off the ground, keeping it straight, and extend your left arm up towards the ceiling, gazing forward. 3. Balance on your left leg, engaging your core and lifting your chest, as you reach for the sky with your left arm. 4. Hold for 3-5 breaths, then slowly lower your leg and arm back down to Mountain Pose, and repeat on the other side."
177,Knot of Awareness,Bodhi Granthi,seated,beginner,"The Knot of Awareness (Bodhi Granthi) pose helps to stretch the shoulders, chest, and upper back, promoting flexibility and posture. It also stimulates the solar plexus chakra, enhancing self-awareness and personal growth. Regular practice can calm the mind and reduce stress.","Avoid practicing Bodhi Granthi if you have any recent shoulder or chest injuries, or if you experience discomfort or pain in the shoulders or upper back. Pregnant women should also consult with a healthcare professional before practicing this pose.","Inhale, lengthening the spine and expanding the chest. Exhale, deepening the twist and releasing any tension.","Hold the pose for 3-5 breaths on each side, repeating 2-3 times.","For a more accessible variation, you can place your hands on the knees instead of crossing them. You can also use a strap or towel to deepen the twist if your hands don't reach. For added support, sit on a block or cushion to elevate the hips.","1. Sit comfortably with your legs crossed and your back straight. 2. Cross your right hand over your left, and place your hands on your knees, just above the kneecap. 3. Twist your torso to the right, keeping your hips facing forward, and deepen the stretch with each exhalation. 4. Gaze forward, keeping your chin parallel to the ground, and maintain awareness of your breath and body. 5. Repeat on the other side."
178,Morning Dew,Pratoshaka Bindu,forward_fold,beginner,"Morning Dew (Pratoshaka Bindu) is a beginner-friendly forward fold that stretches the hamstrings, calves, and spine, promoting flexibility and relaxation. Regular practice can also calm the mind and reduce stress. Additionally, it can help improve posture and balance.","Avoid this pose if you have severe back pain, sciatica, or recent injuries to the knees or ankles. Pregnant women should also modify the pose or avoid it altogether, especially in the later stages of pregnancy.","Inhale: Lengthen the spine as you reach forward. Exhale: Fold forward, reaching for the toes or shins, and hold.","Hold the pose for 3-5 breaths, breathing deeply and smoothly. Repeat 2-3 times, resting in a seated or standing position between repetitions.","For a more accessible version, bend the knees slightly or place the hands on blocks or the ground for support. You can also use a strap or towel to deepen the stretch without straining the back or knees.","1. Start in a standing position with your feet hip-width apart, parallel to each other, and facing forward. 2. Inhale and lengthen the spine, engaging the core muscles to support the back. 3. Exhale and fold forward, reaching for the toes or shins with the fingertips. Keep the knees slightly bent if necessary, and hold the pose."
179,Wind Chime,Vayu Gandharva,standing,intermediate,"Wind Chime (Vayu Gandharva) strengthens the core and legs, while also stretching the hips and torso, promoting overall balance and flexibility. It can also help to improve focus and concentration, calming the mind and reducing stress. Additionally, it can aid in improving digestion and relieving symptoms of sciatica.","Avoid this pose if you have any serious knee injuries, hip replacements, or severe spinal issues. Pregnant women should also avoid this pose or modify it significantly.","Inhale as you lengthen your spine and prepare for the pose, exhale as you twist and fold, inhale as you rise and expand, exhale as you release and return to the starting position.","Hold for 3-5 breaths on each side, and repeat for 2-3 rounds.","For a easier variation, practice with a wider stance or reduce the depth of the twist. You can also use a block or strap to support your hands or deepen the stretch in the hips. If you have knee issues, consider practicing a seated or kneeling version of the pose.","1. Begin by standing with your feet hip-width apart, parallel to each other. Engage your core and lengthen your spine. 2. Take a large step to one side with your right foot (for the right side twist), keeping your back leg straight. Twist your torso to the right, bending your front knee slightly and extending your arms out to the sides. 3. As you exhale, fold forward and down, reaching for the ground or a block with your right hand, while extending your left arm up and over your head. 4. Inhale and rise back up to the starting position, then repeat on the other side."
180,Sea Shell,Samudra Shanka,seated,beginner,"The Sea Shell pose (Samudra Shanka) helps to stretch the chest and shoulders, improving posture and reducing stress. It also helps to calm the mind, promoting relaxation and focus. Regular practice can also help alleviate symptoms of anxiety and depression.","Avoid this pose if you have any neck or shoulder injuries, or if you experience any discomfort or pain in these areas while practicing. Pregnant women should also consult their doctor before practicing this pose.","Inhale as you reach your arms up, exhale as you fold forward, and inhale again as you lift your chest and gaze forward.","Hold the pose for 3-5 breaths, or repeat for 3-5 repetitions.","For a modified version, you can place a block or strap under your forehead or chest for support. You can also practice the pose with your knees slightly bent to reduce strain on your lower back.","1. Start by sitting on the floor with your legs crossed in front of you, with your back straight and your core engaged. 2. Reach your arms up towards the ceiling, stretching your fingertips and shoulders. 3. As you exhale, fold forward, reaching your arms and chest towards the ground, and tucking your chin towards your chest. 4. As you inhale, lift your chest and gaze forward, keeping your shoulders relaxed and your core engaged."
181,Blissful Embryo,Sukha Bhruna,restorative,beginner,"Blissful Embryo (Sukha Bhruna) is a restorative yoga pose that provides relaxation and rejuvenation for the entire body, calming the mind and soothing the nervous system. It can help alleviate stress and anxiety by releasing endorphins and promoting a sense of calm. This pose can also help to stretch the chest and shoulders, improving posture and reducing muscle tension.","Avoid this pose if you have any recent injuries or surgeries, particularly in the neck, shoulders, or back. Pregnant women should also modify the pose or consult with their healthcare provider before practicing.","Inhale deeply into the chest, feeling the diaphragm expand and the body relax. Exhale slowly, releasing any tension or stress, and settle deeper into the pose.","Hold the pose for 5-10 minutes, breathing deeply and slowly, allowing yourself to fully relax and unwind.","Use a bolster or pillow under the chest and shoulders for support, or place a block under the forehead for added relaxation. For a more gentle variation, practice the pose with the knees slightly bent and the feet flat on the floor.","1. Lie on your back with your knees bent and feet flat on the floor. 2. Bring your knees into your chest and wrap your arms around them, holding onto your shins or knees. 3. Release your head and shoulders to the floor, allowing your body to relax and your chest to open. 4. Close your eyes and focus on your breath, feeling the pose relax and rejuvenate your entire body."
182,Flame of Life,Jiva Jwala,standing,intermediate,"The Flame of Life (Jiva Jwala) pose strengthens the ankles and legs, while also improving balance and focus. It can also help alleviate stress and anxiety by promoting mental clarity. Regular practice can also improve overall posture and core stability.","Avoid this pose if you have any ankle or knee injuries, or if you experience dizziness or lightheadedness. Pregnant women should also modify or avoid this pose due to the risk of imbalance.","Inhale as you lift your arms and engage your core, exhale as you balance on one leg and gaze forward.","Hold for 3-5 breaths on each leg, repeat 2-3 times on each side.","For beginners, start with the modified version where you place your back leg on the ground instead of lifting it. You can also use a block or wall for support if needed. For a more challenging variation, try lifting your back leg higher or holding the pose for a longer duration.","Step 1: Stand on one leg, with the other foot resting on the inner thigh. Step 2: Engage your core and lift your arms overhead, keeping them parallel to each other. Step 3: Gaze forward and balance on one leg, keeping your spine long and your shoulders relaxed. Step 4: Hold the pose, focusing on your breath and maintaining balance."
183,Razor's Edge,Kshura Rekha,balancing,advanced,"Razor's Edge (Kshura Rekha) is an advanced balancing pose that strengthens the ankles, calves, and core muscles while improving overall balance and focus. It also enhances mental clarity and concentration by requiring the practitioner to be fully present in the moment. Regular practice of this pose can also improve posture by engaging the muscles that support the spine.","Avoid practicing Razor's Edge if you have any injuries or conditions that affect your ankles, calves, or knees. Additionally, individuals with chronic back pain or instability should approach this pose with caution and under the guidance of an experienced yoga instructor.","Inhale as you lift your arms and lengthen your spine, exhale as you engage your core and balance on one leg. Continue to breathe naturally and smoothly, avoiding holding your breath.","Hold the pose for 3-5 breaths on each leg, repeating for 2-3 sets on each side.","For a modified version, practice the pose with your back against a wall for support or use a block under your raised foot for balance. Another option is to practice the pose with a shorter lift, lifting your arms and leg only a few inches off the ground.","1. Start in a high lunge position with your right foot forward and your left foot extended behind you. Engage your core and lift your arms overhead, interlacing your fingers. 2. As you inhale, lift your arms and lengthen your spine, feeling a sense of expansion and openness. 3. Exhale and slowly lift your back leg off the ground, balancing on the ball of your front foot. 4. Engage your core and balance, keeping your arms and spine long, and hold for 3-5 breaths. 5. Exhale and slowly lower your back leg to the ground, repeating on the other side."
184,Moonlit Wave,Chandra Taranga,forward_fold,intermediate,"Moonlit Wave (Chandra Taranga) is an intermediate forward fold that stretches the entire back side of the body, from the shoulders to the heels, while also strengthening the arms and shoulders. This pose can help improve flexibility, balance, and overall posture. Regular practice can also calm the mind and promote a sense of inner peace.","Avoid practicing Moonlit Wave if you have any recent injuries to the shoulders, arms, or back, or if you experience any sharp pain or discomfort in these areas. Additionally, those with high blood pressure or severe dizziness should modify or avoid this pose.","Inhale: Lengthen the spine and engage the arms. Exhale: Fold forward, stretching the back side of the body and surrendering to the ground.","Hold the pose for 5-10 breaths, or 30-60 seconds, depending on your comfort level and the intensity of your practice.","For a more accessible version, use a block or strap to support the hands or arms. You can also bend the knees slightly to reduce the stretch in the hamstrings and calves. Alternatively, practice a seated forward fold with the legs extended in front of you.","1. Begin in a high lunge position with the right foot forward and the left foot back, with the back knee almost touching the ground. 2. Lengthen the spine, engage the arms, and stretch the chest forward. 3. Exhale and fold forward, stretching the back side of the body and reaching for the ground with the hands. 4. Keep the arms straight and the shoulders down, feeling the stretch in the shoulders, back, and legs. 5. Hold the pose, breathing deeply and feeling the wave-like movement of the body."
185,Goddess's Gaze,Devata Drishti,seated,beginner,"Goddess's Gaze (Devata Drishti) stretches the neck and improves posture, while its meditative aspect calms the mind and reduces stress. It also helps to focus the attention and balance the nervous system. Regular practice can lead to improved concentration and mental clarity.",Avoid this pose if you have severe neck injuries or recent neck surgery. People with severe eye strain or eye injuries should also avoid this pose.,"Inhale as you lengthen the spine, exhale as you gently tilt the head back and focus your gaze upwards, and hold the breath for a brief moment as you maintain the gaze.","Hold the pose for 3-5 breaths, repeat for 3-5 rounds, and rest for a few breaths between rounds.","For beginners or those with neck strain, use a block or a folded blanket under the hips for support. You can also place your hands on your knees or thighs for added stability. For a more intense stretch, you can interlace your fingers behind your back and gently pull your shoulders back.","1. Sit comfortably with your legs crossed and your back straight, engage your core, and feel grounded. 2. Close your eyes, take a deep breath in, and as you exhale, slowly tilt your head back, keeping your chin up, and gaze upwards towards the sky or a point on the ceiling. 3. Hold the gaze, keeping your neck long, and focus on your breath, feeling the calmness and serenity in your body and mind."
186,Victory's Crest,Jayanta Shikha,standing,intermediate,"Victory's Crest (Jayanta Shikha) strengthens the ankles and legs, while also stretching the chest and improving balance. It can help to build focus and confidence. Regular practice can also improve overall posture and reduce stress.","Avoid this pose if you have severe ankle or knee injuries, or if you experience any dizziness or lightheadedness. Pregnant women should also practice with caution and under the guidance of a qualified instructor.","Inhale and lengthen the spine, then exhale and bend to the right, placing the right hand on the outside of the right ankle. Inhale to come back to center, and exhale to bend to the left, placing the left hand on the outside of the left ankle.","Hold each side for 3-5 breaths, and repeat for 2-3 rounds.","For a more accessible version, try using a block or a strap to support the hand on the ankle. You can also practice with the back against a wall for additional support and balance.","1. Stand with your feet hip-width apart, then take a large step to the right with your right foot. 2. Turn your back foot slightly inward and bend your front knee, keeping your back leg straight. 3. Inhale and lengthen your spine, then exhale and bend to the right, placing your right hand on the outside of your right ankle. 4. Extend your left arm up towards the ceiling, keeping it parallel to your spine. 5. Gaze forward and maintain balance, then come back to center and repeat on the other side."
187,Hummingbird,Sarpa Pakshi,balancing,advanced,"The Hummingbird pose strengthens the core, arms, and legs while improving balance and focus. It also stretches the chest and shoulders, promoting flexibility and relaxation. Additionally, it can help calm the mind and reduce stress.","Avoid this pose if you have any shoulder or wrist injuries, or if you are experiencing dizziness or vertigo. Pregnant women should also avoid this pose due to the balance requirements.","Inhale as you lift your legs and arms, and exhale as you balance and engage your core.","Hold for 5-10 breaths, rest for 5 breaths, and repeat 2-3 times.",Use a block or a strap to support your arms if you're struggling to lift them. You can also modify the pose by lifting only one leg or using a wall for balance.,"1. Start in a high plank position with your hands shoulder-width apart and your feet hip-width apart. Engage your core and lift your right leg off the ground, keeping it straight. 2. As you lift your leg, also lift your left arm off the ground, keeping it straight and in line with your shoulder. 3. Balance on your right hand and left foot, with your left arm and right leg lifted. 4. Hold the pose, focusing on your breath and engaging your core. 5. Release the pose slowly, lowering your leg and arm back to the starting position."
188,Solar Flare,Surya Canda,backbend,intermediate,"Solar Flare (Surya Canda) strengthens the back muscles, opens up the chest and shoulders, and improves flexibility in the upper body. This pose can also help alleviate stress and anxiety by stimulating the solar plexus chakra. Regular practice of Solar Flare can also improve overall posture and reduce fatigue.","Individuals with severe back injuries, neck problems, or recent spinal surgery should avoid this pose. Additionally, those with high blood pressure or glaucoma should practice with caution and under the guidance of an experienced yoga instructor.","Inhale as you lengthen the spine and begin to arch the back, exhale as you deepen the backbend and engage the core muscles.","Hold the pose for 3-5 breaths, repeat 2-3 times.","For a gentler variation, place the hands on the thighs or knees instead of the ankles. You can also use a block or strap to support the backbend. Alternatively, practice a seated or reclined version of the pose by lying on your back with knees bent and feet flat on the ground.","1. Begin by standing with your feet hip-width apart and parallel to each other. Reach down and place your hands on your ankles, keeping the elbows slightly bent. 2. Inhale and lengthen the spine, feeling the chest expand and the shoulders relax. 3. Exhale and slowly begin to arch the back, keeping the hands on the ankles for support. 4. Continue to deepen the backbend, engaging the core muscles and maintaining a gentle stretch in the chest and shoulders. 5. Hold the pose for 3-5 breaths, feeling the opening and expansion in the upper body."
189,Mystic's Knot,Rahasya Granthi,seated,beginner,"Mystic's Knot (Rahasya Granthi) is a seated yoga pose that offers numerous physical and mental benefits. Physically, it helps to stretch the shoulders, chest, and abdomen, while also improving spinal flexibility. Mentally, it can help to calm the mind, promote relaxation, and prepare the body for meditation.","Avoid Mystic's Knot if you have any shoulder or neck injuries, as it may exacerbate the condition. Additionally, individuals with severe back problems should approach this pose with caution and modify or avoid it if necessary.","Inhale deeply, lengthening the spine, then exhale slowly as you fold forward and bind the arms. Hold the breath for a brief moment, then inhale to release and repeat if desired.","Hold Mystic's Knot for 3-5 breaths, or up to 30 seconds, depending on your comfort level and focus.","If the full bind is challenging, use a strap or towel to assist in binding the arms. Alternatively, simply cross the arms over the knees or shins, keeping the shoulders relaxed and the chest open. For added support, sit on a block or cushion.","1. Begin by sitting on the floor with your legs crossed, keeping your back straight and your core engaged. 2. Inhale deeply, then exhale slowly as you lengthen your arms out to the sides and bind them around your shins or knees. 3. As you bind, fold forward slightly, keeping your shoulders relaxed and your chest open. 4. Hold the pose, breathing deeply and focusing on your inner space. 5. To release, inhale slowly and unwind your arms, then sit up straight, feeling refreshed and renewed."
190,Falling Leaves,Patra Pata,forward_fold,intermediate,"Falling Leaves (Patra Pata) is an intermediate forward bend that stretches the entire back side of the body, from the shoulders to the heels, and can help relieve stress and improve flexibility. It also strengthens the core and can help improve balance and focus. Regular practice of this pose can also help alleviate symptoms of sciatica and lower back pain.","This pose is not recommended for individuals with severe back injuries, herniated disks, or spinal conditions. Pregnant women should also avoid this pose, especially in the later stages of pregnancy.","Inhale deeply, lengthening the spine, and exhale slowly as you fold forward, keeping the breath smooth and controlled throughout the movement.","Hold the pose for 3-5 breaths, or 30-60 seconds, and repeat 2-3 times.","For a more accessible version, use a block or strap to support the hands or torso. You can also bend the knees slightly to reduce the stretch in the back of the legs. For a deeper stretch, try lifting the heels off the ground or using a wall for support.","Step 1: Start in a standing position with the feet hip-width apart, parallel to each other, and facing forward. Step 2: Inhale deeply and lengthen the spine, engaging the core and feeling a sense of grounding. Step 3: Exhale slowly and fold forward, keeping the knees slightly bent if necessary, and reaching for the ground or a block with the hands. Step 4: Keep the breath smooth and controlled, feeling the stretch in the back side of the body and the strength in the core."
191,Cosmic Wheel,Brahmanda Chakra,standing,intermediate,"The Cosmic Wheel pose strengthens the legs, hips, and spine, while improving balance and flexibility. It also helps to expand the chest and improve respiratory capacity. Additionally, it promotes a sense of inner balance and harmony, calming the mind and uplifting the spirit.","Avoid this pose if you have severe back problems, sciatica, or recent injuries to the knees or hips.","Inhale as you lengthen your spine and expand your chest, exhale as you bend your knees and lower your torso.","Hold the pose for 3-5 breaths, repeat 2-3 times.","Use a block or strap to support your hands if you're unable to reach the ground. Alternatively, practice a modified version of the pose with your hands on a wall or a chair for support.","1. Stand with your feet hip-width apart, arms by your sides, and engage your core. 2. Inhale and lengthen your spine, then exhale and bend your knees slightly, keeping your weight evenly distributed between both legs. 3. As you inhale, stretch your arms up and out to the sides, keeping them parallel to the ground. 4. As you exhale, continue to bend your knees and lower your torso, stretching your arms and chest forward and downward. 5. Keep your neck long and your gaze forward, feeling the expansion in your chest and the balance in your entire body."
192,Wishbone,Manokamana,balancing,advanced,"The Wishbone pose, or Manokamana, strengthens the legs and core, while improving balance and focus. It also stretches the chest and shoulders, promoting better posture and reducing tension. Regular practice can also enhance mental clarity and confidence.","Avoid this pose if you have severe ankle or knee injuries, or if you experience dizziness or lightheadedness. Pregnant women should also modify or avoid this pose, especially in the later stages of pregnancy.","Inhale as you lift your arms and balance on one leg, exhale as you lower your arms and descend back to the starting position.","Hold the pose for 3-5 breaths, or 30-60 seconds, on each leg. Repeat for 2-3 sets on each side.","For beginners, start by practicing the pose with support from a wall or block. You can also modify the pose by keeping the back leg slightly bent or using a chair for balance. Use a strap to deepen the chest stretch if needed.","1. Begin in Mountain Pose (Tadasana) with your feet hip-width apart, then shift your weight onto one leg and lift the other foot off the ground. 2. Bend your knee and bring your heel towards your glutes, keeping your back straight and core engaged. 3. Extend your arms out to the sides, parallel to the ground, and balance on one leg, keeping your gaze forward and focused. 4. As you balance, lift your chest and stretch your shoulders, feeling the opening in your chest and shoulders. 5. Slowly lower your arms and descend back to Mountain Pose, then repeat on the other side."
193,Golden Ratio,Suvarna Anupata,standing,intermediate,"The Golden Ratio pose (Suvarna Anupata) offers numerous physical and mental benefits, including improved balance and focus, strengthened ankles and calves, and enhanced overall posture. It also cultivates mental clarity and concentration by requiring the practitioner to engage their core and maintain a steady gaze. Regular practice of this pose can lead to increased confidence and poise.","Avoid practicing Golden Ratio if you have any ankle or knee injuries, or if you experience severe dizziness or vertigo. Additionally, pregnant women should approach with caution and modify the pose as needed.","Inhale and lengthen the spine, engaging the core. Exhale and deepen the stretch, maintaining balance and stability.","Hold the Golden Ratio pose for 3-5 breaths on each leg, repeating for 2-3 rounds.","For beginners or those with balance issues, use a block or wall for support. Alternatively, practice the pose with a wider stance or with one hand on a wall for added stability.","1. Stand on one leg, with the other foot resting against the inner thigh. Engage the core, lift the arms overhead, and gaze forward. 2. Lengthen the spine and stretch the arms, maintaining balance and stability. 3. Slightly bend the standing knee and lift the heel, deepening the stretch and engaging the calf muscles. 4. Hold the pose, focusing on the breath and maintaining balance. 5. Repeat on the other leg."
194,Savant's Slouch,Pandita Akunchana,seated,beginner,"Savant's Slouch (Pandita Akunchana) stretches the chest and shoulders, promoting relaxation and reducing stress. It can also help improve posture by opening up the thoracic spine. Additionally, this pose can calm the mind and prepare the body for meditation.","Avoid this pose if you have any injuries to the shoulders, chest, or upper back. Pregnant women should also avoid this pose, especially in the later stages of pregnancy.","Inhale deeply, feeling the chest expand, and exhale slowly, allowing the shoulders to slouch and the chest to release.","Hold this pose for 3-5 minutes, breathing naturally, and repeat as needed.","For a more accessible version, place a block or strap under the forehead for support. You can also use a wall for support, allowing the back to rest against the wall while maintaining the slouch.","Step 1: Sit comfortably on the floor with your legs crossed or in a seated position. Step 2: Slowly allow your chest to drop, letting your shoulders slouch and your head lower towards the ground. Step 3: Release any tension in the neck and shoulders, allowing the weight of the head to rest on the ground or a block. Step 4: Close your eyes and focus on your breath, feeling the relaxation spread through the body."
195,Luminous Drop,Dipa Bindu,forward_fold,intermediate,"The Luminous Drop (Dipa Bindu) pose helps to stretch and lengthen the spine, relieving tension in the neck and shoulders. It also promotes relaxation and reduces stress by calming the mind and nervous system. Additionally, it can improve flexibility in the hips and knees.","Avoid this pose if you have any neck or shoulder injuries, or if you experience dizziness or lightheadedness when bending forward. Pregnant women should also modify or avoid this pose, especially in the later stages of pregnancy.","Inhale and lengthen the spine, exhale and fold forward, keeping the knees slightly bent if necessary. Continue to breathe deeply, inhaling to lengthen and exhaling to deepen the stretch.","Hold the pose for 3-5 breaths, or 30-60 seconds. You can also repeat the pose 2-3 times, resting in a neutral position between repetitions.","For a more accessible version, bend the knees slightly or use a block or strap to support the hands. You can also practice a gentle, seated forward bend (Paschimottanasana) instead, with the legs extended in front of you.","1. Stand with your feet hip-width apart, then take a large step forward with one foot. 2. Bend your front knee and extend your arms forward, keeping them parallel to the ground. 3. Exhale and fold forward, reaching for the ground or a block with your hands. 4. Keep your back knee slightly bent if necessary, and engage your core to support your spine. 5. Lengthen your spine and deepen the stretch with each exhalation."
196,Celestial Map,Akasha Karta,balancing,advanced,"Celestial Map (Akasha Karta) strengthens the arms, shoulders, and core, while also improving balance, focus, and overall mental clarity. It stretches the chest, shoulders, and upper back, promoting flexibility and range of motion. Regular practice can lead to increased confidence and self-awareness.","Avoid this pose if you have severe shoulder, wrist, or knee injuries, or if you experience vertigo or dizziness. Also, those with high blood pressure or pregnancy should consult their doctor before practicing.","Inhale as you lift your legs up and balance. Exhale as you engage your core and maintain the balance. Continue to breathe smoothly and naturally, feeling the pose and your body.","Hold the pose for 3-5 breaths on each side, or as long as you feel comfortable and balanced. Repeat 2-3 times on each side.","For a modified version, use a block or a strap under your hands or feet for support. You can also practice the pose with your knees slightly bent or with one leg lifted at a time. For an easier variation, try lifting only one leg off the ground and balancing on the other leg and your hands.","1. Start in a tabletop position on all fours, with your hands shoulder-width apart and your knees directly under your hips. 2. Engage your core, lift your right leg up and balance on your left leg and hands. As you lift your leg, extend your spine and look forward, keeping your shoulders down and away from your ears. 3. Hold the balance and breathe smoothly, feeling the pose and your body. 4. Slowly lower your leg back down and repeat on the other side, lifting your left leg up and balancing on your right leg and hands."
197,Four Winds,Catur Vayu,standing,intermediate,"The Four Winds pose strengthens the ankles, calves, and legs, while also improving balance and concentration. It also helps to stretch the hips and calves, relieving tension and improving flexibility. Practicing this pose regularly can also enhance mental focus and stability.","Avoid practicing the Four Winds pose if you have any ankle or knee injuries, or if you experience any dizziness or balance issues. Pregnant women should also avoid this pose, especially in the later stages of pregnancy.","Inhale as you lift your heels and balance on your toes, exhale as you lower back down to the starting position.","Hold the pose for 3-5 breaths, repeat for 3-5 repetitions on each leg.","For a modified version, practice the pose with your back against a wall for support, or use blocks under your heels to reduce the depth of the stretch. You can also practice the pose on a softer surface, such as a yoga mat or grass, to reduce the impact on your joints.","1. Stand with your feet hip-width apart and parallel to each other, engage your core and lift your arms to shoulder height. 2. Slowly lift your heels off the ground, balancing on your toes and keeping your knees straight. 3. Keep your spine long and your gaze forward, focusing on a point in front of you. 4. As you lift your heels, rotate your torso slightly to the right, keeping your arms and legs in a straight line. 5. Repeat on the other side, rotating your torso to the left."
198,Starlight Slip,Tara Sarana,forward_fold,intermediate,"The Starlight Slip (Tara Sarana) forward fold provides a deep stretch for the hamstrings, calves, and spine, while also calming the nervous system and promoting relaxation. It can also help to improve flexibility and balance. Regular practice of this pose can lead to greater overall flexibility and reduced stress levels.","Avoid this pose if you have any severe back or neck injuries, or if you experience dizziness or lightheadedness when folding forward. Pregnant women should also modify the pose or avoid it altogether, especially in the later stages of pregnancy.","Inhale: Lengthen the spine and reach the arms up towards the ceiling. Exhale: Fold forward, reaching for the toes or shins, and release any tension in the neck and shoulders.","Hold the pose for 3-5 breaths, or 30-60 seconds, and repeat 2-3 times.","For a more accessible version, place a block or strap near the feet to support the hands, or bend the knees slightly to reduce the depth of the stretch. You can also practice the pose with the back against a wall for added support.","1. Begin by standing with the feet hip-width apart, then take a deep breath in and reach the arms up towards the ceiling. 2. As you exhale, fold forward at the hips and reach for the toes or shins, allowing the arms to dangle and the head to release. 3. Keep the knees slightly bent if necessary, and engage the core to support the back. 4. Hold the pose and focus on the breath, feeling the stretch in the hamstrings and calves. 5. To release, inhale and slowly roll up to standing, reaching the arms up towards the ceiling once again."
199,River Rock,Nadi Shila,balancing,advanced,"River Rock (Nadi Shila) improves balance and focus, while also engaging the core and strengthening the ankles. This pose can help build confidence and mental clarity. Regular practice can also improve overall flexibility and stability.",Avoid River Rock if you have severe ankle injuries or chronic balance issues. It's also not recommended for those with recent hip or knee surgeries.,"Inhale as you balance and lengthen, exhale as you engage your core and stabilize.","Hold River Rock for 3-5 breaths, repeat on the other side. Gradually increase the duration as you build balance and control.","For beginners, practice near a wall for support or use a block under the opposite hand for added stability. You can also start with a wider stance, then gradually narrow it as you build balance.","1. Start in Mountain Pose, then shift your weight onto one leg and bend the other knee, keeping your foot flexed. 2. Extend your opposite arm and place your palm on the ground beside your standing leg, with your fingers spread wide. 3. Engage your core, lift your chest, and balance on one leg, keeping your spine long and your gaze forward. 4. As you balance, slowly lift your arm and leg away from your body, maintaining control and stability throughout the pose."
200,Moon's Aura,Chandra Aavara,restorative,beginner,"Moon's Aura (Chandra Aavara) provides physical benefits by gently stretching the chest, shoulders, and upper back, while also promoting relaxation. This restorative pose calms the mind, reducing stress and anxiety. Regular practice can also improve sleep quality.","Avoid this pose if you have any recent injuries to the shoulders, chest, or upper back. Additionally, those with severe spinal conditions or osteoporosis should modify the pose carefully or consult a healthcare professional.","Inhale deeply, feeling the chest expand and the shoulders relax. Exhale slowly, allowing the body to release any tension and settle into the pose.","Hold the pose for 5-10 minutes, allowing the body to fully relax and recharge.","To make the pose more accessible, use a block or pillow under the head and neck for support. You can also use a strap to gently deepen the stretch in the chest and shoulders.","1. Start by lying on your back with your knees bent and feet flat on the ground. Place a block or pillow under your lower back for support. 2. Allow your arms to relax by your sides, with your palms facing upwards. 3. As you inhale, gently press your chest forward, feeling the stretch in your shoulders and upper back. Exhale, releasing any tension and allowing your body to settle into the pose. 4. Close your eyes and focus on your breath, feeling the calmness and relaxation spread throughout your body."
201,New Horizon,Nava Akasha,standing,intermediate,"New Horizon (Nava Akasha) is a balancing standing pose that strengthens the ankles, calves, and spine while opening the chest and shoulders. It also improves focus, concentration, and balance, promoting mental clarity and calmness. Regular practice can help alleviate stress and anxiety.","Avoid practicing New Horizon if you have severe ankle or knee injuries, or if you experience dizziness or lightheadedness. Pregnant women and individuals with high blood pressure should also modify or avoid this pose.","Inhale as you prepare to balance, exhale as you engage your core and lift your arms, and breathe naturally while holding the pose.","Hold the pose for 3-5 breaths on each leg, repeating for 2-3 sets on each side.","If you're new to balancing poses, practice with a block or wall support for stability. You can also modify by keeping your back foot on the ground instead of lifting it, or by using a strap to deepen the chest expansion.","1. Stand with your feet hip-width apart and engage your core. 2. Shift your weight onto one leg, lifting the other foot off the ground and balancing on the ball of the standing foot. 3. As you inhale, lengthen your spine and lift your arms up overhead, expanding your chest and shoulders. 4. Gaze forward, focusing on a point in front of you, and exhale, engaging your core and stabilizing your balance. 5. Hold the pose, breathing naturally, before slowly lowering your arms and leg to release."
202,Echo Chamber,Dhvani Guha,twist,intermediate,"Echo Chamber (Dhvani Guha) offers physical benefits such as improved spinal flexibility, strengthened obliques, and enhanced balance. Mentally, it cultivates focus and calmness, promoting inner awareness. This pose also helps to quiet the mind by releasing tension in the neck and shoulders.","This pose is not recommended for individuals with severe spinal injuries, recent neck or shoulder surgeries, or those who experience any sharp pain or discomfort in their neck or shoulders. Pregnant women should also approach with caution and consult their healthcare provider.","Inhale: Lengthen the spine and prepare for the twist. Exhale: Twist to the right, keeping the hips facing forward. Inhale: Lengthen the spine again. Exhale: Twist to the left, maintaining hip alignment.","Hold the twist for 30 seconds to 1 minute on each side, breathing deeply and smoothly. Repeat 2-3 times, alternating sides.","For beginners or those with limited flexibility, use a block or strap to support the hand on the knee or ankle. Alternatively, practice a gentle seated twist with feet on the floor, keeping the knees slightly bent. For added challenge, lift the back heel off the ground and balance on the ball of the foot.","1. Sit on the ground with your legs crossed, right foot on top of the left. Lengthen your spine and engage your core. 2. Twist your torso to the right, keeping your hips facing forward. Place your right hand on the outside of your left knee or ankle, depending on your flexibility. 3. Look over your right shoulder, keeping your chin parallel to the ground. 4. Engage your left shoulder blade to deepen the twist and maintain balance."
