id,pose_name,sanskrit_name,category,difficulty_level,benefits,contraindications,breathing_pattern,duration_or_reps,modifications,instructions
1,Mountain Pose,Tadasana,standing,beginner,"Mountain Pose (Tadasana) improves posture, balance, and core strength while promoting a sense of grounding and calmness. It also establishes good alignment and prepares the body for other standing poses. Regular practice can also boost confidence and reduce stress.","Avoid Mountain Pose if you have severe ankle or knee injuries, or if you experience dizziness or lightheadedness while standing. Pregnant women should modify the pose to avoid putting too much pressure on their lower back.",Inhale: Lengthen the spine and feel the chest expanding. Exhale: Engage the core and feel grounded through the feet.,"Hold the pose for 3-5 breaths, or use it as a transitional pose between other standing poses.","For those with ankle or knee issues, practice the pose with a wider stance or use a block under the hands for support. Pregnant women can practice with their feet hip-width apart and engage their core to avoid arching their lower back.","1. Stand with your feet hip-width apart and parallel to each other, with your weight evenly distributed on both feet. 2. Lengthen your spine, feeling the crown of the head and the heels grounding downwards. 3. Engage your core and feel the pelvic floor lifting upwards. 4. Relax your shoulders and chest, keeping the chest expanded and the shoulders down. 5. Gaze forward, keeping the chin parallel to the ground and the eyes soft."
2,Downward-Facing Dog,Adho Mukha Svanasana,standing,beginner,"Downward-Facing Dog (Adho Mukha Svanasana) stretches the hamstrings, calves, and spine, improving flexibility and balance. It can also help relieve stress and anxiety, promoting a sense of calm and relaxation. Additionally, this pose can strengthen the arms, shoulders, and core muscles.","Avoid this pose if you have high blood pressure, shoulder or neck injuries, or are experiencing menstrual cramps. It's also not recommended for pregnant women, especially in the later stages.","Inhale as you bend forward, lengthening the spine, and exhale as you straighten your arms and lift your hips up and back, straightening the body.","Hold the pose for 3-5 breaths, or 30-60 seconds, and repeat 2-3 times.","For beginners or those with flexibility limitations, use a block under the hands or a strap around the hips to deepen the stretch. You can also bend your knees slightly to reduce the pressure on your hamstrings and calves.","1. Start on all fours (tabletop position) with your hands shoulder-width apart and your knees directly under your hips. 2. As you inhale, lift your hips up and back, straightening your arms and keeping your palms and heels grounded. 3. Keep your head in a neutral position, with your ears in line with your arms, and engage your core muscles to support your body. 4. Lengthen your spine and stretch your chest forward, keeping your body in an inverted V-shape. 5. Hold the pose, breathing deeply, and then exhale as you slowly lower back down to the starting position."
3,Warrior Pose,Virabhadrasana,standing,beginner,"Warrior Pose strengthens the legs, hips, and core, improving balance and stability. It also stretches the chest, shoulders, and hips, promoting flexibility and range of motion. Additionally, it can help to build confidence and inner strength, cultivating a sense of courage and determination.","Avoid Warrior Pose if you have any injuries or conditions affecting the knees, hips, or ankles, such as severe knee or hip pain, osteoporosis, or recent surgeries. Also, avoid the pose if you are experiencing any dizziness or lightheadedness.","Inhale deeply as you step your right foot forward and turn your back foot slightly inward, exhale as you bend your front knee and stretch your arms out to the sides, inhale as you lengthen your spine and engage your core, and exhale as you gaze forward and settle into the pose.","Hold Warrior Pose for 3-5 breaths on each side, repeating the sequence 2-3 times on each side.","For a modified version, you can shorten the stride between your feet or keep your back heel on the ground. You can also use a block or strap to support your front leg or maintain proper alignment. For a more challenging variation, you can deepen the bend in your front knee or lift your back heel off the ground.","Step 1: Stand with your feet wide apart, with one foot facing forward and the other foot at a 90-degree angle. Step 2: Bend your front knee over your ankle, keeping your thigh parallel to the ground, and stretch your arms out to the sides at shoulder height. Step 3: Engage your core, lengthen your spine, and gaze forward, keeping your back leg straight and your back foot grounded. Step 4: Check your alignment and make any necessary adjustments to maintain balance and stability. Step 5: Hold the pose, feeling strong and confident, and then repeat on the other side."
4,Triangle Pose,Trikonasana,standing,beginner,"Triangle Pose (Trikonasana) offers a range of physical benefits, including stretching the hips, thighs, and spine. It can also help improve flexibility, balance, and posture. Additionally, this pose can calm the mind, reduce stress, and promote a sense of grounding and stability. ","Avoid this pose if you have a severe neck or hip injury, sciatica, or high blood pressure. Pregnant women should modify the pose by taking a wider stance and avoiding deep twists.","Inhale: Lengthen the spine and reach the arms up. Exhale: Fold the torso to the right, sliding the right hand down the leg towards the ankle, and extend the left arm up towards the ceiling. Repeat on the other side.","Hold the pose for 30 seconds to 1 minute on each side, breathing deeply and smoothly.","For beginners or those with flexibility limitations, use a block or strap to support the hand on the leg. Alternatively, bend the knee of the front leg to reduce the depth of the stretch. For a more intense stretch, extend the back leg and engage the core muscles.","1. Stand with your feet wide apart, with one foot facing forward and the other foot at a 90-degree angle. 2. Reach one arm up towards the ceiling, and slide the other hand down the leg towards the ankle, keeping the spine long and the hips open. 3. Extend the top arm, and gaze up towards the ceiling, feeling the stretch in the hips, thighs, and spine. 4. Repeat on the other side, switching the position of the feet and arms."
5,Tree Pose,Vrksasana,standing,beginner,"Tree Pose (Vrksasana) helps improve balance, stability, and focus. It also strengthens the ankles, calves, and spine, while stretching the hips and chest. Regular practice of this pose can also reduce stress and anxiety by promoting feelings of calmness and grounding.","Avoid practicing Tree Pose if you have severe ankle or knee injuries, or if you experience dizziness or lightheadedness. It's also recommended to modify or avoid this pose during pregnancy or menstruation if you feel any discomfort or instability.","Inhale: Lengthen the spine and engage the core, feeling the ground beneath your feet. Exhale: Slowly lift the arms overhead, keeping them parallel to each other, and gaze forward.","Hold the pose for 30 seconds to 1 minute, breathing naturally. You can practice 2-3 repetitions on each leg, switching sides and repeating the process.","For beginners, you can start by practicing Tree Pose with your back against a wall for support, or use a block or a chair to help with balance. You can also lift the heel of the standing foot instead of balancing on the ball of the foot, or practice with your eyes closed for an added challenge.","1. Stand on one leg, with the other foot resting on the inner thigh, just above the knee. 2. Engage your core, lengthen your spine, and lift your arms overhead, keeping them parallel to each other. 3. Gaze forward, focusing on a point in front of you, and balance on one leg, feeling the ground beneath your foot."
6,Eagle Pose,Garudasana,standing,beginner,"Eagle Pose (Garudasana) offers numerous physical benefits, including stretching and strengthening the hips, thighs, and ankles, while also improving balance and focus. Mentally, it can help reduce stress and anxiety by promoting a sense of calm and centeredness. Additionally, it can improve circulation and reduce inflammation in the legs.",Individuals with severe knee injuries or recent surgeries should avoid this pose. Those with sciatica or severe lower back issues should also exercise caution and modify the pose as needed.,"Inhale deeply and lengthen the spine, then exhale as you bend the knees and wrap the legs. Hold the pose and breathe naturally, inhaling and exhaling slowly and smoothly.","Hold the pose for 3-5 breaths, then release and repeat on the other side. For beginners, start with shorter holds and gradually increase the duration as you build balance and endurance.","For a modified version, try wrapping one leg over the other without bending the knees, or use a block or strap to support the wrapped leg. For added support, practice the pose with your back against a wall.","1. Stand with your feet hip-width apart and parallel to each other. Engage your core and lengthen your spine. 2. Bend your knees slightly and cross your right thigh over your left, wrapping your legs around each other. 3. Extend your arms out to the sides and cross your right arm over your left, wrapping them around each other in a similar manner to your legs. 4. Gaze forward and focus on a point in front of you, maintaining balance and poise. 5. Hold the pose and breathe, feeling the stretch in your hips and legs."
7,Seated Forward Fold,Paschimottanasana,seated,beginner,"Seated Forward Fold stretches the hamstrings, calves, and spine, relieving tension and stress. It also calms the mind and promotes relaxation, reducing anxiety and fatigue. Additionally, it can help improve flexibility and balance.","Avoid this pose if you have severe back injuries, herniated disks, or are experiencing sciatica or severe knee problems. Pregnant women should also approach with caution and modify the pose as needed.","Inhale deeply, lengthening the spine, and exhale slowly, folding forward and releasing any tension. Continue to breathe naturally, feeling the stretch in the back and legs.","Hold the pose for 3-5 breaths, or up to 30 seconds, and repeat 2-3 times as needed.","For beginners or those with tight hamstrings, use a strap or towel to deepen the stretch without straining. You can also bend your knees slightly or place your hands on blocks for support. For a more intense stretch, engage your core and reach for your toes or shins.","1. Sit on the floor with your legs extended in front of you, feet hip-width apart and engaged. Lengthen your spine and engage your core. 2. Inhale deeply, and as you exhale, slowly fold forward, reaching for your toes or shins. Keep your knees slightly bent if necessary. 3. Allow your head to release and your arms to dangle, feeling the stretch in your back and legs. 4. Hold the pose, breathing naturally, and slowly lift back up to seated position on an inhale."
8,Seated Twist,Bharadvajasana,seated,beginner,"Seated Twist (Bharadvajasana) provides physical benefits by increasing spinal flexibility, stretching the torso, and relieving tension in the neck and shoulders. Mentally, this pose can help calm the mind, reduce stress, and promote relaxation. Regular practice can also improve digestion and reduce symptoms of sciatica.","Avoid this pose if you have any recent injuries or surgeries in the neck, shoulders, or spine, or if you experience severe back pain or discomfort. Additionally, pregnant women should modify the twist to avoid putting pressure on the abdomen.","Inhale: Lengthen the spine and sit up tall. Exhale: Twist to the right, keeping the hips facing forward. Inhale: Return to center. Exhale: Twist to the left. Repeat.","Hold each twist for 3-5 breaths, then return to center. Repeat on the other side. Practice 2-3 repetitions on each side.","For beginners or those with limited flexibility, you can modify the twist by placing your right hand on the outside of your left knee and gently pulling your knee towards your chest. Alternatively, you can use a block or strap to support your spine or deepen the twist.","1. Sit on the floor with your legs crossed, right leg over left. Lengthen your spine and sit up tall, engaging your core. 2. Inhale and lengthen your spine further. Exhale and twist to the right, keeping your hips facing forward. Place your right hand on the outside of your left knee and gently pull your knee towards your chest. 3. Look over your right shoulder, keeping your chin parallel to the ground. 4. Hold for 3-5 breaths, then return to center. Repeat on the other side."
9,Seated Spinal Twist,Bharadvajasana II,seated,beginner,"Seated Spinal Twist (Bharadvajasana II) provides physical benefits by stretching the spine, hips, and torso, while also improving flexibility and posture. This pose can also help to relieve stress and promote relaxation, offering mental benefits such as reduced anxiety and improved focus. Regular practice can also improve digestion and relieve lower back pain.","Avoid practicing Seated Spinal Twist if you have any severe spinal injuries, recent surgeries, or chronic conditions such as herniated discs or osteoporosis. Pregnant women should also modify or avoid this pose, especially in the later stages of pregnancy.","Inhale deeply, lengthening the spine, and exhale slowly as you twist to the right (or left). Inhale again, maintaining the twist, and exhale as you release and return to center.","Hold the twist for 3-5 breaths on each side, repeating the sequence 2-3 times.","For a more accessible version, use a block or strap to support your hand or arm, or place your hand on your knee instead of your ankle. You can also practice a gentle twist by only turning your torso and keeping your hips facing forward.","1. Sit on the floor with your legs crossed, right leg on top of the left, and your back straight. 2. Lengthen your spine and inhale deeply, then exhale and twist your torso to the right, bringing your right hand to your left ankle or knee. 3. Place your left hand on the outside of your right knee, gently deepening the twist, and look over your right shoulder. 4. Hold the twist, maintaining a steady breath, and then slowly release and return to center, repeating on the other side."
10,Seated Hero Pose,Virasana,seated,beginner,"Seated Hero Pose (Virasana) stretches the quadriceps, hip flexors, and shins, while also strengthening the back muscles. It can help improve flexibility, balance, and overall posture. Additionally, it promotes relaxation and reduces stress by calming the mind and soothing the nervous system.","Avoid Seated Hero Pose if you have knee injuries, knee surgery, or severe knee pain. It is also not recommended for people with severe ankle or foot problems.","Inhale deeply, feeling the chest expand and the spine lengthen. Exhale slowly, releasing any tension in the body and sinking deeper into the pose.","Hold the pose for 30 seconds to 1 minute, breathing deeply and smoothly. Repeat 2-3 times, taking breaks in between if needed.","For beginners or those with knee issues, you can modify the pose by placing a block or a folded blanket under the buttocks for support. Alternatively, you can also place a strap or a towel around the back of the knees to help deepen the stretch.","1. Kneel on the mat with your knees slightly apart, keeping your weight evenly distributed on both knees. 2. Slowly lower your buttocks down towards the ground, keeping your back straight and your core engaged. 3. Place your hands on your thighs or knees, feeling the stretch in your quadriceps and hip flexors. 4. Lengthen your spine and engage your core, feeling a sense of balance and stability in the pose. 5. Breathe deeply and smoothly, holding the pose for the desired duration."
11,Seated Forward Bend,Paschimottanasana II,seated,beginner,"Seated Forward Bend (Paschimottanasana II) stretches the entire back side of the body, from the shoulders to the heels, and can help relieve stress and anxiety. Regular practice can also lengthen the hamstrings and spine. Additionally, this pose can help calm the mind and promote relaxation.","Avoid this pose if you have a severe back injury or spinal disc problems, as it can put pressure on the spine. Also, if you have any knee injuries or chronic knee pain, be cautious and modify the pose accordingly.","Inhale, lengthen the spine; exhale, fold forward.","Hold the pose for 3-5 breaths, or 15-30 seconds.","For beginners or those with tight hamstrings, use a strap or towel to deepen the stretch without straining the back. You can also bend your knees slightly to reduce the stretch in the back of the legs. For added support, sit on a block or blanket.","1. Sit on the ground with your legs extended in front of you and engage your core to support your lower back. 2. Inhale, lengthen the spine, and reach your arms up towards the ceiling. 3. Exhale, fold forward, and reach for your toes or shins, keeping your knees slightly bent if necessary. 4. Keep your shoulders relaxed and your chest open, feeling the stretch in the back of your body."
12,Seated Leg Stretch,Akarna Dhanurasana,seated,beginner,"Seated Leg Stretch (Akarna Dhanurasana) provides physical benefits such as lengthening the hamstrings, calves, and spine, while also improving flexibility in the hips and knees. Mentally, it can help calm the mind and promote relaxation. Regular practice can also improve balance and concentration.","Avoid this pose if you have any injuries to the knees, hips, or lower back. Pregnant women should also approach this pose with caution and consider modifying or avoiding it altogether.","Inhale and lengthen the spine, then exhale and fold forward, reaching for the toes or shins. Continue to breathe deeply and smoothly, feeling the stretch in the legs and hips.","Hold the pose for 30 seconds to 1 minute, breathing deeply and smoothly. Repeat 2-3 times, resting in a seated position between repetitions.","For a more accessible version, use a strap or towel to deepen the stretch without overreaching. You can also bend one knee and stretch one leg at a time, or sit with your back against a wall for support.","1. Sit on the floor with your legs extended in front of you, feet flexed and spine long. 2. Inhale and lengthen your spine, then exhale and fold forward, reaching for your toes or shins. 3. Keep your knees slightly bent if necessary, and engage your core to support your lower back. 4. Hold the pose, breathing deeply and feeling the stretch in your legs and hips."
13,Seated Head to Knee,Janu Sirsasana,seated,beginner,"Seated Head to Knee (Janu Sirsasana) stretches the spine, hips, and legs, improving flexibility and range of motion. It also helps to calm the mind, reduce stress, and promote relaxation. Regular practice can also help to improve posture and balance.","Avoid this pose if you have any injuries or strain in the neck, back, or knees. Pregnant women should also modify or avoid this pose, especially in the later stages of pregnancy.","Inhale: Lengthen the spine and reach forward. Exhale: Deeply bend forward, reaching for the knee or toe.","Hold the pose for 3-5 breaths on each side, or for up to 30 seconds.","Use a strap or towel to deepen the stretch if you're not able to reach your knee or toe. You can also bend your knee slightly if it's uncomfortable to straighten it. For a more gentle stretch, sit on a block or a folded blanket.","1. Sit on the floor with your legs extended in front of you. Bend your right knee and bring your right foot towards your left inner thigh. 2. Lengthen your spine and reach forward, keeping your left leg straight. 3. Exhale and deepen the stretch, reaching for your left knee or toe. Keep your shoulders relaxed and your chest open. 4. Hold the pose and breathe deeply, feeling the stretch in your spine, hips, and legs. 5. Inhale and slowly come out of the pose, then repeat on the other side."
14,Seated Forward Fold with Arms Up,Urdhva Hastasana,seated,beginner,"Seated Forward Fold with Arms Up (Urdhva Hastasana) stretches the entire back side of the body, from the shoulders to the heels, promoting flexibility and relaxation. It also helps to improve posture and reduce stress by releasing tension in the neck and shoulders. Additionally, this pose can help to calm the mind and promote a sense of grounding and introspection.","Avoid this pose if you have any neck or shoulder injuries, or if you experience any discomfort or pain in these areas. Pregnant women should also modify the pose to avoid deep forward bends.","Inhale deeply as you lengthen your spine and arms, feeling the expansion in your chest and shoulders. Exhale slowly as you fold forward, allowing your body to release and relax.","Hold this pose for 3-5 breaths, or for 30 seconds to 1 minute, depending on your comfort level and flexibility.","If you find it difficult to reach forward, use a strap or towel to deepen the stretch. You can also modify the pose by keeping your knees slightly bent or using a block to support your hands under your shoulders.","1. Sit on the floor with your legs extended in front of you, feet hip-width apart. 2. Inhale and lengthen your spine, reaching your arms up towards the ceiling and stretching your fingertips. 3. Exhale and slowly fold forward, reaching for your toes or shins, keeping your arms extended and your palms facing downwards. 4. Keep your knees slightly bent if necessary, and engage your core to support your back. 5. Hold the pose, breathing deeply and feeling the stretch in your entire back side of the body."
15,Crow Pose,Bakasana,balancing,intermediate,"Crow Pose strengthens the arms, shoulders, and core, while also improving balance and focus. It can also help to build confidence and self-awareness. Regular practice of Bakasana can also improve overall physical stability and mental clarity.","Avoid practicing Crow Pose if you have any wrist or shoulder injuries, or if you experience high blood pressure or dizziness. Pregnant women should also modify or avoid the pose, especially during the later stages of pregnancy.","Inhale: Lengthen the spine and engage the core as you prepare to lift off the ground. Exhale: Slowly lift the legs off the ground, keeping the knees bent and the weight in the hands.","Hold the pose for 3-5 breaths, or as long as you feel comfortable and balanced. Repeat for 2-3 sets, resting in a seated or standing position between sets.","For a modified version, try lifting only one leg off the ground at a time, or use a block or strap under the hands for support. You can also practice the pose with the knees bent and the weight in the hands, but without lifting the legs off the ground.","1. Start in a squatting position with the feet hip-width apart and the hands shoulder-width apart, with the fingers spread wide. 2. Bend the elbows slightly and lean forward, keeping the weight in the hands and the back straight. 3. Engage the core muscle and lift the legs off the ground, keeping the knees bent and the weight in the hands. 4. Balance in the pose, keeping the body steady and the breath even."
16,Eagle Pose on One Leg,Eka Pada Garudasana,balancing,intermediate,"Eagle Pose on One Leg (Eka Pada Garudasana) strengthens the ankles, calves, and thighs, while also improving balance and focus. It also stretches the hips and glutes, and can help alleviate sciatica pain. Mentally, it cultivates concentration and calmness.","Avoid this pose if you have a serious ankle or knee injury, or if you experience vertigo or dizziness. Pregnant women should also avoid this pose or modify it to avoid deep twisting.","Inhale and lengthen the spine, exhale and wrap the legs around the standing leg, inhale and lift the arms, exhale and fold forward slightly.","Hold for 3-5 breaths, then switch sides. Repeat for 3-5 rounds.","Use a block or a strap to support the ankle or knee if needed. Alternatively, practice Garudasana (Eagle Pose) with both feet on the ground or use a wall for support to build balance and strength.","1. Stand on one leg, with the other foot resting against the inner thigh. Engage the core and lift the arms overhead. 2. Cross the right knee over the left (or vice versa), and wrap the legs around the standing leg, keeping the spine long. 3. Stretch the arms out to the sides, then wrap them around each other, with the palms facing forward. 4. Fold forward slightly, keeping the spine long, and gaze forward or slightly down. 5. Engage the legs, lift the chest, and balance."
17,One-Legged Tree Pose,Eka Pada Vrksasana,balancing,intermediate,"One-Legged Tree Pose (Eka Pada Vrksasana) helps improve balance and stability by strengthening the ankles and legs. It also stretches the hips, spine, and chest, promoting flexibility and good posture. Mentally, this pose cultivates focus, concentration, and calmness.","Avoid this pose if you have any ankle or knee injuries, or if you experience dizziness or lightheadedness. Pregnant women should also avoid this pose or modify it with a block or wall support.","Inhale: Lengthen the spine and engage the core as you lift the leg. Exhale: Gently place the lifted foot on the inner thigh and balance. Continue to breathe naturally, focusing on the sensation in the body.","Hold the pose for 3-5 breaths on each leg, then switch sides. Repeat for 2-3 sets.","For a more accessible version, use a block or wall for support. You can also place the lifted foot on the calf instead of the inner thigh. For a deeper stretch, lift the arms overhead or place them in a prayer-like position.","1. Start in Mountain Pose (Tadasana) with your feet hip-width apart. 2. Shift your weight onto one leg (the standing leg) and lift the other leg off the ground, placing the sole of the foot on the inner thigh. 3. Engage your core, lengthen your spine, and balance on the standing leg. 4. Gaze forward, keeping your eyes soft and focused."
18,Warrior II on One Leg,Eka Pada Virabhadrasana II,balancing,intermediate,"Eka Pada Virabhadrasana II strengthens the ankles and legs, while also improving balance and focus. It can also help stretch the hips and chest, promoting flexibility and opening. Additionally, this pose can help reduce stress and anxiety by challenging the body and mind.","Avoid this pose if you have knee or ankle injuries, or if you experience dizziness or lightheadedness while balancing. Pregnant women should also avoid this pose, especially in the later stages of pregnancy.","Inhale as you lift your leg and arms, exhale as you settle into the pose, and continue to breathe deeply and smoothly while balancing.","Hold for 3-5 breaths, then switch sides. Repeat 2-3 times on each leg.","Use a block or strap under your front hand for support, or use a wall for balance assistance. You can also modify the pose by keeping both feet on the ground or by using a chair for support.","1. Begin by standing with your feet wide apart, with one foot facing forward and the other foot at a 90-degree angle. 2. Bend your front knee and stretch your arms out to the sides, keeping them parallel to the ground. 3. Lift your back leg off the ground and balance on one leg, keeping your spine long and your core engaged. 4. Gaze forward and hold the pose, engaging your balance and focus. 5. Slowly lower your back leg to the ground and repeat on the other side."
19,Lord of the Dance Pose,Natarajasana,balancing,intermediate,"Natarajasana strengthens the ankles, calves, and spine, while improving balance and focus. It also opens the chest and shoulders, promoting good posture and confidence. Regular practice of this pose can help reduce anxiety and stress.","Avoid this pose if you have any ankle or knee injuries, or if you experience dizziness or vertigo. It's also not recommended for pregnant women or individuals with severe balance issues.","Inhale and lengthen the spine, feeling the chest expand and the arms lift. Exhale and engage the core, maintaining balance and control.","Hold for 3-5 breaths on each leg, repeat 2-3 times on each side.","For a modified version, use a block or strap for support under the lifted foot, or practice with the back against a wall for added stability. You can also lift the back leg just a few inches off the ground instead of fully extending it.","1. Start in Mountain Pose (Tadasana), then bend the right knee and bring the right foot towards the buttocks, catching the ankle with your hand. 2. Slowly lift the right foot off the ground, balancing on the left leg and keeping the spine long. 3. Extend the right arm forward and up, gazing ahead and maintaining balance and control. 4. Engage the core and feel the weight evenly distributed on the standing leg."
20,Peacock Pose,Mayurasana,balancing,advanced,"Peacock Pose strengthens the arms, shoulders, and core muscles, improving overall balance and stability. It also stimulates the digestive system and can help alleviate stress and anxiety. Additionally, this pose can improve focus and concentration by requiring engagement of the entire body.","Avoid practicing Peacock Pose if you have any wrist, elbow, or shoulder injuries, or if you are experiencing high blood pressure or dizziness. Pregnant women should also avoid this pose, especially in the later stages of pregnancy.","Inhale as you prepare to lift the legs, and exhale as you balance and engage the core. Continue to breathe naturally and smoothly, avoiding holding the breath.","Hold the pose for 3-5 breaths, or as long as you feel comfortable and balanced. Repeat 2-3 times, resting between repetitions.","For beginners, start by practicing the pose with the knees slightly bent or by using a wall for support. You can also place a block or strap under the hands for added stability and comfort. Another option is to practice a modified version of the pose, known as 'Baby Peacock,' where the legs are lifted but not fully extended.","1. Start in a high plank position with the hands shoulder-width apart and the feet hip-width apart. Engage the core and straighten the arms, feeling a sense of grounding and stability. 2. Slowly lift the legs off the ground, keeping them straight and engaged. Balance on the hands and lift the torso, keeping the chest open and the shoulders down. 3. As you find balance, extend the legs fully and engage the core, feeling a sense of strength and control. 4. Maintain the pose, focusing on the breath and the sensation in the body, before slowly lowering the legs back down to the starting position."
21,Firefly Pose,Tittibhasana,balancing,advanced,"Firefly Pose (Tittibhasana) strengthens the arms, shoulders, and core while improving balance and focus. It also stretches the chest and shoulders, promoting good posture and reducing tension. Additionally, this pose can help build confidence and mental clarity.","Avoid Firefly Pose if you have any shoulder, wrist, or elbow injuries, or if you experience dizziness or vertigo. Pregnant women should also modify or avoid this pose due to the deep forward bend.","Inhale as you prepare to lift your legs, exhale as you lift your legs off the ground, and hold your breath or breathe naturally while balancing in the pose.","Hold Firefly Pose for 3-5 breaths, rest, and repeat 2-3 times on each leg.","For a modified version, use blocks or straps to support your legs or arms. You can also practice lifting one leg at a time or use a wall for support. For beginners, try practicing Crow Pose (Bakasana) before moving to Firefly Pose.","1. Start in a squatting position with your feet hip-width apart and your hands shoulder-width apart. 2. Place your hands under your shoulders and lift your legs off the ground, balancing on your hands. 3. Bend your elbows slightly and lift your chest, keeping your shoulders down and away from your ears. 4. Engage your core and balance on your hands, lifting your legs up and back, keeping them straight or slightly bent."
22,Legs Up the Wall Pose,Viparita Karani,inversion,beginner,"Legs Up the Wall Pose (Viparita Karani) provides physical benefits by relieving swelling in the legs and feet, improving circulation, and stretching the lower back. Mentally, it calms the mind, promotes relaxation, and can help reduce stress and anxiety. Regular practice can also help improve sleep quality.","Avoid Legs Up the Wall Pose if you have any neck or shoulder injuries, or if you experience discomfort or numbness in your legs or feet while in the pose. Pregnant women should also consult with their healthcare provider before practicing this pose, especially in the later stages of pregnancy.","Inhale deeply, filling the lungs completely, and exhale slowly, allowing the body to relax further into the pose. Continue this slow, deep breathing pattern throughout the duration of the pose.","Hold Legs Up the Wall Pose for 5-15 minutes, or as long as feels comfortable and relaxing. You can also practice this pose in shorter intervals, such as 2-3 minutes, with regular breaks.","Use a block or pillow under the lower back for support, or place a folded blanket under the neck for added comfort. You can also practice this pose with your legs at an angle, rather than straight up against the wall, if that feels more comfortable.","1. Find a quiet and comfortable space near a wall where you can stretch out your body. 2. Lie on your back with your legs straight up against the wall, with your hips and knees at a 90-degree angle. 3. Allow your body to relax and your breath to slow down, feeling the gentle stretch in your lower back and the calming sensation in your mind. 4. As you settle into the pose, bring your attention to your breath, feeling the sensation of the air moving in and out of your body. 5. Remain in the pose, breathing deeply and relaxing, for the desired duration."
23,Shoulder Stand,Viparita Karani II,inversion,beginner,"Viparita Karani II, or Shoulder Stand, offers numerous physical and mental benefits, including improved circulation, reduced swelling in the legs, and a sense of calmness. It also stretches the neck and shoulders, relieving tension and stress. Regular practice can also help to balance the thyroid gland and promote relaxation.","Avoid Shoulder Stand if you have neck injuries, high blood pressure, or are menstruating. Pregnant women should also modify or avoid this pose, especially in the later stages of pregnancy.","Inhale deeply and slowly, feeling the chest expand. Exhale slowly, maintaining a smooth and steady flow of breath. Continue to breathe naturally, focusing on the sensation of the pose.","Hold Shoulder Stand for 30 seconds to 1 minute, breathing naturally. Repeat for 2-3 sets, resting for 30 seconds to 1 minute between sets.","To modify Shoulder Stand, place a folded blanket or towel under your shoulders for support. You can also use a wall for support, with your feet 6-8 inches away from the wall. For a more gentle variation, try Legs Up The Wall Pose (Viparita Karani I).","1. Find a quiet and comfortable space to practice, with a non-slip mat or blanket. Lie on your back with your arms by your sides and legs straight. 2. Slowly lift your legs, hips, and torso off the ground, using your shoulders and arms for support. Keep your shoulders down and away from your ears. 3. Engage your core and maintain a straight line from head to heels. Hold the pose, breathing naturally, and focus on the sensation in your body. 4. To release, slowly lower your legs and torso back down to the ground, exhaling as you do so."
24,Headstand,Sirsasana,inversion,intermediate,"Headstand (Sirsasana) offers numerous physical and mental benefits, including strengthening the arms, shoulders, and core, improving balance and focus, and relieving stress and anxiety. It also stimulates the lymphatic system, which helps to remove toxins and promote overall well-being. Additionally, Headstand can calm the nervous system and promote a sense of calm and clarity.","Avoid Headstand if you have neck or shoulder injuries, high blood pressure, or are menstruating, as it can put pressure on the neck and exacerbate these conditions. Pregnant women should also avoid this pose, especially in the later stages of pregnancy.","Inhale deeply as you kick up into the pose, and then exhale slowly as you settle into the Headstand. Continue to breathe naturally and smoothly, feeling the chest expand and contract with each inhale and exhale.","Hold Headstand for 3-5 breaths, or up to 30 seconds for more advanced practitioners. Repeat 2-3 times, resting for 30 seconds to 1 minute between repetitions.","Use a wall for support if you're new to Headstand or struggling to balance. Place your hands about 6-8 inches away from the wall and kick up into the pose, keeping your heels against the wall for support. You can also use blocks or a strap to support your neck and shoulders.","Step 1: Start on your hands and knees, with your fingers spread wide and your weight evenly distributed between your hands and knees. Step 2: Walk your feet forward slightly and lift your hips up and back, straightening your arms and legs as much as possible. Step 3: Kick one leg up towards the ceiling, followed by the other, and balance on your hands and the crown of your head. Step 4: Engage your core and shoulders, and reach your chest forward and up, keeping your body in a straight line from head to heels. Step 5: Hold the pose for the desired amount of time, breathing naturally and smoothly, and then slowly lower back down to the starting position."
25,Handstand,Adho Mukha Vrksasana,inversion,intermediate,"Handstand (Adho Mukha Vrksasana) offers numerous physical benefits, including strengthening the arms, shoulders, and upper back, while also improving balance, flexibility, and overall core strength. Mentally, it cultivates focus, concentration, and confidence. Regular practice can also lead to improved circulation and reduced stress levels.","Avoid Handstand if you have severe neck or shoulder injuries, glaucoma, or high blood pressure. Pregnant women should also avoid this pose, especially in the later stages of pregnancy.","Inhale as you lift your legs up and transition into the handstand. Hold your breath for a brief moment at the top, then exhale as you slowly lower back down to the starting position.","Hold Handstand for 3-5 breaths or as long as you feel comfortable, up to 30 seconds. Repeat for 2-3 sets.",Beginners can start with a modified version by kicking up against a wall for support. Another option is to practice Lizard Pose (Utthan Pristhasana) or Downward-Facing Dog (Adho Mukha Svanasana) as a preparation for Handstand. Use blocks or a support under your hands if you need extra lift or stability.,"1. Start in a high plank position with your hands shoulder-width apart and your fingers spread wide. Engage your core and keep your body in a straight line from head to heels. 2. Walk your feet forward a few inches, then bend your elbows slightly and lift your heels off the ground, kicking one leg up towards the ceiling. 3. As you lift your second leg up, straighten your arms and lift your chest, keeping your body in a straight line. Engage your core and hold the handstand position, focusing on your breath and maintaining balance."
26,Forearm Stand,Pincha Mayurasana,inversion,advanced,"Forearm Stand (Pincha Mayurasana) strengthens the arms, shoulders, and upper back, while also improving balance, focus, and overall inversion practice. It can also help to stretch and open the chest and shoulders. Additionally, this pose can be calming and meditative, promoting mental clarity and calmness.","Avoid Forearm Stand if you have any shoulder, neck, or wrist injuries, or if you have high blood pressure or are experiencing dizziness. Pregnant women and people with glaucoma should also avoid this pose.","Inhale as you lift your legs up, and exhale as you balance and settle into the pose. Continue to breathe deeply and smoothly, engaging your core and maintaining stability.","Hold Forearm Stand for 3-5 breaths, or for 30 seconds to 1 minute, depending on your level of comfort and control.","You can modify Forearm Stand by using a wall for support, or by practicing Dolphin Pose (Ardha Pincha Mayurasana) instead, which involves keeping your hips and legs on the ground. You can also use a block or a strap to support your forearms or shoulders.","1. Start in a tabletop position on your hands and knees, with your forearms parallel to each other and your elbows directly under your shoulders. 2. Engage your core and lift your hips up and back, straightening your arms and legs as much as possible. 3. Walk your feet forward and lift your legs up, balancing on your forearms and keeping your body in a straight line from head to heels. 4. Look forward and down, engaging your core and maintaining control and balance."
27,Bridge Pose,Setu Bandha Sarvangasana,backbend,beginner,"Bridge Pose strengthens the back muscles, opens the chest, and can help alleviate stress and anxiety by releasing tension in the neck and shoulders. It also stretches the hips and thighs, improving flexibility and mobility. Regular practice of Setu Bandha Sarvangasana can also improve posture and balance.","Bridge Pose should be avoided by individuals with neck injuries or chronic neck pain, as well as those with severe back conditions such as herniated discs or spinal fractures. Pregnant women and those with high blood pressure should also approach with caution and modify the pose as needed.","Inhale and slowly lift the hips towards the ceiling, squeezing the glutes and lower back muscles. Exhale and slowly lower the hips back down to the starting position.","Hold the pose for 3-5 breaths, repeating for 2-3 sets.","For a more gentle variation, place a block or strap under the hips for support. For a deeper stretch, lift the heels off the ground and balance on the shoulders and upper back. You can also use a wall for support, with the shoulders and upper back against the wall and the hips lifted.","1. Lie on your back with your knees bent and feet hip-width apart, with your arms at your sides. 2. Inhale and slowly lift your hips towards the ceiling, squeezing your glutes and lower back muscles. 3. As you lift, press your shoulders and upper back into the ground, keeping your chest open and expanded. 4. Hold the pose at the top, engaging your core and maintaining a smooth, steady breath. 5. Exhale and slowly lower your hips back down to the starting position."
28,Wheel Pose,Urdhva Dhanurasana,backbend,intermediate,"Wheel Pose strengthens the back muscles, opens the chest, and improves flexibility in the shoulders and upper back. It also stretches the abdomen and hips, while invigorating the entire body. Mentally, it can help build confidence and reduce stress.","Avoid Wheel Pose if you have any neck or back injuries, or if you experience high blood pressure or are pregnant. It's also not recommended for those with severe shoulder or wrist issues.","Inhale as you lift your hips off the ground, and exhale as you slowly lower back down. Take deep, steady breaths while holding the pose.","Hold Wheel Pose for 3-5 breaths, or 15-30 seconds, and repeat 2-3 times.","For a gentler version, try using blocks under your hands or a strap around your upper back for support. You can also start in a modified Wheel Pose on your knees instead of your feet.","1. Lie on your back with your knees bent and feet flat on the ground, hip-width apart. 2. Place your hands under your shoulders with your fingers spread wide, and slowly lift your hips off the ground, squeezing your glutes and pushing through your heels. 3. As you lift, straighten your arms and lift your chest, keeping your shoulders down and away from your ears. 4. Hold the pose, taking deep breaths, and then slowly lower back down to the starting position."
29,Cobra Pose,Bhujangasana,backbend,beginner,"Cobra Pose (Bhujangasana) strengthens the back muscles, opens the chest, and improves flexibility in the shoulders. It also helps to alleviate symptoms of stress, anxiety, and fatigue. Regular practice of this pose can also improve posture and reduce the risk of back pain.","Avoid Cobra Pose if you have a neck or back injury, or if you have had recent surgery. Pregnant women should also avoid deep backbends, especially in the later stages of pregnancy.","Inhale and press your palms into the ground, lifting your chest and head off the mat. Hold for a breath, then exhale slowly, maintaining the lift and feeling the stretch in your chest and shoulders.","Hold Cobra Pose for 3-5 breaths, or 15-30 seconds. Repeat 2-3 times.","For a gentler version, place a block or strap under your forehead for support. You can also lift your chest and head only a few inches off the ground, or practice Sphinx Pose (Salamba Bhujangasana) with forearms on the ground for added support.","Step 1: Lie on your stomach with your hands under your shoulders, fingers spread wide. Step 2: Inhale and press your palms into the ground, lifting your chest and head off the mat. Step 3: Keep your shoulders down and away from your ears, and engage your back muscles to support your lift. Step 4: Gaze forward and slightly upwards, keeping your neck long. Step 5: Hold the pose, feeling the stretch and strength in your back and chest."
30,Cat-Cow Pose,Marjaryasana-Bitilasana,backbend,beginner,"Cat-Cow Pose combines the benefits of stretching, strengthening, and mobility, improving flexibility in the spine and neck while also toning the abdominal muscles. It also helps to relieve stress and anxiety by promoting relaxation and calming the mind. Regular practice can improve posture and balance as well.","Avoid Cat-Cow Pose if you have any recent neck or spine injuries, or if you experience severe pain or discomfort in the neck, back, or head during the pose. Pregnant women should also approach this pose with caution and consider modifications.","Inhale as you arch your back and lift your head and tailbone (Cow Pose), and exhale as you round your back and tuck your chin to your chest (Cat Pose). Continue this flow of breath, moving slowly and smoothly between the two poses.","Hold each pose for a brief moment, moving slowly through 5-10 repetitions. As you become more comfortable with the movement, you can increase the number of repetitions.","For a more gentle variation, you can try practicing Cat-Cow Pose on your hands and knees, with your knees slightly apart and your hands under your shoulders. You can also use a block or a strap to support your neck and back if needed.","1. Start on your hands and knees, with your knees directly under your hips and your hands directly under your shoulders. Engage your core and keep your spine long. 2. As you inhale, arch your back and lift your head and tailbone towards the ceiling, moving into Cow Pose. Keep your arms straight and your shoulders down. 3. As you exhale, round your back and tuck your chin to your chest, moving into Cat Pose. Keep your shoulders down and your arms straight, and avoid putting too much pressure on your neck and head. Continue moving slowly between the two poses, following your breath."
31,Standing Forward Fold,Uttanasana,forward_fold,beginner,"Uttanasana stretches the entire back side of the body, from the shoulders to the heels, and can help to relieve stress and calm the mind. Regular practice can also improve flexibility, balance, and posture. Additionally, this pose can help to lengthen the spine and promote a sense of grounding and relaxation.","Avoid Uttanasana if you have a recent back injury, severe sciatica, or glaucoma. Pregnant women should also approach this pose with caution and modify as needed.","Inhale: Lengthen the spine and engage the core. Exhale: Fold forward, reaching for the toes or shins, and release any tension in the neck and shoulders.","Hold for 3-5 breaths, feeling the stretch and release with each inhale and exhale.","For a more accessible version, bend the knees slightly or place the hands on blocks or the shins instead of the toes. You can also use a strap to deepen the stretch or support the back.","Step 1: Stand with the feet hip-width apart and parallel to each other, engaging the core and lengthening the spine. Step 2: Inhale and lengthen the spine, feeling the crown of the head reach towards the ceiling. Step 3: Exhale and fold forward, reaching for the toes or shins, and allowing the arms to dangle. Step 4: Keep the knees slightly bent if necessary, and engage the core to support the back. Step 5: Release any tension in the neck and shoulders, and breathe deeply into the stretch."
32,Plow Pose,Halasana,forward_fold,intermediate,"Plow Pose (Halasana) stretches the neck and shoulders, relieving tension and stress. It also stimulates the thyroid gland, improving metabolism and hormonal balance. Regular practice can help alleviate symptoms of insomnia, anxiety, and depression.","Avoid this pose if you have a neck injury, high blood pressure, or glaucoma, as it can exacerbate these conditions. Pregnant women should also avoid this pose, especially in the later stages of pregnancy.","Inhale deeply as you lift your legs overhead, and exhale slowly as you lower them behind your head, keeping your breath steady and calm throughout the pose.","Hold the pose for 3-5 breaths, or 30 seconds to 1 minute, working up to longer holds as you build flexibility and comfort.","For a more accessible version, use a block or strap to support your legs, or practice a modified plow with your legs bent at a 90-degree angle. You can also use a wall for support and stability.","1. Start by lying on your back with your arms at your sides and your legs straight. Inhale and lift your legs off the ground, keeping them straight. 2. As you exhale, slowly lower your legs behind your head, keeping your shoulders and chest relaxed. 3. Continue to lower your legs until your toes touch the ground behind your head, or as far as is comfortable for you. 4. Take a few deep breaths, feeling the stretch in your neck and shoulders, and slowly lift your legs back up to the starting position."
33,Marichyasana,Marichyasana,twist,beginner,"Marichyasana is a beginner-friendly twist that provides physical benefits by stretching the spine, hips, and torso, improving flexibility and posture. Mentally, it helps calm the nervous system and reduces stress. It also prepares the body for more advanced twists and seated postures.","Avoid Marichyasana if you have a herniated disk, sciatica, or knee injuries. Pregnant women should also approach with caution and modify the pose or consult a teacher.","Inhale to lengthen the spine, exhale to twist the torso and bring the hand to the knee or ankle.","Hold the pose for 3-5 breaths on each side, repeat for 2-3 sets.","For a gentler twist, keep the back leg straight instead of bending it. Use a block or strap to assist with reaching the hand to the knee or ankle.","1. Start by sitting on the floor with the legs extended in front of you. Bend the right knee and place the foot on the ground beside the left thigh. 2. Inhale and lengthen the spine, then exhale and twist the torso to the right, bringing the right hand to the right knee or ankle. 3. Keep the left leg extended and the foot flexed, or bend the left knee and bring the foot towards the right hip for a deeper twist. 4. Gaze forward or to the right, keeping the neck long and relaxed."
34,Seated Forward Fold with a Twist,Bharadvajasana III,twist,intermediate,"Bharadvajasana III, or Seated Forward Fold with a Twist, stretches the spine, hips, and torso, while also stimulating digestion and relieving stress and anxiety. Regular practice can improve flexibility, balance, and overall well-being. It also helps to calm the mind and promote a sense of inner peace.","Avoid this pose if you have a severe back injury, herniated disc, or recent abdominal surgery. Pregnant women should also modify or avoid this pose, especially in the later stages of pregnancy.","Inhale as you lengthen the spine and prepare for the twist. Exhale as you fold forward and twist, allowing the body to release and relax. Continue to breathe deeply and naturally while holding the pose.","Hold the pose for 3-5 breaths, then release and repeat on the other side. You can also practice 2-3 repetitions on each side, holding for a shorter duration.","For a gentler version, use a block or strap to support the forward bend, or place a bolster or pillow under the forehead for support. You can also practice a seated forward fold without the twist, or use a wall for support.","1. Start by sitting on the floor with your legs straight out in front of you. Cross your right foot over your left, so that your right knee is bent and your right foot is on the outside of your left thigh. 2. Lengthen your spine and inhale, then exhale and fold forward, reaching for your left ankle or shin. 3. As you fold forward, twist your torso to the right, keeping your hips facing forward. 4. Hold the pose, breathing deeply and naturally, then release and repeat on the other side."
35,Sphinx Pose,Salamba Bhujangasana,restorative,beginner,"The Sphinx Pose provides physical benefits by strengthening the back muscles, opening the chest, and improving flexibility in the shoulders and upper back. It also provides mental benefits by promoting relaxation, reducing stress, and calming the mind. Additionally, this pose can help alleviate symptoms of anxiety and depression.","Avoid the Sphinx Pose if you have any neck or back injuries, or if you experience discomfort or pain in these areas. It is also recommended to avoid this pose if you have any recent or chronic shoulder injuries.","Inhale deeply, feeling the chest expand and the shoulders relax. Exhale slowly, allowing the body to release any tension or stress.","Hold the Sphinx Pose for 3-5 minutes, breathing deeply and slowly, and repeat as needed.","For a more accessible version, place a block or bolster under the chest for support. You can also use a folded blanket or towel under the forearms for added comfort. If you experience any discomfort in the neck or back, modify the pose by lifting the arms or using a prop under the forehead.","Lie on your stomach with your forearms on the ground and your elbows directly under your shoulders. Press your palms into the ground and lift your chest and head off the mat, keeping your shoulders down and away from your ears. Slowly lift your chest and head higher, keeping your neck long and your shoulders relaxed, and gaze forward or slightly upwards."
36,Child's Pose,Balasana,restorative,beginner,"Child's Pose (Balasana) offers numerous physical and mental benefits, including relaxation, stress relief, and flexibility in the back and hips. It also helps to calm the mind and promote a sense of grounding and calmness. Regular practice of this pose can improve overall well-being and reduce anxiety.","Avoid practicing Child's Pose if you have any knee injuries or severe back problems, as it may put pressure on these areas. Pregnant women should also modify the pose or avoid it altogether, especially in the later stages of pregnancy.","Inhale deeply, filling your lungs with air, and exhale slowly, releasing any tension or stress. Continue to breathe naturally, focusing on the sensation of the breath moving in and out of the body.","Hold Child's Pose for 5-10 breaths or 1-3 minutes, depending on your comfort level and the needs of your practice.","To modify Child's Pose, you can use a block or pillow under your forehead or knees for extra support. You can also bring your knees wider apart or keep your arms at your sides instead of extending them out in front of you.","1. Start on your hands and knees (tabletop position), with your wrists directly under your shoulders and your knees under your hips. 2. As you exhale, slowly lower your hips back towards your heels, stretching your arms out in front of you and lowering your forehead to the ground. 3. Allow your body to relax, feeling the weight of your torso supported by your arms and the ground. 4. Continue to breathe deeply, feeling the calmness and relaxation spread through your body."
37,Reclined Pigeon Pose,Supta Eka Pada Rajakapotasana,restorative,intermediate,"Reclined Pigeon Pose helps to release tension in the hips, glutes, and lower back, promoting flexibility and relaxation. This pose also calms the mind and reduces stress and anxiety. Regular practice can improve overall hip mobility and balance.","Avoid Reclined Pigeon Pose if you have any knee injuries or issues, or if you experience discomfort or pain in the hips or lower back. Pregnant women should also modify or avoid this pose, especially in the later stages of pregnancy.","Inhale deeply into the chest, feeling the body relax and the hips release. Exhale slowly, allowing the body to sink deeper into the pose and release any tension.","Hold Reclined Pigeon Pose for 3-5 minutes on each side, or as long as feels comfortable and relaxing. You can repeat on the other side.","Use a block or strap under the knee for support and to reduce pressure on the joints. For a deeper stretch, bring the back leg closer to the chest or use a bolster under the torso for added support.","1. Begin by lying on your back and bringing one knee into your chest. Place your hand on the knee and gently rock it from side to side, releasing any tension in the hips. 2. Allow the knee to fall to one side, keeping the ankle towards the opposite hip. Bring your arm across your body and hold the knee or ankle for support. 3. Inhale deeply and as you exhale, allow your body to relax and release into the pose, feeling the stretch in the hips and glutes. 4. Hold the pose for 3-5 minutes, breathing deeply and relaxing the body. 5. To release, slowly bring the knee back to the center and repeat on the other side."
38,Reclined Spinal Twist,Supta Matsyendrasana,restorative,intermediate,"Reclined Spinal Twist (Supta Matsyendrasana) provides physical benefits by stretching the spine, hips, and torso, while also relieving tension in the lower back. Mentally, it calms the nervous system, promoting relaxation and reducing stress. Regular practice can also improve flexibility and range of motion.","Avoid this pose if you have any recent spinal injuries, severe back problems, or are experiencing pregnancy complications. It is also not recommended for people with sciatica or herniated discs.","Inhale deeply and lengthen the spine, exhale slowly and gently twist to one side, keeping the hips grounded. Inhale to return to the center, exhale to twist to the other side.","Hold the pose for 3-5 minutes on each side, breathing deeply and smoothly. You can also repeat the sequence 2-3 times, resting in between.","For a gentler variation, use a block or strap to support the knee, or place a folded blanket under the spine for extra comfort. You can also use a bolster or pillow to support the torso and hips.","Step 1: Lie on your back with your knees bent and feet flat on the ground. Step 2: Let your knees fall to one side, keeping your spine long and your hips grounded. Step 3: Use your hand to gently guide your knee and deepen the twist, keeping your shoulders relaxed and down. Step 4: Hold the pose and breathe deeply, feeling the stretch in your spine and hips. Step 5: Slowly return to the center and repeat on the other side."
39,Reclined Hero Pose,Supta Virasana,restorative,beginner,"Reclined Hero Pose (Supta Virasana) is a restorative yoga pose that offers numerous physical and mental benefits, including stretching and releasing tension in the back, hips, and knees, while also promoting relaxation, reducing stress, and calming the mind. Regular practice can also improve flexibility, balance, and overall well-being. Additionally, this pose can help alleviate symptoms of sciatica and lower back pain.","Avoid Reclined Hero Pose if you have knee injuries, severe back pain, or are in the later stages of pregnancy. If you have any underlying medical conditions, consult with your healthcare provider or a qualified yoga instructor before practicing this pose.","Inhale deeply, feeling the chest expand and the body relax. Exhale slowly, releasing any tension or stress. Continue to breathe naturally, focusing on the sensation of the breath moving in and out of the body.","Hold Reclined Hero Pose for 5-10 minutes, or as long as feels comfortable. If you're new to this pose, start with 3-5 minutes and gradually increase the duration as you become more comfortable.","For a more accessible version of the pose, place a block or strap under the back for support, or use a bolster or pillow under the knees to reduce strain. You can also practice this pose with the legs bent and feet on the ground, rather than extended behind you.","1. Begin by kneeling on the ground with your shins parallel to each other. Take a deep breath in, and as you exhale, slowly lower your back onto the ground, keeping your knees bent at a 90-degree angle. 2. Extend your legs behind you, keeping them straight, and allow your body to relax into the pose. 3. Place your arms at your sides, palms facing up, and allow your body to surrender into the support of the ground. 4. Close your eyes and focus on your breath, feeling the body relax and release tension with each exhalation."
40,Upward-Facing Dog,Urdhva Mukha Svanasana,standing,intermediate,"Upward-Facing Dog strengthens the back muscles, opens the chest, and improves flexibility in the shoulders and upper back. It also helps to stretch the abdomen and can improve digestion. Mentally, this pose can help increase energy and confidence.","Avoid Upward-Facing Dog if you have a recent wrist injury, or if you have a condition such as carpal tunnel syndrome, as it can put pressure on the wrists. People with severe back injuries or conditions should also approach with caution.","Inhale as you lift your chest and head off the ground, and exhale as you slowly lower back down into the starting position.","Hold Upward-Facing Dog for 3-5 breaths, or as long as feels comfortable, and repeat 3-5 times.","For a modification, try Cobra Pose (Bhujangasana) instead, which is a similar pose but with the forearms on the ground and the chest lifted. You can also use a block or strap under the hands to reduce pressure on the wrists.","1. Start in a high plank position with your hands shoulder-width apart and your fingers spread wide. 2. Inhale and slowly lift your chest and head off the ground, keeping your shoulders down and away from your ears. 3. Press your palms into the ground and use your arm strength to lift your torso, keeping your legs straight and your hips lifted. 4. Continue to breathe deeply and maintain the pose, feeling the opening in your chest and the engagement in your back muscles."
41,Eight-Limbed Pose,Astavakrasana,standing,advanced,"Astavakrasana, or Eight-Limbed Pose, is an advanced yoga pose that offers numerous physical benefits, including stretching and strengthening of the hips, legs, and spine, while also improving balance and flexibility. Mentally, this pose cultivates focus, concentration, and self-awareness. Regular practice of Astavakrasana can also enhance overall physical and mental well-being.","Astavakrasana is not recommended for individuals with injuries or conditions affecting the hips, knees, or ankles. Pregnant women and people with back problems should also avoid this pose or modify it under the guidance of a qualified yoga instructor.","Inhale and lengthen the spine. Exhale and twist, folding the right leg and arm across the body. Inhale and lift, maintaining the balance. Exhale and slowly release the pose, repeating on the other side.","Hold Astavakrasana for 3-5 breaths on each side, repeating the sequence 2-3 times.","For a modified version, practice the pose with a block or a strap under the lifted leg for support. Alternatively, use a wall for balance and stability. Beginners can also practice a simplified version by lifting only the leg and keeping the arm on the ground.","1. Start in a standing position with your feet hip-width apart, then bend your right knee and cross your right leg over your left, creating a twisted stance. 2. Reach your right arm across your body and place your hand on the ground beside your left knee, using it as a support for balance. 3. Inhale, lengthen your spine, and exhale, folding your torso and lifting your left leg off the ground. 4. Balance in Astavakrasana, engaging your core and maintaining focus, before slowly releasing the pose and repeating on the other side."
42,One-Legged Downward-Facing Dog,Eka Pada Adho Mukha Svanasana,standing,intermediate,"One-Legged Downward-Facing Dog stretches the entire back side of the body, from the shoulders to the heels, while also strengthening the arms, shoulders, and core. It can also help to improve balance and focus. Regular practice can also reduce stress and anxiety by calming the mind.","Avoid this pose if you have any shoulder, wrist, or knee injuries, or if you are experiencing high blood pressure or dizziness. Pregnant women should also modify or avoid this pose after the first trimester.","Inhale: Lengthen the spine and lift the leg. Exhale: Fold forward and deepen the stretch. Continue to breathe naturally, feeling the stretch and balance in the body.","Hold for 3-5 breaths on each side, repeating for 2-3 sets.","For beginners or those with flexibility limitations, use a block or strap under the hands to reduce the stretch. You can also modify by keeping the knee slightly bent or using a wall for support. For a deeper stretch, lift the back leg higher or use a strap to deepen the stretch.","1. Begin in Downward-Facing Dog (Adho Mukha Svanasana), with your hands shoulder-width apart and your feet hip-width apart. 2. Lift your right leg off the ground, keeping it straight and engaging your core to support the lift. 3. Continue to reach your arms and lift your leg, feeling the stretch in your entire back side. 4. Hold for 3-5 breaths, then slowly lower your leg and repeat on the other side."
43,Bound Angle Pose,Baddha Konasana,seated,beginner,"Bound Angle Pose (Baddha Konasana) offers physical benefits such as stretching the hips, thighs, and knees, and relieving sciatica pain. Mentally, it promotes relaxation, calmness, and focus. It also prepares the body for meditation and pranayama practices.","Avoid this pose if you have a knee injury, recent hip or pelvic surgery, or severe sciatica. Also, pregnant women should practice a modified version with support.","Inhale: lengthen the spine. Exhale: fold forward, stretching the back and hips.","Hold the pose for 3-5 minutes, breathing deeply, or repeat for 3-5 repetitions, holding each time for 30 seconds to a minute.","For a modified version, place a block or a strap under the knees or use a blanket to support the back. You can also practice with the back against a wall for additional support.","Step 1: Sit on the floor with your legs extended in front of you. Step 2: Bend your knees and bring the soles of your feet together, allowing your knees to drop apart. Step 3: Lengthen your spine, inhale deeply, and exhale, folding forward, reaching for your toes or shins. Step 4: Hold the pose, breathing deeply, and focus on the stretch in your hips and thighs."
44,Seated Forward Bend with a Twist,Bharadvajasana III,seated,intermediate,"Seated Forward Bend with a Twist (Bharadvajasana III) offers numerous physical and mental benefits, including stretching the hips, thighs, and spine, relieving tension in the neck and shoulders, and promoting relaxation and focus. Regular practice can also improve flexibility, balance, and overall posture. Additionally, this pose can help calm the mind and prepare for meditation.","This pose is not recommended for individuals with severe neck or back injuries, herniated disks, or recent spinal surgery. Pregnant women should also modify or avoid this pose, especially in the later stages of pregnancy.","Inhale: Lengthen the spine, engage the core, and twist to the right (or left). Exhale: Deepen the twist, stretching the shoulders and chest. Hold the breath for a few seconds, then inhale to release.","Hold the pose for 3-5 breaths on each side, repeating 2-3 times on each side. Gradually increase the duration as flexibility and comfort allow.","For beginners or those with limited flexibility, use a block or strap to support the forward bend. Place the block or strap under the forehead or hands, allowing for a more gentle stretch. Alternatively, sit on a folded blanket or cushion to elevate the hips and reduce strain on the back.","1. Sit on the ground with your legs extended in front of you, then bend your knees and place your feet on the ground. 2. Twist your torso to the right, placing your right hand on the outside of your left knee. 3. Lengthen your spine, engage your core, and lean forward, stretching your shoulders and chest. 4. Hold the pose, breathing deeply, then release and repeat on the other side."
45,Seated Leg Stretch with a Twist,Akarna Dhanurasana II,seated,intermediate,"Akarna Dhanurasana II, or Seated Leg Stretch with a Twist, offers numerous physical benefits such as stretching the hamstrings, calves, and spine, while also improving flexibility and balance. Mentally, this pose helps to cultivate focus, calmness, and relaxation. Regular practice can also lead to improved circulation and reduced stress levels.","Individuals with sciatica, severe back injuries, or recent spinal surgery should avoid this pose. Additionally, those with knee problems or sensitive joints should approach with caution and modify accordingly.","Inhale as you lengthen your spine and prepare to twist, exhale as you twist and deepen the stretch. Continue to breathe smoothly and naturally while holding the pose.","Hold the pose for 3-5 breaths, then slowly release and repeat on the other side. Aim for 2-3 repetitions on each side, or as feels comfortable for your body.","To make the pose more accessible, use a strap or towel to deepen the stretch or support your extended leg. You can also bend the knee of the extended leg if necessary, or use a block under your hand for support. For a more intense stretch, try lifting the heel of the extended leg off the ground or deepening the twist.","1. Sit on the ground with your legs extended in front of you, then bend your right knee and place your foot on the inner thigh of your left leg. 2. Extend your right arm and reach for your left foot, keeping your spine long and your chest open. 3. Twist your torso to the left, bringing your left hand to your right knee or ankle, and deepen the stretch. 4. Keep your hips grounded and your shoulders relaxed, feeling the stretch in your legs and spine. 5. Hold the pose, breathing smoothly, before slowly releasing and repeating on the other side."
46,Seated Forward Fold with Arms Extended,Paschimottanasana III,seated,intermediate,"Seated Forward Fold with Arms Extended (Paschimottanasana III) stretches the hamstrings, calves, and spine, while also stimulating the digestive system. This pose can help relieve stress and anxiety by releasing tension in the neck and shoulders. It can also improve flexibility and balance.","Avoid this pose if you have any injuries to the back, neck, or knees, or if you experience any discomfort or pain in these areas. Pregnant women should also avoid this pose or modify it with caution.","Inhale: Lengthen the spine and reach the arms forward. Exhale: Fold forward, keeping the arms extended, and lower the torso towards the ground. Continue to breathe deeply and slowly, inhaling to lengthen and exhaling to deepen the stretch.","Hold the pose for 30 seconds to 1 minute, breathing deeply and slowly. Repeat 2-3 times.",Modify the pose by bending the knees if you experience any discomfort in the lower back or if you're unable to reach the ground. Use a strap or towel to deepen the stretch if you're more flexible. You can also place a block or pillow under your forehead for support.,"Step 1: Sit on the ground with your legs extended in front of you. Step 2: Inhale and lengthen your spine, reaching your arms forward and keeping them straight. Step 3: Exhale and fold forward, keeping your arms extended and your palms facing down. Step 4: Lower your torso towards the ground, stretching your hamstrings, calves, and spine. Step 5: Hold the pose and breathe deeply, feeling the stretch and release in your body."
47,Lord of the Dance Pose with a Twist,Natarajasana II,balancing,advanced,"Lord of the Dance Pose with a Twist (Natarajasana II) physically strengthens the ankles, improves balance, and opens the chest and shoulders. Mentally, it cultivates focus, concentration, and a sense of playfulness. Regular practice can also improve overall coordination and poise.","Avoid practicing Natarajasana II if you have any ankle or knee injuries, or if you experience dizziness or lightheadedness. Pregnant women should also modify or avoid this pose, especially in the later stages of pregnancy.","Inhale as you lift your leg and arm, lengthening your spine. Exhale as you twist and deepen the pose, engaging your core and maintaining balance.","Hold Natarajasana II for 3-5 breaths on each side, or repeat for 3-5 repetitions on each side.","Use a block or strap to support your leg if you're struggling to balance. You can also practice with your back to a wall for added support. For a more accessible variation, try lifting only your leg and keeping your arm by your side.","1. Begin by standing on one leg, with the other foot resting on the inner thigh. Engage your core and lengthen your spine. 2. Reach your arms out to the sides, then lift your leg and arm on the same side, keeping them parallel to the ground. 3. Twist your torso, bringing your lifted arm across your body, and gaze over your shoulder. 4. Deepen the pose, maintaining balance and control. 5. Release and repeat on the other side."
48,Warrior II with a Twist,Virabhadrasana II,balancing,intermediate,"Warrior II with a Twist strengthens the legs, hips, and core, while also stretching the chest and shoulders. This pose can improve balance and focus. Mentally, it can help to cultivate confidence and inner strength.",Avoid Warrior II with a Twist if you have any severe knee injuries or chronic low back pain. Pregnant women should also approach this pose with caution.,"Inhale and lengthen the spine. Exhale and twist, keeping the hips and legs stable.","Hold the pose for 3-5 breaths, then release and repeat on the other side.","Use a block or strap to support the lower hand if the stretch is too intense. For a deeper stretch, you can also use a wall for support.","1. Start in a high lunge position with your right foot forward and your left foot back. Bend your right knee and stretch your arms out to the sides, parallel to the ground. 2. Twist your torso to the right, keeping your hips and legs stable. Reach your right hand to the ground beside your right foot, and stretch your left arm up towards the ceiling. 3. Keep your spine long and your chest open, feeling the stretch in your shoulders and chest. Engage your core and maintain balance."
49,Handstand Scorpion Pose,Vrschikasana,inversion,advanced,"Handstand Scorpion Pose (Vrschikasana) offers numerous physical benefits, including strengthening the upper body, improving balance and flexibility, and stretching the chest and shoulders. Additionally, this inversion can help calm the nervous system and reduce stress. It also promotes mental focus, discipline, and self-awareness.","Avoid this pose if you have a history of neck or shoulder injuries, or if you experience high blood pressure, glaucoma, or are pregnant. It's also not recommended for beginners or those with limited upper body strength.","Inhale and lengthen the spine as you kick up into the handstand position. Exhale and slowly lower the torso, keeping the legs straight and the core engaged. Continue to breathe naturally and smoothly, focusing on the sensation of the stretch.","Hold the pose for 3-5 breaths, or as long as you feel comfortable and balanced. Repeat 2-3 times, resting in Child's Pose or Downward-Facing Dog between attempts.","For an easier variation, try using a wall for support or practicing with a shorter scorpion tail (bending the knees instead of keeping the legs straight). You can also use blocks or a strap to deepen the stretch and maintain proper alignment. Beginners can start by practicing handstands against a wall or using an inversion table.","1. Start in a high plank position with your hands shoulder-width apart and your fingers spread wide. Engage your core, straighten your arms, and lift your hips up and back, forming an inverted V shape. 2. Walk your feet forward and lift one leg up towards the ceiling, keeping it straight and your core engaged. 3. Once you feel balanced, slowly lift the other leg up to meet the first, keeping both legs straight and your body in a straight line from head to heels. 4. As you feel more stable, slowly lower your torso and lift your chest, keeping your shoulders down and away from your ears. 5. Hold the pose, focusing on your breath and the sensation of the stretch."
50,Elbow Stand,Urdhva Hastasana,inversion,advanced,"Elbow Stand (Urdhva Hastasana) offers numerous physical and mental benefits. Physically, it strengthens the arms, shoulders, and upper back, while also improving flexibility and balance. Mentally, it cultivates focus, concentration, and inner calm. Regular practice can also help to alleviate stress and anxiety.","Avoid Elbow Stand if you have any neck or shoulder injuries, or if you experience high blood pressure or dizziness. Additionally, pregnant women and individuals with glaucoma or detached retinas should also avoid this pose.","Inhale and exhale deeply and slowly, maintaining a steady flow of breath as you move into and hold the pose. Engage your core and maintain a smooth, controlled breathing pattern.","Hold Elbow Stand for 3-5 breaths, or up to 30 seconds if you're more comfortable. Gradually increase your hold time as you build strength and endurance.","To modify Elbow Stand, you can use a wall for support or place a block under your forearms for added stability. Alternatively, practice Forearm Stand (Pincha Mayurasana) with a leg lift to build strength and control before progressing to Elbow Stand.","1. Start on all fours with your forearms on the ground and your elbows directly under your shoulders. Engage your core and lift your hips up and back, straightening your arms and legs. 2. Walk your feet forward a few inches and lift your heels off the ground, balancing on your forearms and toes. 3. Slowly lift your legs up and back, keeping them straight, and balance on your forearms. 4. Engage your core and maintain a steady breathing pattern, holding the pose for 3-5 breaths."
51,King Pigeon Pose,Rajakapotasana,backbend,advanced,"King Pigeon Pose stretches the chest and shoulders, strengthens the back muscles, and improves flexibility in the hips and spine, while also promoting emotional release and confidence. It can also help alleviate stress and anxiety by opening the heart center. Regular practice of this pose can lead to improved posture and reduced tension in the upper body.","Avoid practicing King Pigeon Pose if you have any recent injuries to the back, shoulders, or hips, or if you experience chronic pain or discomfort in these areas. Pregnant women and individuals with neck problems should also approach this pose with caution.","Inhale deeply as you begin to arch your back and lift your chest, and exhale slowly as you deepen the stretch and surrender into the pose.","Hold King Pigeon Pose for 3-5 breaths, or as long as feels comfortable and sustainable. Repeat on both sides for a balanced practice.","To make King Pigeon Pose more accessible, try using a block or strap to support the back leg, or practice with the back leg bent and the foot resting on the ground. You can also start by practicing the 'pre-pose' of Eka Pada Rajakapotasana, where the back leg remains bent and the torso is lifted but not fully arched.","1. Begin on your hands and knees, with your right knee forward and your left leg extended behind you. 2. As you inhale, lift your torso and right leg off the ground, keeping your left leg straight and your hips open. 3. Reach your arms back and interlace your fingers behind your back, using your arms to deepen the stretch and lift your chest. 4. As you exhale, surrender into the pose and allow your head and torso to release, keeping your shoulders down and away from your ears."
52,Upward-Facing Bow Pose,Urdhva Dhanurasana II,backbend,advanced,"Upward-Facing Bow Pose (Urdhva Dhanurasana II) strengthens the back muscles, opens the chest, and improves flexibility in the shoulders and hips. This pose can also help alleviate stress and anxiety by releasing tension in the body. Regular practice can also improve spinal flexibility and balance.","Avoid this pose if you have a neck or back injury, high blood pressure, or are pregnant. It's also not recommended for people with severe shoulder or hip injuries.","Inhale as you lift your body up into the pose, and exhale as you slowly lower back down to the starting position.","Hold the pose for 3-5 breaths, or 30 seconds to 1 minute. Repeat 2-3 times.","For a more accessible version, try using blocks or a wall for support. You can also modify the pose by keeping your knees slightly bent or using a strap to deepen the stretch in your chest.","1. Lie on your back with your knees bent and feet hip-width apart, keeping your hands under your shoulders. 2. Inhale and press your palms into the ground, lifting your body up into a backbend. 3. Continue to lift your hips and chest, keeping your shoulders down and away from your ears. 4. Look up towards the ceiling, keeping your neck long and relaxed. 5. Hold the pose, feeling the stretch and opening in your chest and shoulders."
53,Standing Forward Fold with Hands to Heart,Uttanasana II,forward_fold,beginner,"Standing Forward Fold with Hands to Heart stretches the entire back side of the body, from the shoulders to the heels, and can help relieve stress and anxiety by releasing tension in the neck and shoulders. It also lengthens the spine, improving posture and reducing back pain. Regular practice can also calm the mind and promote a sense of inner peace.","Avoid this pose if you have a recent back injury, high blood pressure, or are experiencing dizziness or lightheadedness. Pregnant women should also modify the pose or avoid it altogether, especially in the later stages of pregnancy.","Inhale deeply, lengthening the spine, and exhale slowly, folding forward and reaching for the heart. Continue to breathe deeply, inhaling and exhaling slowly, as you hold the pose.","Hold the pose for 30 seconds to 1 minute, breathing deeply and slowly. Repeat 2-3 times, resting in Mountain Pose or Downward-Facing Dog in between repetitions.","For a more accessible version, place your hands on a block or a chair instead of reaching for your heart. You can also bend your knees slightly or use a strap to deepen the stretch in your shoulders and chest.","1. Stand with your feet hip-width apart, parallel to each other, and engage your core. 2. Inhale deeply, lengthening your spine, and then exhale slowly, folding forward and reaching for your heart with your hands. 3. Keep your knees slightly bent if necessary, and allow your arms to dangle freely or rest on your shins. 4. Hold the pose, breathing deeply and slowly, and feel the stretch in your entire back side."
54,Reclined Forward Fold,Supta Uttanasana,forward_fold,intermediate,"Reclined Forward Fold (Supta Uttanasana) provides a gentle stretch for the back, hips, and legs, while also calming the nervous system and promoting relaxation. This pose can help alleviate stress, anxiety, and insomnia. It also lengthens the spine and can help relieve lower back pain.","Avoid this pose if you have a herniated disk, sciatica, or any other condition that causes severe back pain. Pregnant women should also modify or avoid this pose, especially in the later stages of pregnancy.","Inhale: Lengthen the spine and relax the body. Exhale: Slowly fold forward, keeping the knees slightly bent if necessary. Continue to breathe deeply, feeling the stretch in the back and legs.","Hold the pose for 3-5 minutes, or for as long as feels comfortable. You can also repeat the pose 2-3 times, slowly releasing and re-folding each time.","Use a strap or towel to deepen the stretch, or place a block or pillow under the forehead for support. If the stretch feels too intense, bend the knees or bring the feet wider apart. For a more restorative version, place a bolster or pillow under the torso and legs.","1. Lie on your back with your legs straight and feet flexed. 2. Inhale and lengthen the spine, feeling the ground beneath you. 3. Exhale and slowly lift your arms overhead, stretching your chest and shoulders. 4. Continue to exhale and slowly fold forward, keeping the knees slightly bent if necessary, and reaching for your toes or shins. 5. Relax and breathe deeply, feeling the stretch in the back and legs."
55,Seated Spinal Twist with a Leg Lift,Bharadvajasana III,twist,intermediate,"Seated Spinal Twist with a Leg Lift (Bharadvajasana III) provides physical benefits by stretching and relieving tension in the spine, hips, and torso, while also improving flexibility and balance. Mentally, it calms the nervous system, promoting relaxation and clarity. Regular practice can also improve posture and reduce stress.","Avoid this pose if you have severe back or neck injuries, herniated discs, or recent spinal surgery. Pregnant women should also approach with caution and modify the twist to avoid discomfort.","Inhale as you lengthen the spine, exhale as you twist and deepen the stretch. Hold the breath for a brief moment at the peak of the twist, then inhale as you release.","Hold the pose for 30 seconds to 1 minute on each side, breathing deeply and smoothly. Repeat 2-3 times on each side, resting between repetitions.","Use a block or strap to support the lifted leg if flexibility is limited. Modify the twist by reducing the depth of the rotation or using a wall for support. For a more gentle variation, try Seated Spinal Twist (Bharadvajasana I) without the leg lift.","1. Begin by sitting on the floor with the legs crossed, with the right knee on top of the left. Place the right hand on the outside of the left knee. 2. Inhale and lengthen the spine, then exhale and twist the torso to the left, lifting the right leg off the ground and balancing on the left sit bone. 3. Hold the leg with the right hand, keeping the knee bent at a 90-degree angle. 4. Deepen the twist, keeping the chest open and the shoulders relaxed. 5. Repeat on the other side by switching the leg position and twisting to the right."
56,Reclined Spinal Twist with a Leg Lift,Supta Matsyendrasana II,twist,advanced,"Reclined Spinal Twist with a Leg Lift (Supta Matsyendrasana II) is an advanced twist that provides numerous physical and mental benefits. Physically, it stretches the spine, hips, and torso, while also strengthening the core and improving flexibility. Mentally, it can help alleviate stress and anxiety by promoting relaxation and balance in the body.","Avoid this pose if you have any neck or back injuries, or if you have recently undergone spinal surgery. Pregnant women should also avoid this pose, especially during the later stages of pregnancy.",Inhale as you lift your leg and lengthen your spine. Exhale as you twist and deepen the stretch. Continue to breathe deeply and naturally as you hold the pose.,"Hold the pose for 3-5 breaths on each side, or repeat for 2-3 repetitions on each side.","To modify this pose, you can place a block or strap under your knee for support, or use a wall to support your back as you twist. For a more gentle stretch, you can lift your leg only slightly off the ground or keep your knee bent at a 90-degree angle.","1. Lie on your back with your arms extended out to the sides and your legs straight. Engage your core and lengthen your spine. 2. Inhale and lift your right leg towards the ceiling, keeping it straight. Exhale and twist your torso to the left, allowing your right leg to move towards the ground on the left side of your body. 3. Keep your left leg straight and your hips grounded as you deepen the twist and stretch. 4. Hold the pose and breathe deeply, feeling the stretch in your spine, hips, and torso. Repeat on the other side by lifting your left leg and twisting to the right."
57,Reclined Pigeon Pose with a Twist,Supta Eka Pada Rajakapotasana II,twist,advanced,"Reclined Pigeon Pose with a Twist (Supta Eka Pada Rajakapotasana II) offers a deep stretch in the hips, glutes, and spine, while also promoting flexibility and range of motion in the torso. It can help alleviate tension in the lower back and hips, and can also calm the mind and promote relaxation. Additionally, this pose can help improve balance and concentration.","Avoid this pose if you have any recent or severe injuries to the hips, knees, or lower back. Pregnant women or individuals with sciatica should also approach with caution and modify or avoid the pose if they experience discomfort.","Inhale deeply as you lengthen the spine and twist to the side, exhale slowly as you deepen the stretch and surrender into the pose.","Hold the pose for 3-5 breaths on each side, or for 30 seconds to 1 minute, breathing deeply and smoothly.","To make the pose more accessible, use a block or pillow under the hips or torso for support, or place a strap around the legs to deepen the stretch. You can also modify the twist by taking the knees closer to the chest or reducing the depth of the stretch.","1. Begin by lying on your back with the legs extended and arms at your sides. Bend the right knee into the chest and place the right ankle on the left knee, creating a figure-four shape with the legs. 2. Twist the torso to the right, taking the right hand to the outside of the left knee and gently deepening the stretch. 3. As you inhale, lengthen the spine and deepen the twist, exhaling slowly as you surrender into the pose. 4. Gently release the pose and repeat on the other side, taking the left ankle to the right knee and twisting to the left."
58,Reclined Seated Forward Fold,Supta Paschimottanasana,restorative,intermediate,"Reclined Seated Forward Fold (Supta Paschimottanasana) stretches the entire back side of the body, from the shoulders to the heels, promoting flexibility and relaxation. This pose can also help to calm the mind, reduce stress, and alleviate symptoms of anxiety and insomnia. Regular practice can also improve circulation and reduce muscle tension.","Avoid this pose if you have a recent back injury, herniated disk, or sciatica. Pregnant women should also approach with caution and modify or avoid if discomfort or pain is experienced.","Inhale deeply, feeling the chest and lungs expand. Exhale slowly, lengthening the spine and folding forward, allowing the body to release and relax.","Hold the pose for 3-5 minutes, breathing deeply and slowly, and feeling the body relax and release.","Use a strap or towel to deepen the stretch if flexibility allows. Place a block or pillow under the forehead for support if the head is not able to reach the ground. For a more restorative version, place a bolster or pillow under the torso for support and relaxation.","1. Begin by sitting on the ground with the legs straight out in front of you. 2. Slowly recline back onto the ground, using support if needed, and bring the arms overhead, stretching the chest and shoulders. 3. Inhale deeply and as you exhale, slowly fold forward, reaching for the toes or shins, and allow the body to release and relax."
59,Reclined Hero Pose with a Twist,Supta Virasana II,restorative,intermediate,"Reclined Hero Pose with a Twist (Supta Virasana II) offers numerous physical benefits, including deep stretching of the quadriceps, hip flexors, and spine, as well as improved flexibility in the knees and ankles. Mentally, it promotes relaxation and reduces stress and anxiety by releasing tension in the body. Regular practice also enhances overall spinal flexibility and posture.","This pose is not recommended for individuals with recent knee injuries, knee surgery, or severe knee pain. Additionally, those with severe back pain or spinal injuries should avoid this pose or consult with a qualified yoga instructor before attempting it.","Inhale deeply into the chest, feeling the expansion of the lungs and the lengthening of the spine. Exhale slowly, allowing the body to relax further into the pose, releasing tension and stress with each breath.","Hold the pose for 5-10 minutes on each side, breathing deeply and relaxing into the stretch. If needed, take a 1-2 minute break before switching sides.","For a more accessible version, place a block or cushion under the back for support, or use a strap to gently deepen the stretch. For added comfort, place a folded blanket or towel under the knees.","1. Begin by sitting in Hero Pose (Virasana) with your knees bent and your feet flat on the ground. Place your hands on the ground beside you for support. 2. As you exhale, slowly lean back, reaching for a block, cushion, or the ground behind you. Allow your back to release and your chest to expand, keeping your knees bent at a 90-degree angle. 3. As you settle into the pose, gently twist your torso to one side, keeping your hips and knees grounded. Hold for the desired duration before switching sides. 4. To release, slowly inhale and lift your torso back up to a seated position, then repeat on the other side."
60,Reclined Leg Stretch with a Twist,Supta Akarna Dhanurasana,restorative,intermediate,"Reclined Leg Stretch with a Twist (Supta Akarna Dhanurasana) stretches the hips, knees, and ankles, while also relieving tension in the lower back and promoting flexibility in the spine. This pose can also help calm the mind and reduce stress. Regular practice can improve overall balance and coordination.","Avoid this pose if you have recent knee injuries or surgeries, or if you experience severe back pain or discomfort. Additionally, pregnant women should modify or avoid deep twists.","Inhale deeply, filling the lungs, as you bring the leg across the body. Exhale slowly, releasing tension, as you deepen the stretch and twist.","Hold for 3-5 minutes, breathing deeply and slowly, and then switch sides. Repeat 2-3 times on each side.","Use a strap or towel to support the leg if it's difficult to reach. You can also place a block or pillow under the knee for added support. For a deeper stretch, use a bolster or pillow under the spine.","1. Lie on your back, with your arms at your sides, and bring one leg across the body, keeping it straight. 2. Allow your spine to twist gently, keeping your shoulders and hips relaxed. 3. As you inhale, lengthen the spine and deepen the stretch, and as you exhale, release tension and allow the leg to sink deeper into the stretch. 4. Hold the pose, breathing deeply, and then slowly release and switch sides."
61,Savasana,Savasana,restorative,beginner,"Savasana, also known as 'Corpse Pose,' provides physical relaxation, calming the nervous system and reducing muscle tension. It also offers mental benefits, such as reducing stress and promoting a sense of calm and clarity. Regular practice can help improve sleep quality and overall well-being.","Avoid Savasana if you have severe back pain, insomnia, or anxiety that may worsen with stillness. Pregnant women should also modify the pose or avoid it altogether, especially in the later stages of pregnancy.","Inhale naturally and exhale slowly, allowing your body to release any tension. As you settle into the pose, focus on your breath and let go of any thoughts or distractions.","Hold Savasana for 5-15 minutes, or as long as you feel comfortable. Start with shorter durations and gradually increase as you become more relaxed and comfortable with the pose.","To modify Savasana, you can place a pillow or bolster under your knees or use a block under your lower back for support. You can also use a weighted blanket or a calming essential oil to enhance relaxation.","1. Lie on your back with your arms and legs relaxed and slightly apart. 2. Close your eyes and take a few deep breaths, feeling your body release any tension. 3. Allow your body to fully relax, starting from your toes and moving up to the top of your head, letting go of any thoughts or distractions. 4. Focus on your breath, feeling the rise and fall of your chest or the sensation of the air moving in and out of your nostrils. 5. Remain in Savasana for the desired duration, allowing yourself to fully relax and rejuvenate."
62,Reclined Cobbler's Pose,Supta Baddha Konasana,restorative,beginner,"Reclined Cobbler's Pose stretches the hips, thighs, and lower back, promoting flexibility and relaxation. It also calms the nervous system and reduces stress and anxiety. Additionally, this pose can help alleviate menstrual cramps and discomfort.",Avoid this pose if you have any severe back injuries or hip replacements. Pregnant women should also modify the pose by using a bolster or pillow under their back for support.,"Inhale deeply, feeling the chest expand and the hips relax. Exhale slowly, releasing any tension in the lower back and hips.","Hold the pose for 3-5 minutes, breathing deeply and feeling the relaxation spread throughout the body.",Use a bolster or pillow under your back for support if you're pregnant or have any back issues. You can also place a strap or towel around your feet to help maintain the bind if your hips are tight.,"1. Lie on your back and bring the soles of your feet together, with your knees bent and apart. 2. Let your arms relax by your sides, with your palms facing upwards. 3. As you inhale, feel the chest expand and the hips relax, and as you exhale, release any tension in the lower back and hips. 4. Allow your body to sink deeper into the pose, feeling the stretch in your hips and lower back. 5. Hold the pose, breathing deeply and feeling the relaxation spread throughout the body."
63,Reclined Seated Angle Pose,Supta Upavista Konasana,restorative,beginner,"Reclined Seated Angle Pose (Supta Upavista Konasana) stretches the hips, thighs, and spine, promoting flexibility and relaxation. It also calms the mind and reduces stress by releasing tension in the lower back. Regular practice can improve overall posture and balance.","Avoid this pose if you have severe knee or hip injuries, or if you experience any discomfort or pain in the lower back. Pregnant women should also modify or avoid this pose, especially in the later stages of pregnancy.","Inhale deeply and slowly, feeling the chest expand and the spine lengthen. Exhale slowly, releasing any tension in the hips and lower back, and allowing the body to relax further into the pose.","Hold the pose for 5-10 minutes, breathing deeply and slowly, and allowing the body to relax and release tension.","Use blocks or blankets under the knees or thighs for support, or place a bolster or pillow under the back for extra comfort. You can also modify the pose by bringing the feet closer together or using a strap to deepen the stretch.","1. Begin by sitting on the floor with your legs straight out to the sides, forming a wide 'V' shape. 2. Lie back onto your elbows, then slowly lower your back onto the floor, keeping your legs straight and your spine long. 3. Allow your body to relax and release tension, feeling the stretch in your hips and lower back, and breathe deeply and slowly into the pose."
64,Reclined One-Legged King Pigeon Pose,Supta Eka Pada Rajakapotasana,restorative,intermediate,"Reclined One-Legged King Pigeon Pose provides a deep stretch for the hips and glutes, while also promoting relaxation and calming the mind. It can help alleviate stress, anxiety, and lower back pain. Regular practice can also improve flexibility and range of motion in the hips and legs.","Avoid this pose if you have a recent knee or hip injury, or if you experience chronic pain or discomfort in the knees, hips, or lower back. Pregnant women should also approach with caution and modify the pose to avoid putting pressure on the abdomen.","Inhale deeply, feeling the hips and chest expand, and exhale slowly, allowing the body to relax and release further into the stretch.","Hold the pose for 5-10 breaths, or 3-5 minutes, to allow for deep relaxation and stretching.","Use a block or strap to support the extended leg if it doesn't reach the ground. Place a pillow or bolster under the chest or head for added support and comfort. For a more accessible version, try Supta Baddha Konasana (Reclined Bound Angle Pose) instead.","1. Begin by finding a comfortable seated position with the back straight and legs extended in front of you. Bend the right knee and bring the foot towards the left hip, forming a 90-degree angle with the leg. 2. Lower the torso down onto the back, keeping the left leg extended and the right knee bent. 3. Allow the right knee to fall towards the ground, stretching the hips and glutes. 4. Relax the arms and shoulders, and close the eyes, focusing on the breath and the sensations in the body."
65,Reclined Cow Face Pose,Supta Gomukhasana,restorative,intermediate,"Reclined Cow Face Pose (Supta Gomukhasana) helps to relieve stress and tension, stretches the chest, shoulders, and hips, and can also help alleviate sciatica pain. Additionally, it can calm the mind and promote relaxation. Regular practice of this pose can also improve flexibility and range of motion in the shoulders and hips.","This pose should be avoided by those with severe shoulder or hip injuries, or recent surgeries, as it may exacerbate existing conditions. Pregnant women should also exercise caution and modify the pose to avoid putting pressure on the abdomen.","Inhale deeply, feeling the chest expand and the shoulders relax. Exhale slowly, allowing the body to release tension and sink deeper into the pose.","Hold the pose for 5-10 minutes, or as long as feels comfortable, to allow for maximum relaxation and release of tension.","Use a block or strap to support the legs if they do not touch the ground, or place a bolster or pillow under the knees for added comfort. For a deeper stretch, place a strap or towel around the legs and pull gently.","1. Lie on your back and bring your legs into a bent position with your knees wide apart. 2. Cross your right knee over your left, and then wrap your right leg around your left to form a 'cow face' shape. 3. Use your hands to gently guide your legs into place and relax your shoulders away from your ears. 4. Close your eyes and focus on your breath, feeling the stretch in your hips and shoulders and allowing yourself to relax and release tension."
66,Reclined Seated Forward Fold with a Twist,Supta Paschimottanasana II,restorative,intermediate,"Reclined Seated Forward Fold with a Twist (Supta Paschimottanasana II) stretches the entire back side of the body, including the hamstrings, calves, and spine. It can also help to calm the nervous system and promote relaxation. Regular practice may also improve flexibility and range of motion.","Avoid this pose if you have a severe back injury, sciatica, or recent abdominal surgery. Pregnant women should also approach this pose with caution and modify or avoid it altogether if it causes discomfort.","Inhale deeply, lengthening the spine and expanding the chest. Exhale slowly, folding forward and twisting to the side, allowing the body to release and relax.","Hold the pose for 3-5 minutes on each side, breathing deeply and slowly, and feeling the stretch deepen.","Use a bolster or pillow under the knees for support, or place a strap around the feet to deepen the stretch. You can also use a block or blanket under the head for comfort. For a more gentle twist, keep the knees slightly bent.","1. Begin by lying on your back with your legs straight up towards the ceiling. 2. Lengthen the spine and engage the core, then slowly lift the legs off the ground and bring them towards your chest. 3. Exhale and twist to one side, keeping the legs straight, and allow the body to fold forward and relax. 4. Hold the pose and breathe deeply, feeling the stretch and relaxation spread through the body. 5. Repeat on the other side."
67,Reclined Sphinx Pose,Supta Salamba Bhujangasana,restorative,intermediate,"Reclined Sphinx Pose stretches and opens the chest, strengthens the back muscles, and promotes relaxation, reducing stress and anxiety. It also improves flexibility in the shoulders and upper back. This pose can help alleviate symptoms of insomnia and promote overall well-being.","Avoid this pose if you have severe back or neck injuries, or if you're experiencing any discomfort or pain in your shoulders or chest. Pregnant women and those with chronic back conditions should also exercise caution and consult with a healthcare professional or experienced yoga instructor.","Inhale deeply, feeling the chest expand and the shoulders relax. Exhale slowly, allowing the body to release any tension and settle deeper into the pose.","Hold the pose for 5-10 minutes, breathing deeply and slowly, and allowing the body to fully relax and release.","To make the pose more accessible, use a block or bolster under the chest or shoulders for support. You can also place a folded blanket or towel under the forehead for added comfort. For a deeper stretch, place your hands under your shoulders and gently press your chest forward.","1. Lie on your stomach with your forearms on the ground and your elbows directly under your shoulders. 2. Inhale and press your palms into the ground, lifting your chest and head off the mat. 3. Keep your shoulders down and away from your ears, and engage your back muscles to support your chest. 4. Allow your body to relax and release, feeling the stretch in your chest and shoulders. 5. Hold the pose, breathing deeply and slowly, and focus on the sensation of relaxation and release."
68,Reclined Lord of the Dance Pose,Supta Natarajasana,restorative,intermediate,"Reclined Lord of the Dance Pose provides a gentle stretch to the hips, glutes, and lower back, while also promoting relaxation and reducing stress. This pose can help improve flexibility and range of motion in the hips and knees. It can also calm the mind and promote a sense of inner peace.","Avoid this pose if you have any recent or severe knee injuries, or if you experience discomfort or pain in the hips or lower back. Pregnant women should also modify or avoid this pose, especially in the later stages of pregnancy.","Inhale deeply into the chest, feeling the breath expand the lungs. Exhale slowly, releasing any tension or stress, and allowing the body to relax further into the pose.","Hold the pose for 3-5 minutes, breathing deeply and slowly, and allowing the body to fully relax.","To modify the pose, use a block or strap to support the leg, or place a pillow under the knee for added comfort. You can also use a wall for support, or practice a simpler variation like Reclined Pigeon Pose.","1. Lie on your back with your legs extended, and engage your core to support your lower back. 2. Bend your right knee and bring your right foot towards your left buttock, keeping your ankle in line with your knee. 3. Reach back with your right hand and gently grasp the outside of your right ankle, keeping your elbow slightly bent. 4. Inhale deeply, and as you exhale, slowly lift your right leg up towards the ceiling, keeping it straight, and stretching the front of your hip. 5. Hold the pose, breathing deeply, and then slowly release and repeat on the other side."
69,Reclined Eight-Limbed Pose,Supta Astavakrasana,restorative,advanced,"Reclined Eight-Limbed Pose (Supta Astavakrasana) offers numerous physical and mental benefits, including stretching the shoulders, chest, and hips, while also strengthening the back muscles and improving spinal flexibility. It also helps to calm the mind and reduce stress. Regular practice of this pose can improve overall balance, focus, and concentration.","Avoid practicing Reclined Eight-Limbed Pose if you have severe back or neck injuries, or if you experience any discomfort or pain in the shoulders, hips, or knees. Pregnant women and individuals with osteoporosis should also avoid this pose or modify it under the guidance of an experienced yoga instructor.","Inhale deeply through the nose, feeling the chest expand and the torso lengthen. Exhale slowly through the mouth, releasing any tension and sinking deeper into the pose.","Hold the pose for 3-5 breaths or up to 30 seconds, depending on your comfort level and flexibility. Repeat 2-3 times on each side.","For a modified version, use blocks or straps to support the legs and torso. You can also place a folded blanket under the hips for added comfort and support. Alternatively, practice a wall-supported version by placing the legs against a wall and using a strap to secure the torso.","1. Begin by lying on your back with your arms extended overhead and your legs straight. Bend your knees and bring your heels towards your hips. 2. Cross your right knee over your left, creating an 'eight' shape with your legs. Extend your right arm overhead and use your left arm to gently guide your right shoulder towards the ground. 3. As you exhale, slowly lower your torso and legs towards the ground, keeping your spine long and your hips relaxed. 4. Hold the pose, breathing deeply and feeling the stretch in your shoulders, chest, and hips. 5. To release, slowly lift your torso and legs back up to the starting position and repeat on the other side."
70,Bow Pose,Dhanurasana,backbend,intermediate,"Bow Pose strengthens the back muscles, improves flexibility in the chest and shoulders, and can help to relieve stress and anxiety. It also stretches the abdominal muscles and can improve digestion. By opening the chest, it can also promote confidence and self-awareness.","Avoid Bow Pose if you have a neck injury, or if you have high blood pressure. Additionally, pregnant women should avoid this pose after the third trimester.","Inhale deeply as you lift your chest and head off the ground, and exhale slowly as you deepen the stretch and hold the pose.","Hold the pose for 3-5 breaths, and repeat 2-3 times.","For a gentler variation, keep your knees slightly bent or use a strap to assist in holding the ankles. You can also place a block or a folded blanket under your forehead for support.","1. Lie on your stomach with your arms extended alongside your body, and your legs hip-width apart. 2. Bend your knees and bring your heels towards your buttocks, then reach back and grasp your ankles with your hands. 3. Inhale deeply and lift your chest, head, and legs off the ground, keeping your knees slightly bent if necessary. 4. Hold the pose, feeling the stretch in your chest and shoulders, and the opening in your heart center."
71,Fish Pose,Matsyasana,backbend,intermediate,"Fish Pose (Matsyasana) provides physical benefits by strengthening the back muscles, improving flexibility in the chest and shoulders, and stretching the neck and throat. Mentally, it can help calm the mind and reduce stress. Regular practice can also improve respiratory function and overall posture.","Avoid Fish Pose if you have a neck injury or any condition that causes neck pain, as it may exacerbate the condition. Also, individuals with high blood pressure, glaucoma, or vertigo should practice with caution or modify the pose.","Inhale deeply as you lift your chest and head off the ground. Hold the breath for a brief moment at the top of the pose, then exhale slowly as you release and lower back down.","Hold Fish Pose for 30 seconds to 1 minute, breathing deeply and slowly. Repeat 2-3 times, resting for 30 seconds between repetitions.","For a modified version, place a block or strap under your back for support. You can also place a folded blanket under your head for a more gentle stretch. For a more challenging variation, lift your legs off the ground and balance on your seat bones.","1. Lie on your back with your legs straight and your arms at your sides. Place your hands under your hips for support. 2. Inhale deeply and press your palms into the ground, lifting your chest and head off the ground. 3. Continue to lift and arch your back, keeping your shoulders down and away from your ears. 4. Hold the pose, breathing deeply and slowly, then exhale and lower back down to the starting position."
72,Camel Pose,Ustrasana,backbend,intermediate,"Camel Pose strengthens the back muscles, improves flexibility in the chest, shoulders, and spine, and can also help alleviate stress and anxiety by opening up the heart center. It can also improve posture and reduce fatigue. Regular practice can also promote emotional balance and confidence.","Avoid Camel Pose if you have any neck or back injuries, high blood pressure, or during pregnancy. It's also not recommended for people with severe shoulder or wrist problems.","Inhale as you arch your back, and exhale as you slowly lower back down to the starting position.","Hold the pose for 3-5 breaths, and repeat 2-3 times.","For an easier variation, you can place your hands on blocks or the wall for support, or only arch your back slightly. You can also keep your head in a neutral position if dropping your head back is uncomfortable.","1. Kneel on the mat with your knees hip-width apart, and your hands on your hips. 2. Inhale and lengthen your spine, then exhale and arch your back, reaching for your ankles or shins with your hands. 3. Keep your shoulders down and away from your ears, and your chest expanded. 4. Engage your core and maintain the arch in your back, keeping your head in a neutral position or gently dropping it back."
73,One-Legged Seated Forward Fold,Eka Pada Paschimottanasana,seated,intermediate,"One-Legged Seated Forward Fold stretches the entire back side of the body, including the hamstrings, calves, and spine, improving flexibility and posture. It also calms the mind and can help reduce stress and anxiety. This pose can also help to balance the body's energy and promote a sense of grounding.",Individuals with knee injuries or recent hip replacements should avoid this pose or modify it to accommodate their needs. People experiencing low back pain or sciatica should also approach with caution and engage their core to support their spine.,"Inhale, lengthen the spine and engage the core. Exhale, fold forward and deepen the stretch, keeping the front leg straight and the back leg relaxed.","Hold the pose for 3-5 breaths on each side, repeating 2-3 times on each leg.","To modify, use a strap or towel to deepen the stretch if the hands can't reach the foot. Place a block or blanket under the front knee for support if there's discomfort. For a more accessible version, try bending the front knee or lifting the back leg slightly off the ground.","1. Sit on the ground with the legs extended in front, then bend the right knee and place the foot on the inside of the left thigh. 2. Inhale and lengthen the spine, engaging the core and reaching the arms up towards the ceiling. 3. Exhale, fold forward, and reach for the left foot or shin, keeping the front leg straight and the back leg relaxed. 4. Deepen the stretch with each exhalation, keeping the breath smooth and controlled."
74,Triangle Pose with a Twist,Trikonasana II,standing,intermediate,"Triangle Pose with a Twist (Trikonasana II) provides physical benefits such as stretching the hips, thighs, and spine, while also strengthening the ankles and knees. Mentally, it can help improve focus, balance, and overall sense of calmness. Regular practice can also increase flexibility and range of motion.","Avoid this pose if you have severe lower back problems, such as herniated disks, sciatica, or recent injuries. It's also recommended to approach with caution if you have neck or shoulder issues.","Inhale as you reach your right arm up towards the ceiling, exhale as you twist and place your right hand on the outside of your left knee, inhale to lengthen the spine, and exhale to deepen the stretch.","Hold the pose for 3-5 breaths, repeat on the other side.","Use a block or strap to support your hand if you're unable to reach your knee. For a deeper stretch, place your hand on the ground or use a wall for support. If you have neck issues, avoid gazing up and instead look straight ahead.","Step 1: Begin by standing with your feet wide apart, with one foot facing forward and the other foot at a 90-degree angle. Step 2: Reach your right arm up towards the ceiling and engage your core, feeling the stretch in your hips and thighs. Step 3: As you exhale, twist your torso to the left, placing your right hand on the outside of your left knee, and gaze up towards the ceiling (or straight ahead if modifying). Step 4: Lengthen your spine and deepen the stretch as you inhale, and exhale to release any tension. Step 5: Repeat on the other side."
75,Upward-Facing Dog with a Twist,Urdhva Mukha Svanasana II,standing,intermediate,"Upward-Facing Dog with a Twist (Urdhva Mukha Svanasana II) strengthens the back muscles, improves spinal flexibility, and enhances overall balance and coordination. It also stimulates the nervous system and promotes mental clarity. Additionally, this pose can help alleviate stress and anxiety by releasing tension in the torso.","Avoid this pose if you have any wrist, shoulder, or neck injuries, as it may exacerbate existing conditions. Pregnant women and individuals with severe back problems should also modify or avoid this pose.","Inhale as you lift your chest and twist your torso, exhale as you slowly lower back down to the starting position.","Hold for 3-5 breaths, repeating 2-3 times on each side.","Use a block or strap to support your hands if you're experiencing wrist strain. You can also modify the twist by only rotating your torso slightly, or by keeping your hips facing forward and twisting only your upper body.","1. Start in a high plank position with your hands shoulder-width apart and your feet hip-width apart. 2. Inhale as you lift your chest and hips off the ground, straightening your arms and keeping your shoulders down. 3. Twist your torso to one side, keeping your hips facing forward, and hold for 3-5 breaths. 4. Slowly lower back down to the starting position on an exhale, and repeat on the other side."
76,Peacock Pose with a Twist,Mayurasana II,balancing,advanced,"Mayurasana II strengthens the arms, shoulders, and core, while improving balance and focus. It also stretches the chest and shoulders, and can help to relieve stress and anxiety. Regular practice can also improve overall physical and mental discipline.","Avoid this pose if you have any wrist, shoulder, or elbow injuries, or if you are experiencing any neck or back problems. Pregnant women and people with high blood pressure should also avoid this pose.","Inhale deeply as you lift your legs off the ground, and exhale slowly as you balance and engage your core. Continue to breathe smoothly and slowly while holding the pose.","Hold for 3-5 breaths, and repeat 2-3 times on each side.","Use a block or a strap to support your arms if you're new to the pose, or practice the pose with your legs lifted only a few inches off the ground. You can also practice the pose with your feet hip-width apart instead of crossed.","1. Start in a high plank position with your hands shoulder-width apart, and your feet hip-width apart. 2. Cross your legs behind your back, with your right ankle resting on your left thigh. 3. Engage your core and lift your legs off the ground, balancing on your arms and lifting your chest forward. 4. Twist your torso to the right, keeping your arms and legs straight, and gaze forward. 5. Hold the pose and focus on your breath, then slowly lower down and repeat on the other side."
77,Handstand with a Twist,Adho Mukha Vrksasana II,inversion,advanced,"Handstand with a Twist (Adho Mukha Vrksasana II) builds core strength, improves balance and flexibility, and enhances mental focus and confidence. It also strengthens the arms, shoulders, and upper back. Regular practice can help to improve overall physical and mental well-being.","Avoid this pose if you have any shoulder, neck, or spine injuries, or if you have high blood pressure or are pregnant. Consult with a healthcare professional or experienced yoga instructor before attempting this pose.","Inhale deeply before kicking up, exhale as you twist and settle into the pose, and maintain steady breathing while holding the pose.","Hold the pose for 3-5 breaths, or as long as you feel comfortable and controlled. Repeat 2-3 times on each side.","Use a wall for support, or practice with a shorter twist. You can also lift one leg up at a time, or use blocks or straps to help maintain balance.","1. Start in a high plank position with your hands shoulder-width apart and your fingers spread wide. Engage your core and lift your hips up and back, straightening your arms and legs. 2. As you feel stable, lift one leg up and twist your torso to the right, keeping your arms and legs straight. 3. Hold the pose and breathe deeply, feeling the stretch in your chest and shoulders. 4. Slowly lower back down to the starting position and repeat on the other side."
78,Forearm Stand with a Twist,Pincha Mayurasana II,inversion,advanced,"Forearm Stand with a Twist (Pincha Mayurasana II) strengthens the core, shoulders, and arms, while also improving balance, flexibility, and focus. This pose can also stimulate the thyroid gland and improve circulation. Mentally, it can help build confidence and reduce stress.","Avoid this pose if you have any neck or shoulder injuries, or if you have high blood pressure or glaucoma. Pregnant women should also avoid this pose, especially in the first trimester.","Inhale and exhale slowly and smoothly while in the pose, focusing on your breath to maintain balance and control. As you twist, exhale and lengthen your spine, then inhale and deepen the twist.","Hold the pose for 3-5 breaths, or up to 30 seconds, and repeat 2-3 times on each side.","For a modification, use a wall for support, with your forearms on the ground and your feet on the wall. You can also use a block or strap under your forearms for extra support. Alternatively, practice a gentle twist in a seated or standing forward bend instead of the full inversion.","1. Begin by kneeling on the ground with your forearms on the ground in front of you, shoulder-width apart. Engage your core and press your palms into the ground. 2. Lift your hips and straighten your legs, walking your feet back slightly to balance on your forearms. 3. As you feel stable, slowly lift your legs off the ground and balance on your forearms, keeping your core engaged and your spine long. 4. Twist your torso to one side, keeping your hips and legs aligned, and hold for the desired duration."
79,Eight-Limbed Pose with a Twist,Astavakrasana II,inversion,advanced,"Astavakrasana II strengthens the arms, shoulders, and core, while also expanding the chest and shoulders. This pose also improves balance, focus, and concentration. Regular practice can help to build confidence and reduce stress and anxiety.","Avoid Astavakrasana II if you have any wrist, shoulder, or neck injuries. Additionally, pregnant women and those with high blood pressure should also avoid this pose or modify it under the guidance of an experienced instructor.","Inhale as you lift your legs off the ground, exhale as you twist and lift your hips, inhale to stabilize, and exhale to release.","Hold for 3-5 breaths or up to 30 seconds, repeat on the other side.","Use a block or strap to support your legs or hip if you're struggling to lift. You can also practice Astavakrasana II with one leg lifted and the other leg bent, or with the support of a wall.","1. Start in a high plank position with your hands shoulder-width apart and your feet hip-width apart. 2. Bend your elbows slightly and shift your weight onto your arms, lifting your right leg off the ground and twisting your torso to the right. 3. As you lift your hips, keep your left leg straight and your right leg bent at a 90-degree angle. 4. Hold the pose and engage your core, feeling the stretch in your chest and shoulders. 5. Slowly lower back down to the starting position and repeat on the other side."
80,Seated Forward Fold with a Leg Lift,Paschimottanasana II,forward_fold,intermediate,"Seated Forward Fold with a Leg Lift (Paschimottanasana II) stretches the entire back side of the body, from the shoulders to the heels, and strengthens the muscles of the core and legs. It also improves flexibility, balance, and concentration. This pose can be calming and meditative, helping to reduce stress and anxiety.","Avoid this pose if you have a recent or chronic back injury, sciatica, or a knee injury. It's also not recommended for people with severe flexibility limitations or those who are pregnant.","Inhale: Lengthen the spine and lift the leg. Exhale: Fold forward, reaching for the toes or shins, and engage the core. Continue to breathe smoothly and slowly, feeling the stretch deepen with each exhalation.","Hold the pose for 3-5 breaths, or up to 30 seconds, and repeat on the other side.","For a more accessible version, you can use a strap or towel to deepen the stretch or support the lifted leg. You can also bend the knee of the lifted leg or use a block or pillow under the forehead for support. If you're new to leg lifts, start by lifting the leg just a few inches off the ground and gradually increase the height as you build strength and control.","1. Sit on the floor with your legs extended in front of you, then lift your right leg and balance on your left leg. 2. Inhale and lengthen your spine, engaging your core and lifting your chest. 3. Exhale and fold forward, reaching for your toes or shins, and deepen the stretch in your back and legs. 4. Hold the pose and focus on your breath, feeling the balance and control required to maintain the lift. 5. Repeat on the other side."
81,Standing Forward Fold with a Twist,Uttanasana II,forward_fold,intermediate,"Standing Forward Fold with a Twist (Uttanasana II) provides physical benefits by stretching the entire back side of the body, hips, and spine, while also toning the abdominal muscles. It can also help relieve stress and anxiety by promoting relaxation and improving circulation. Mentally, it encourages flexibility and openness, promoting a sense of calm and clarity.","Avoid this pose if you have severe back or neck injuries, or if you experience any discomfort in your joints or muscles. Also, pregnant women should modify the pose or avoid it altogether, especially in the later stages of pregnancy.","Inhale: Lengthen the spine and engage the core. Exhale: Fold forward, twisting to one side, and then repeat on the other side.","Hold the pose for 30 seconds to 1 minute on each side, breathing deeply and smoothly. Repeat 2-3 times on each side.","For a more accessible version, bend your knees or use a block or strap to support your hands. You can also practice with your feet hip-width apart instead of together, or keep your back knee slightly bent to reduce strain on the lower back.","1. Begin by standing with your feet hip-width apart, parallel to each other, and your arms by your sides. Engage your core and lengthen your spine. 2. Inhale and lengthen your torso, then exhale and fold forward, reaching for your toes or shins. As you fold, twist your torso to one side, keeping your hips facing forward. 3. Hold the pose, breathing deeply, and then slowly release and repeat on the other side. 4. To release, inhale and lengthen your spine, then exhale and slowly roll up to standing."
82,Reclined Forward Fold with a Twist,Supta Uttanasana II,twist,intermediate,"Reclined Forward Fold with a Twist (Supta Uttanasana II) stretches the entire back side of the body, from the shoulders to the heels, while also targeting the hips and spine. This pose can help to relieve tension in the neck and shoulders, improve flexibility, and calm the mind. Regular practice of this pose can also promote better posture and reduce stress.","Avoid this pose if you have a recent back injury, herniated disk, or are experiencing severe neck pain. Pregnant women should also approach this pose with caution and modify as needed.","Inhale deeply and lengthen the spine, exhale and fold forward, twisting to one side. Hold the breath for a moment at the bottom of the twist, then inhale to lengthen and exhale to release.","Hold for 3-5 breaths on each side, repeating for 2-3 sets.","Use a strap or towel to deepen the stretch if your hands don't reach your toes. Place a block or pillow under your forehead for support if your neck feels strained. For a more gentle version, bring one knee into the chest and twist to that side, rather than bringing both knees into the chest.","1. Lie on your back with your legs straight and arms at your sides. Inhale and lengthen the spine, feeling the crown of the head reach towards the ceiling. 2. Exhale and bring both knees into the chest, then let them fall to one side, keeping the spine long. 3. Reach your arms up towards the ceiling, then bring them down to the ground beside you, keeping the shoulders relaxed. 4. Allow your torso to twist, keeping the hips grounded, and hold for the desired number of breaths before releasing and repeating on the other side."
83,Starlight Stretch,Tara Akarshana,standing,intermediate,"The Starlight Stretch (Tara Akarshana) provides physical benefits by stretching the chest, shoulders, and spine, improving flexibility and posture. Mentally, it can help increase feelings of openness and expansiveness. Regular practice can also reduce stress and anxiety by promoting relaxation.","Avoid this pose if you have any recent or severe injuries to the shoulders, chest, or spine. People with high blood pressure should also practice with caution and consult a medical professional or yoga expert.","Inhale as you reach your arms up and out, feeling the expansion in your chest and shoulders. Exhale as you deepen the stretch, keeping your core engaged and your body grounded.","Hold the pose for 3-5 breaths, or 30 seconds to 1 minute, and repeat 2-3 times on each side.","For a more accessible version, use a block or a strap to support your arms as you stretch. Alternatively, you can practice with your back against a wall for added support and balance.","Step 1: Start in a standing position with your feet hip-width apart, facing forward. Step 2: Reach your arms up and out to the sides, keeping them parallel to the ground and your palms facing down. Step 3: As you inhale, stretch your arms further apart, feeling the expansion in your chest and shoulders. Step 4: Exhale and deepen the stretch, keeping your core engaged and your body grounded. Step 5: Gently release the pose, bringing your arms back to your sides and taking a few deep breaths to integrate the stretch."
84,Sky Dancer,Akasha Nritya,balancing,advanced,"The Sky Dancer pose (Akasha Nritya) offers numerous physical benefits, including strengthened ankles, improved balance, and increased flexibility in the hips and spine. Mentally, this pose can cultivate focus, confidence, and a sense of calm. Regular practice can also enhance overall mental clarity and reduce stress.","Avoid this pose if you have any recent ankle injuries, chronic balance issues, or are experiencing dizziness. Pregnant women should also modify or avoid this pose, especially in the later stages of pregnancy.","Inhale as you lift your back leg and arms, feeling the expansion in your chest. Exhale as you lengthen your spine and balance, maintaining control and focus.","Hold the pose for 3-5 breaths on each side, or as long as you can maintain balance and control. Repeat 2-3 times on each side.","For a more accessible variation, try practicing with a block or wall for support. You can also modify by keeping your back knee bent or using a strap to deepen the stretch in your chest.","1. Begin by standing on one leg, with the other foot resting against your inner thigh. Engage your core, lift your arms overhead, and gaze forward. 2. As you inhale, slowly lift your back leg off the ground, keeping it straight and your foot flexed. 3. Exhale and lengthen your spine, maintaining balance and control. 4. Continue to breathe and balance, feeling the expansion in your chest and the strength in your ankles."
85,Inner Spiral,Antaranga Bhrama,twist,beginner,"Inner Spiral (Antaranga Bhrama) offers physical benefits by gently stretching and mobilizing the spine, hips, and torso, improving flexibility and posture. Mentally, this pose can help calm the mind and reduce stress by encouraging deep breathing and relaxation. Regular practice may also enhance focus and concentration.","Avoid this pose if you have severe back injuries, herniated discs, or are experiencing acute lower back pain. Additionally, pregnant women should modify or avoid deep twisting poses.","Inhale deeply, lengthening the spine, and exhale slowly, gently twisting to the right. Inhale again, and exhale, slowly releasing the twist.",Hold the twist for 3-5 breaths on each side. Repeat 2-3 times on each side.,"For beginners or those with limited mobility, use a block or strap to support the twist. Alternatively, sit in a chair or use the wall for support. You can also modify the twist by keeping your knees slightly bent or your feet wider apart.","1. Sit comfortably with your legs crossed, feet flexed, and back straight. Engage your core and lengthen your spine. 2. Inhale deeply, and as you exhale, gently twist to the right, keeping your hips facing forward. Use your right hand to guide your left knee, but avoid forcing the twist. 3. Keep your shoulders relaxed and down, gazing forward or slightly to the right. 4. Hold the twist, breathing deeply, and when ready, slowly release on an inhale. Repeat on the other side."
86,Dragon's Breath,Rakshasa Pranayama,backbend,intermediate,"Dragon's Breath (Rakshasa Pranayama) strengthens the lungs and diaphragm, increases oxygenation of the body, and helps to calm the nervous system. It also opens the chest and shoulders, improving posture and reducing stress. Additionally, this backbend promotes flexibility in the spine and ribcage.","Avoid Dragon's Breath if you have high blood pressure, heart problems, or recent injuries to the neck, back, or shoulders. Pregnant women should also avoid this pose.","Inhale deeply through the nose, filling the lungs fully, and exhale through the mouth with a hissing sound, contracting the abdominal muscles. Repeat for several rounds.",Hold each exhalation for 2-3 seconds and repeat for 5-10 rounds.,"For a modified version, sit on the edge of a chair or use a block under the hands to reduce the depth of the backbend. You can also practice this breathing technique without the backbend, simply sitting upright with good posture.","1. Start in a tabletop position on your hands and knees. 2. As you inhale, lengthen the spine and look forward, keeping the neck long. 3. As you exhale, slowly arch the back, lifting the head and tailbone towards the ceiling, and make a hissing sound through the mouth. 4. Keep the arms straight and engage the core muscles to support the backbend. 5. Repeat for several rounds, focusing on the breath and the sensations in the body."
87,Rising Sun,Udaya Surya,standing,beginner,"The Rising Sun (Udaya Surya) pose helps to stretch and warm up the entire body, preparing it for more intense physical activities. It also improves balance, flexibility, and circulation. Additionally, it can help to boost energy and uplift the mood by stimulating the solar plexus chakra.","Avoid this pose if you have any knee injuries or issues with balance, as it requires standing on one leg. It is also recommended to practice this pose with caution during pregnancy or menstrual periods.","Inhale as you rise onto one leg and stretch your arms up, exhale as you lower back down to the starting position.","Hold for 3-5 breaths on each leg, repeat 2-3 times on each side.","For beginners or those with balance issues, use a block or wall for support. You can also practice the pose with both feet on the ground and simply stretch your arms up.","1. Start by standing with your feet hip-width apart, parallel to each other. 2. Shift your weight onto one leg and lift the other foot off the ground, keeping it straight. 3. As you inhale, stretch your arms up towards the ceiling, lengthening your spine and feeling the stretch in your entire body. 4. Exhale and slowly lower your arms back down, returning to the starting position."
88,River Flow,Nadi Pravaha,forward_fold,intermediate,"River Flow (Nadi Pravaha) is an intermediate forward fold that helps to stretch and lengthen the entire back side of the body, from the shoulders to the heels. It also can help to calm the nervous system and promote relaxation. Regular practice can also improve flexibility and range of motion in the hips and spine.","Avoid practicing River Flow if you have any neck or back injuries, or if you experience any discomfort or pain in the shoulders, hips, or knees. Pregnant women should also modify or avoid this pose, especially in the later stages of pregnancy.","Inhale, lengthen the spine and arms. Exhale, fold forward, keeping the arms and hands relaxed. Continue to breathe naturally, feeling the stretch in the back body.","Hold the pose for 3-5 breaths, or 30-60 seconds. Repeat 2-3 times, resting in a neutral position between repetitions.","For a more accessible version, try using a block or strap to support the hands and reduce the depth of the fold. You can also bend the knees slightly to reduce the stretch in the backs of the legs. For a deeper stretch, try lifting the arms off the ground and extending them out to the sides.","Start in a standing forward fold (Uttanasana) with the feet hip-width apart. Inhale, lengthen the spine and arms. Exhale, step the right foot back about a foot, keeping the left foot forward. Inhale, lengthen the spine again. Exhale, fold forward, reaching the arms out to the sides and keeping the hands and arms relaxed. Keep the back leg straight and the front knee slightly bent, feeling the stretch in the back body."
89,Cloud Gate,Megha Dvara,balancing,advanced,"Cloud Gate (Megha Dvara) improves balance, focus, and mental clarity by engaging the core and challenging the body's equilibrium. It also stretches the chest, shoulders, and hips, enhancing flexibility and posture. Regular practice can lead to increased confidence and overall well-being.","Avoid Cloud Gate if you have severe ankle or knee injuries, or if you experience dizziness or vertigo. Pregnant women should also approach with caution, as this pose requires balance and may put pressure on the joints.","Inhale as you lift your leg and arm, exhale as you balance and engage your core, inhale to lengthen and expand, exhale to stabilize and focus.","Hold Cloud Gate for 3-5 breaths on each side, repeat for 2-3 sets.","For a modified version, use a block or strap to support the lifted leg or arm, or practice against a wall for added stability. Beginners can also start with a lower lift or a wider stance to build confidence and balance.","1. Start in Mountain Pose (Tadasana) with your feet hip-width apart and engage your core. 2. Slowly lift your right leg off the ground, keeping it straight, and extend your left arm up towards the ceiling, gazing forward. 3. Balance on your left leg, engaging your core and lifting your chest, as you reach for the sky with your left arm. 4. Hold for 3-5 breaths, then slowly lower your leg and arm back down to Mountain Pose, and repeat on the other side."
90,Knot of Awareness,Bodhi Granthi,seated,beginner,"The Knot of Awareness (Bodhi Granthi) pose helps to stretch the shoulders, chest, and upper back, promoting flexibility and posture. It also stimulates the solar plexus chakra, enhancing self-awareness and personal growth. Regular practice can calm the mind and reduce stress.","Avoid practicing Bodhi Granthi if you have any recent shoulder or chest injuries, or if you experience discomfort or pain in the shoulders or upper back. Pregnant women should also consult with a healthcare professional before practicing this pose.","Inhale, lengthening the spine and expanding the chest. Exhale, deepening the twist and releasing any tension.","Hold the pose for 3-5 breaths on each side, repeating 2-3 times.","For a more accessible variation, you can place your hands on the knees instead of crossing them. You can also use a strap or towel to deepen the twist if your hands don't reach. For added support, sit on a block or cushion to elevate the hips.","1. Sit comfortably with your legs crossed and your back straight. 2. Cross your right hand over your left, and place your hands on your knees, just above the kneecap. 3. Twist your torso to the right, keeping your hips facing forward, and deepen the stretch with each exhalation. 4. Gaze forward, keeping your chin parallel to the ground, and maintain awareness of your breath and body. 5. Repeat on the other side."
91,Morning Dew,Pratoshaka Bindu,forward_fold,beginner,"Morning Dew (Pratoshaka Bindu) is a beginner-friendly forward fold that stretches the hamstrings, calves, and spine, promoting flexibility and relaxation. Regular practice can also calm the mind and reduce stress. Additionally, it can help improve posture and balance.","Avoid this pose if you have severe back pain, sciatica, or recent injuries to the knees or ankles. Pregnant women should also modify the pose or avoid it altogether, especially in the later stages of pregnancy.","Inhale: Lengthen the spine as you reach forward. Exhale: Fold forward, reaching for the toes or shins, and hold.","Hold the pose for 3-5 breaths, breathing deeply and smoothly. Repeat 2-3 times, resting in a seated or standing position between repetitions.","For a more accessible version, bend the knees slightly or place the hands on blocks or the ground for support. You can also use a strap or towel to deepen the stretch without straining the back or knees.","1. Start in a standing position with your feet hip-width apart, parallel to each other, and facing forward. 2. Inhale and lengthen the spine, engaging the core muscles to support the back. 3. Exhale and fold forward, reaching for the toes or shins with the fingertips. Keep the knees slightly bent if necessary, and hold the pose."
92,Wind Chime,Vayu Gandharva,standing,intermediate,"Wind Chime (Vayu Gandharva) strengthens the core and legs, while also stretching the hips and torso, promoting overall balance and flexibility. It can also help to improve focus and concentration, calming the mind and reducing stress. Additionally, it can aid in improving digestion and relieving symptoms of sciatica.","Avoid this pose if you have any serious knee injuries, hip replacements, or severe spinal issues. Pregnant women should also avoid this pose or modify it significantly.","Inhale as you lengthen your spine and prepare for the pose, exhale as you twist and fold, inhale as you rise and expand, exhale as you release and return to the starting position.","Hold for 3-5 breaths on each side, and repeat for 2-3 rounds.","For a easier variation, practice with a wider stance or reduce the depth of the twist. You can also use a block or strap to support your hands or deepen the stretch in the hips. If you have knee issues, consider practicing a seated or kneeling version of the pose.","1. Begin by standing with your feet hip-width apart, parallel to each other. Engage your core and lengthen your spine. 2. Take a large step to one side with your right foot (for the right side twist), keeping your back leg straight. Twist your torso to the right, bending your front knee slightly and extending your arms out to the sides. 3. As you exhale, fold forward and down, reaching for the ground or a block with your right hand, while extending your left arm up and over your head. 4. Inhale and rise back up to the starting position, then repeat on the other side."
93,Sea Shell,Samudra Shanka,seated,beginner,"The Sea Shell pose (Samudra Shanka) helps to stretch the chest and shoulders, improving posture and reducing stress. It also helps to calm the mind, promoting relaxation and focus. Regular practice can also help alleviate symptoms of anxiety and depression.","Avoid this pose if you have any neck or shoulder injuries, or if you experience any discomfort or pain in these areas while practicing. Pregnant women should also consult their doctor before practicing this pose.","Inhale as you reach your arms up, exhale as you fold forward, and inhale again as you lift your chest and gaze forward.","Hold the pose for 3-5 breaths, or repeat for 3-5 repetitions.","For a modified version, you can place a block or strap under your forehead or chest for support. You can also practice the pose with your knees slightly bent to reduce strain on your lower back.","1. Start by sitting on the floor with your legs crossed in front of you, with your back straight and your core engaged. 2. Reach your arms up towards the ceiling, stretching your fingertips and shoulders. 3. As you exhale, fold forward, reaching your arms and chest towards the ground, and tucking your chin towards your chest. 4. As you inhale, lift your chest and gaze forward, keeping your shoulders relaxed and your core engaged."
94,Blissful Embryo,Sukha Bhruna,restorative,beginner,"Blissful Embryo (Sukha Bhruna) is a restorative yoga pose that provides relaxation and rejuvenation for the entire body, calming the mind and soothing the nervous system. It can help alleviate stress and anxiety by releasing endorphins and promoting a sense of calm. This pose can also help to stretch the chest and shoulders, improving posture and reducing muscle tension.","Avoid this pose if you have any recent injuries or surgeries, particularly in the neck, shoulders, or back. Pregnant women should also modify the pose or consult with their healthcare provider before practicing.","Inhale deeply into the chest, feeling the diaphragm expand and the body relax. Exhale slowly, releasing any tension or stress, and settle deeper into the pose.","Hold the pose for 5-10 minutes, breathing deeply and slowly, allowing yourself to fully relax and unwind.","Use a bolster or pillow under the chest and shoulders for support, or place a block under the forehead for added relaxation. For a more gentle variation, practice the pose with the knees slightly bent and the feet flat on the floor.","1. Lie on your back with your knees bent and feet flat on the floor. 2. Bring your knees into your chest and wrap your arms around them, holding onto your shins or knees. 3. Release your head and shoulders to the floor, allowing your body to relax and your chest to open. 4. Close your eyes and focus on your breath, feeling the pose relax and rejuvenate your entire body."
95,Flame of Life,Jiva Jwala,standing,intermediate,"The Flame of Life (Jiva Jwala) pose strengthens the ankles and legs, while also improving balance and focus. It can also help alleviate stress and anxiety by promoting mental clarity. Regular practice can also improve overall posture and core stability.","Avoid this pose if you have any ankle or knee injuries, or if you experience dizziness or lightheadedness. Pregnant women should also modify or avoid this pose due to the risk of imbalance.","Inhale as you lift your arms and engage your core, exhale as you balance on one leg and gaze forward.","Hold for 3-5 breaths on each leg, repeat 2-3 times on each side.","For beginners, start with the modified version where you place your back leg on the ground instead of lifting it. You can also use a block or wall for support if needed. For a more challenging variation, try lifting your back leg higher or holding the pose for a longer duration.","Step 1: Stand on one leg, with the other foot resting on the inner thigh. Step 2: Engage your core and lift your arms overhead, keeping them parallel to each other. Step 3: Gaze forward and balance on one leg, keeping your spine long and your shoulders relaxed. Step 4: Hold the pose, focusing on your breath and maintaining balance."
96,Razor's Edge,Kshura Rekha,balancing,advanced,"Razor's Edge (Kshura Rekha) is an advanced balancing pose that strengthens the ankles, calves, and core muscles while improving overall balance and focus. It also enhances mental clarity and concentration by requiring the practitioner to be fully present in the moment. Regular practice of this pose can also improve posture by engaging the muscles that support the spine.","Avoid practicing Razor's Edge if you have any injuries or conditions that affect your ankles, calves, or knees. Additionally, individuals with chronic back pain or instability should approach this pose with caution and under the guidance of an experienced yoga instructor.","Inhale as you lift your arms and lengthen your spine, exhale as you engage your core and balance on one leg. Continue to breathe naturally and smoothly, avoiding holding your breath.","Hold the pose for 3-5 breaths on each leg, repeating for 2-3 sets on each side.","For a modified version, practice the pose with your back against a wall for support or use a block under your raised foot for balance. Another option is to practice the pose with a shorter lift, lifting your arms and leg only a few inches off the ground.","1. Start in a high lunge position with your right foot forward and your left foot extended behind you. Engage your core and lift your arms overhead, interlacing your fingers. 2. As you inhale, lift your arms and lengthen your spine, feeling a sense of expansion and openness. 3. Exhale and slowly lift your back leg off the ground, balancing on the ball of your front foot. 4. Engage your core and balance, keeping your arms and spine long, and hold for 3-5 breaths. 5. Exhale and slowly lower your back leg to the ground, repeating on the other side."
97,Moonlit Wave,Chandra Taranga,forward_fold,intermediate,"Moonlit Wave (Chandra Taranga) is an intermediate forward fold that stretches the entire back side of the body, from the shoulders to the heels, while also strengthening the arms and shoulders. This pose can help improve flexibility, balance, and overall posture. Regular practice can also calm the mind and promote a sense of inner peace.","Avoid practicing Moonlit Wave if you have any recent injuries to the shoulders, arms, or back, or if you experience any sharp pain or discomfort in these areas. Additionally, those with high blood pressure or severe dizziness should modify or avoid this pose.","Inhale: Lengthen the spine and engage the arms. Exhale: Fold forward, stretching the back side of the body and surrendering to the ground.","Hold the pose for 5-10 breaths, or 30-60 seconds, depending on your comfort level and the intensity of your practice.","For a more accessible version, use a block or strap to support the hands or arms. You can also bend the knees slightly to reduce the stretch in the hamstrings and calves. Alternatively, practice a seated forward fold with the legs extended in front of you.","1. Begin in a high lunge position with the right foot forward and the left foot back, with the back knee almost touching the ground. 2. Lengthen the spine, engage the arms, and stretch the chest forward. 3. Exhale and fold forward, stretching the back side of the body and reaching for the ground with the hands. 4. Keep the arms straight and the shoulders down, feeling the stretch in the shoulders, back, and legs. 5. Hold the pose, breathing deeply and feeling the wave-like movement of the body."
98,Goddess's Gaze,Devata Drishti,seated,beginner,"Goddess's Gaze (Devata Drishti) stretches the neck and improves posture, while its meditative aspect calms the mind and reduces stress. It also helps to focus the attention and balance the nervous system. Regular practice can lead to improved concentration and mental clarity.",Avoid this pose if you have severe neck injuries or recent neck surgery. People with severe eye strain or eye injuries should also avoid this pose.,"Inhale as you lengthen the spine, exhale as you gently tilt the head back and focus your gaze upwards, and hold the breath for a brief moment as you maintain the gaze.","Hold the pose for 3-5 breaths, repeat for 3-5 rounds, and rest for a few breaths between rounds.","For beginners or those with neck strain, use a block or a folded blanket under the hips for support. You can also place your hands on your knees or thighs for added stability. For a more intense stretch, you can interlace your fingers behind your back and gently pull your shoulders back.","1. Sit comfortably with your legs crossed and your back straight, engage your core, and feel grounded. 2. Close your eyes, take a deep breath in, and as you exhale, slowly tilt your head back, keeping your chin up, and gaze upwards towards the sky or a point on the ceiling. 3. Hold the gaze, keeping your neck long, and focus on your breath, feeling the calmness and serenity in your body and mind."
99,Victory's Crest,Jayanta Shikha,standing,intermediate,"Victory's Crest (Jayanta Shikha) strengthens the ankles and legs, while also stretching the chest and improving balance. It can help to build focus and confidence. Regular practice can also improve overall posture and reduce stress.","Avoid this pose if you have severe ankle or knee injuries, or if you experience any dizziness or lightheadedness. Pregnant women should also practice with caution and under the guidance of a qualified instructor.","Inhale and lengthen the spine, then exhale and bend to the right, placing the right hand on the outside of the right ankle. Inhale to come back to center, and exhale to bend to the left, placing the left hand on the outside of the left ankle.","Hold each side for 3-5 breaths, and repeat for 2-3 rounds.","For a more accessible version, try using a block or a strap to support the hand on the ankle. You can also practice with the back against a wall for additional support and balance.","1. Stand with your feet hip-width apart, then take a large step to the right with your right foot. 2. Turn your back foot slightly inward and bend your front knee, keeping your back leg straight. 3. Inhale and lengthen your spine, then exhale and bend to the right, placing your right hand on the outside of your right ankle. 4. Extend your left arm up towards the ceiling, keeping it parallel to your spine. 5. Gaze forward and maintain balance, then come back to center and repeat on the other side."
100,Hummingbird,Sarpa Pakshi,balancing,advanced,"The Hummingbird pose strengthens the core, arms, and legs while improving balance and focus. It also stretches the chest and shoulders, promoting flexibility and relaxation. Additionally, it can help calm the mind and reduce stress.","Avoid this pose if you have any shoulder or wrist injuries, or if you are experiencing dizziness or vertigo. Pregnant women should also avoid this pose due to the balance requirements.","Inhale as you lift your legs and arms, and exhale as you balance and engage your core.","Hold for 5-10 breaths, rest for 5 breaths, and repeat 2-3 times.",Use a block or a strap to support your arms if you're struggling to lift them. You can also modify the pose by lifting only one leg or using a wall for balance.,"1. Start in a high plank position with your hands shoulder-width apart and your feet hip-width apart. Engage your core and lift your right leg off the ground, keeping it straight. 2. As you lift your leg, also lift your left arm off the ground, keeping it straight and in line with your shoulder. 3. Balance on your right hand and left foot, with your left arm and right leg lifted. 4. Hold the pose, focusing on your breath and engaging your core. 5. Release the pose slowly, lowering your leg and arm back to the starting position."
101,Solar Flare,Surya Canda,backbend,intermediate,"Solar Flare (Surya Canda) strengthens the back muscles, opens up the chest and shoulders, and improves flexibility in the upper body. This pose can also help alleviate stress and anxiety by stimulating the solar plexus chakra. Regular practice of Solar Flare can also improve overall posture and reduce fatigue.","Individuals with severe back injuries, neck problems, or recent spinal surgery should avoid this pose. Additionally, those with high blood pressure or glaucoma should practice with caution and under the guidance of an experienced yoga instructor.","Inhale as you lengthen the spine and begin to arch the back, exhale as you deepen the backbend and engage the core muscles.","Hold the pose for 3-5 breaths, repeat 2-3 times.","For a gentler variation, place the hands on the thighs or knees instead of the ankles. You can also use a block or strap to support the backbend. Alternatively, practice a seated or reclined version of the pose by lying on your back with knees bent and feet flat on the ground.","1. Begin by standing with your feet hip-width apart and parallel to each other. Reach down and place your hands on your ankles, keeping the elbows slightly bent. 2. Inhale and lengthen the spine, feeling the chest expand and the shoulders relax. 3. Exhale and slowly begin to arch the back, keeping the hands on the ankles for support. 4. Continue to deepen the backbend, engaging the core muscles and maintaining a gentle stretch in the chest and shoulders. 5. Hold the pose for 3-5 breaths, feeling the opening and expansion in the upper body."
102,Mystic's Knot,Rahasya Granthi,seated,beginner,"Mystic's Knot (Rahasya Granthi) is a seated yoga pose that offers numerous physical and mental benefits. Physically, it helps to stretch the shoulders, chest, and abdomen, while also improving spinal flexibility. Mentally, it can help to calm the mind, promote relaxation, and prepare the body for meditation.","Avoid Mystic's Knot if you have any shoulder or neck injuries, as it may exacerbate the condition. Additionally, individuals with severe back problems should approach this pose with caution and modify or avoid it if necessary.","Inhale deeply, lengthening the spine, then exhale slowly as you fold forward and bind the arms. Hold the breath for a brief moment, then inhale to release and repeat if desired.","Hold Mystic's Knot for 3-5 breaths, or up to 30 seconds, depending on your comfort level and focus.","If the full bind is challenging, use a strap or towel to assist in binding the arms. Alternatively, simply cross the arms over the knees or shins, keeping the shoulders relaxed and the chest open. For added support, sit on a block or cushion.","1. Begin by sitting on the floor with your legs crossed, keeping your back straight and your core engaged. 2. Inhale deeply, then exhale slowly as you lengthen your arms out to the sides and bind them around your shins or knees. 3. As you bind, fold forward slightly, keeping your shoulders relaxed and your chest open. 4. Hold the pose, breathing deeply and focusing on your inner space. 5. To release, inhale slowly and unwind your arms, then sit up straight, feeling refreshed and renewed."
103,Falling Leaves,Patra Pata,forward_fold,intermediate,"Falling Leaves (Patra Pata) is an intermediate forward bend that stretches the entire back side of the body, from the shoulders to the heels, and can help relieve stress and improve flexibility. It also strengthens the core and can help improve balance and focus. Regular practice of this pose can also help alleviate symptoms of sciatica and lower back pain.","This pose is not recommended for individuals with severe back injuries, herniated disks, or spinal conditions. Pregnant women should also avoid this pose, especially in the later stages of pregnancy.","Inhale deeply, lengthening the spine, and exhale slowly as you fold forward, keeping the breath smooth and controlled throughout the movement.","Hold the pose for 3-5 breaths, or 30-60 seconds, and repeat 2-3 times.","For a more accessible version, use a block or strap to support the hands or torso. You can also bend the knees slightly to reduce the stretch in the back of the legs. For a deeper stretch, try lifting the heels off the ground or using a wall for support.","Step 1: Start in a standing position with the feet hip-width apart, parallel to each other, and facing forward. Step 2: Inhale deeply and lengthen the spine, engaging the core and feeling a sense of grounding. Step 3: Exhale slowly and fold forward, keeping the knees slightly bent if necessary, and reaching for the ground or a block with the hands. Step 4: Keep the breath smooth and controlled, feeling the stretch in the back side of the body and the strength in the core."
104,Cosmic Wheel,Brahmanda Chakra,standing,intermediate,"The Cosmic Wheel pose strengthens the legs, hips, and spine, while improving balance and flexibility. It also helps to expand the chest and improve respiratory capacity. Additionally, it promotes a sense of inner balance and harmony, calming the mind and uplifting the spirit.","Avoid this pose if you have severe back problems, sciatica, or recent injuries to the knees or hips.","Inhale as you lengthen your spine and expand your chest, exhale as you bend your knees and lower your torso.","Hold the pose for 3-5 breaths, repeat 2-3 times.","Use a block or strap to support your hands if you're unable to reach the ground. Alternatively, practice a modified version of the pose with your hands on a wall or a chair for support.","1. Stand with your feet hip-width apart, arms by your sides, and engage your core. 2. Inhale and lengthen your spine, then exhale and bend your knees slightly, keeping your weight evenly distributed between both legs. 3. As you inhale, stretch your arms up and out to the sides, keeping them parallel to the ground. 4. As you exhale, continue to bend your knees and lower your torso, stretching your arms and chest forward and downward. 5. Keep your neck long and your gaze forward, feeling the expansion in your chest and the balance in your entire body."
105,Wishbone,Manokamana,balancing,advanced,"The Wishbone pose, or Manokamana, strengthens the legs and core, while improving balance and focus. It also stretches the chest and shoulders, promoting better posture and reducing tension. Regular practice can also enhance mental clarity and confidence.","Avoid this pose if you have severe ankle or knee injuries, or if you experience dizziness or lightheadedness. Pregnant women should also modify or avoid this pose, especially in the later stages of pregnancy.","Inhale as you lift your arms and balance on one leg, exhale as you lower your arms and descend back to the starting position.","Hold the pose for 3-5 breaths, or 30-60 seconds, on each leg. Repeat for 2-3 sets on each side.","For beginners, start by practicing the pose with support from a wall or block. You can also modify the pose by keeping the back leg slightly bent or using a chair for balance. Use a strap to deepen the chest stretch if needed.","1. Begin in Mountain Pose (Tadasana) with your feet hip-width apart, then shift your weight onto one leg and lift the other foot off the ground. 2. Bend your knee and bring your heel towards your glutes, keeping your back straight and core engaged. 3. Extend your arms out to the sides, parallel to the ground, and balance on one leg, keeping your gaze forward and focused. 4. As you balance, lift your chest and stretch your shoulders, feeling the opening in your chest and shoulders. 5. Slowly lower your arms and descend back to Mountain Pose, then repeat on the other side."
106,Golden Ratio,Suvarna Anupata,standing,intermediate,"The Golden Ratio pose (Suvarna Anupata) offers numerous physical and mental benefits, including improved balance and focus, strengthened ankles and calves, and enhanced overall posture. It also cultivates mental clarity and concentration by requiring the practitioner to engage their core and maintain a steady gaze. Regular practice of this pose can lead to increased confidence and poise.","Avoid practicing Golden Ratio if you have any ankle or knee injuries, or if you experience severe dizziness or vertigo. Additionally, pregnant women should approach with caution and modify the pose as needed.","Inhale and lengthen the spine, engaging the core. Exhale and deepen the stretch, maintaining balance and stability.","Hold the Golden Ratio pose for 3-5 breaths on each leg, repeating for 2-3 rounds.","For beginners or those with balance issues, use a block or wall for support. Alternatively, practice the pose with a wider stance or with one hand on a wall for added stability.","1. Stand on one leg, with the other foot resting against the inner thigh. Engage the core, lift the arms overhead, and gaze forward. 2. Lengthen the spine and stretch the arms, maintaining balance and stability. 3. Slightly bend the standing knee and lift the heel, deepening the stretch and engaging the calf muscles. 4. Hold the pose, focusing on the breath and maintaining balance. 5. Repeat on the other leg."
107,Savant's Slouch,Pandita Akunchana,seated,beginner,"Savant's Slouch (Pandita Akunchana) stretches the chest and shoulders, promoting relaxation and reducing stress. It can also help improve posture by opening up the thoracic spine. Additionally, this pose can calm the mind and prepare the body for meditation.","Avoid this pose if you have any injuries to the shoulders, chest, or upper back. Pregnant women should also avoid this pose, especially in the later stages of pregnancy.","Inhale deeply, feeling the chest expand, and exhale slowly, allowing the shoulders to slouch and the chest to release.","Hold this pose for 3-5 minutes, breathing naturally, and repeat as needed.","For a more accessible version, place a block or strap under the forehead for support. You can also use a wall for support, allowing the back to rest against the wall while maintaining the slouch.","Step 1: Sit comfortably on the floor with your legs crossed or in a seated position. Step 2: Slowly allow your chest to drop, letting your shoulders slouch and your head lower towards the ground. Step 3: Release any tension in the neck and shoulders, allowing the weight of the head to rest on the ground or a block. Step 4: Close your eyes and focus on your breath, feeling the relaxation spread through the body."
108,Luminous Drop,Dipa Bindu,forward_fold,intermediate,"The Luminous Drop (Dipa Bindu) pose helps to stretch and lengthen the spine, relieving tension in the neck and shoulders. It also promotes relaxation and reduces stress by calming the mind and nervous system. Additionally, it can improve flexibility in the hips and knees.","Avoid this pose if you have any neck or shoulder injuries, or if you experience dizziness or lightheadedness when bending forward. Pregnant women should also modify or avoid this pose, especially in the later stages of pregnancy.","Inhale and lengthen the spine, exhale and fold forward, keeping the knees slightly bent if necessary. Continue to breathe deeply, inhaling to lengthen and exhaling to deepen the stretch.","Hold the pose for 3-5 breaths, or 30-60 seconds. You can also repeat the pose 2-3 times, resting in a neutral position between repetitions.","For a more accessible version, bend the knees slightly or use a block or strap to support the hands. You can also practice a gentle, seated forward bend (Paschimottanasana) instead, with the legs extended in front of you.","1. Stand with your feet hip-width apart, then take a large step forward with one foot. 2. Bend your front knee and extend your arms forward, keeping them parallel to the ground. 3. Exhale and fold forward, reaching for the ground or a block with your hands. 4. Keep your back knee slightly bent if necessary, and engage your core to support your spine. 5. Lengthen your spine and deepen the stretch with each exhalation."
109,Celestial Map,Akasha Karta,balancing,advanced,"Celestial Map (Akasha Karta) strengthens the arms, shoulders, and core, while also improving balance, focus, and overall mental clarity. It stretches the chest, shoulders, and upper back, promoting flexibility and range of motion. Regular practice can lead to increased confidence and self-awareness.","Avoid this pose if you have severe shoulder, wrist, or knee injuries, or if you experience vertigo or dizziness. Also, those with high blood pressure or pregnancy should consult their doctor before practicing.","Inhale as you lift your legs up and balance. Exhale as you engage your core and maintain the balance. Continue to breathe smoothly and naturally, feeling the pose and your body.","Hold the pose for 3-5 breaths on each side, or as long as you feel comfortable and balanced. Repeat 2-3 times on each side.","For a modified version, use a block or a strap under your hands or feet for support. You can also practice the pose with your knees slightly bent or with one leg lifted at a time. For an easier variation, try lifting only one leg off the ground and balancing on the other leg and your hands.","1. Start in a tabletop position on all fours, with your hands shoulder-width apart and your knees directly under your hips. 2. Engage your core, lift your right leg up and balance on your left leg and hands. As you lift your leg, extend your spine and look forward, keeping your shoulders down and away from your ears. 3. Hold the balance and breathe smoothly, feeling the pose and your body. 4. Slowly lower your leg back down and repeat on the other side, lifting your left leg up and balancing on your right leg and hands."
110,Four Winds,Catur Vayu,standing,intermediate,"The Four Winds pose strengthens the ankles, calves, and legs, while also improving balance and concentration. It also helps to stretch the hips and calves, relieving tension and improving flexibility. Practicing this pose regularly can also enhance mental focus and stability.","Avoid practicing the Four Winds pose if you have any ankle or knee injuries, or if you experience any dizziness or balance issues. Pregnant women should also avoid this pose, especially in the later stages of pregnancy.","Inhale as you lift your heels and balance on your toes, exhale as you lower back down to the starting position.","Hold the pose for 3-5 breaths, repeat for 3-5 repetitions on each leg.","For a modified version, practice the pose with your back against a wall for support, or use blocks under your heels to reduce the depth of the stretch. You can also practice the pose on a softer surface, such as a yoga mat or grass, to reduce the impact on your joints.","1. Stand with your feet hip-width apart and parallel to each other, engage your core and lift your arms to shoulder height. 2. Slowly lift your heels off the ground, balancing on your toes and keeping your knees straight. 3. Keep your spine long and your gaze forward, focusing on a point in front of you. 4. As you lift your heels, rotate your torso slightly to the right, keeping your arms and legs in a straight line. 5. Repeat on the other side, rotating your torso to the left."
111,Starlight Slip,Tara Sarana,forward_fold,intermediate,"The Starlight Slip (Tara Sarana) forward fold provides a deep stretch for the hamstrings, calves, and spine, while also calming the nervous system and promoting relaxation. It can also help to improve flexibility and balance. Regular practice of this pose can lead to greater overall flexibility and reduced stress levels.","Avoid this pose if you have any severe back or neck injuries, or if you experience dizziness or lightheadedness when folding forward. Pregnant women should also modify the pose or avoid it altogether, especially in the later stages of pregnancy.","Inhale: Lengthen the spine and reach the arms up towards the ceiling. Exhale: Fold forward, reaching for the toes or shins, and release any tension in the neck and shoulders.","Hold the pose for 3-5 breaths, or 30-60 seconds, and repeat 2-3 times.","For a more accessible version, place a block or strap near the feet to support the hands, or bend the knees slightly to reduce the depth of the stretch. You can also practice the pose with the back against a wall for added support.","1. Begin by standing with the feet hip-width apart, then take a deep breath in and reach the arms up towards the ceiling. 2. As you exhale, fold forward at the hips and reach for the toes or shins, allowing the arms to dangle and the head to release. 3. Keep the knees slightly bent if necessary, and engage the core to support the back. 4. Hold the pose and focus on the breath, feeling the stretch in the hamstrings and calves. 5. To release, inhale and slowly roll up to standing, reaching the arms up towards the ceiling once again."
112,River Rock,Nadi Shila,balancing,advanced,"River Rock (Nadi Shila) improves balance and focus, while also engaging the core and strengthening the ankles. This pose can help build confidence and mental clarity. Regular practice can also improve overall flexibility and stability.",Avoid River Rock if you have severe ankle injuries or chronic balance issues. It's also not recommended for those with recent hip or knee surgeries.,"Inhale as you balance and lengthen, exhale as you engage your core and stabilize.","Hold River Rock for 3-5 breaths, repeat on the other side. Gradually increase the duration as you build balance and control.","For beginners, practice near a wall for support or use a block under the opposite hand for added stability. You can also start with a wider stance, then gradually narrow it as you build balance.","1. Start in Mountain Pose, then shift your weight onto one leg and bend the other knee, keeping your foot flexed. 2. Extend your opposite arm and place your palm on the ground beside your standing leg, with your fingers spread wide. 3. Engage your core, lift your chest, and balance on one leg, keeping your spine long and your gaze forward. 4. As you balance, slowly lift your arm and leg away from your body, maintaining control and stability throughout the pose."
113,Moon's Aura,Chandra Aavara,restorative,beginner,"Moon's Aura (Chandra Aavara) provides physical benefits by gently stretching the chest, shoulders, and upper back, while also promoting relaxation. This restorative pose calms the mind, reducing stress and anxiety. Regular practice can also improve sleep quality.","Avoid this pose if you have any recent injuries to the shoulders, chest, or upper back. Additionally, those with severe spinal conditions or osteoporosis should modify the pose carefully or consult a healthcare professional.","Inhale deeply, feeling the chest expand and the shoulders relax. Exhale slowly, allowing the body to release any tension and settle into the pose.","Hold the pose for 5-10 minutes, allowing the body to fully relax and recharge.","To make the pose more accessible, use a block or pillow under the head and neck for support. You can also use a strap to gently deepen the stretch in the chest and shoulders.","1. Start by lying on your back with your knees bent and feet flat on the ground. Place a block or pillow under your lower back for support. 2. Allow your arms to relax by your sides, with your palms facing upwards. 3. As you inhale, gently press your chest forward, feeling the stretch in your shoulders and upper back. Exhale, releasing any tension and allowing your body to settle into the pose. 4. Close your eyes and focus on your breath, feeling the calmness and relaxation spread throughout your body."
114,New Horizon,Nava Akasha,standing,intermediate,"New Horizon (Nava Akasha) is a balancing standing pose that strengthens the ankles, calves, and spine while opening the chest and shoulders. It also improves focus, concentration, and balance, promoting mental clarity and calmness. Regular practice can help alleviate stress and anxiety.","Avoid practicing New Horizon if you have severe ankle or knee injuries, or if you experience dizziness or lightheadedness. Pregnant women and individuals with high blood pressure should also modify or avoid this pose.","Inhale as you prepare to balance, exhale as you engage your core and lift your arms, and breathe naturally while holding the pose.","Hold the pose for 3-5 breaths on each leg, repeating for 2-3 sets on each side.","If you're new to balancing poses, practice with a block or wall support for stability. You can also modify by keeping your back foot on the ground instead of lifting it, or by using a strap to deepen the chest expansion.","1. Stand with your feet hip-width apart and engage your core. 2. Shift your weight onto one leg, lifting the other foot off the ground and balancing on the ball of the standing foot. 3. As you inhale, lengthen your spine and lift your arms up overhead, expanding your chest and shoulders. 4. Gaze forward, focusing on a point in front of you, and exhale, engaging your core and stabilizing your balance. 5. Hold the pose, breathing naturally, before slowly lowering your arms and leg to release."
115,Echo Chamber,Dhvani Guha,twist,intermediate,"Echo Chamber (Dhvani Guha) offers physical benefits such as improved spinal flexibility, strengthened obliques, and enhanced balance. Mentally, it cultivates focus and calmness, promoting inner awareness. This pose also helps to quiet the mind by releasing tension in the neck and shoulders.","This pose is not recommended for individuals with severe spinal injuries, recent neck or shoulder surgeries, or those who experience any sharp pain or discomfort in their neck or shoulders. Pregnant women should also approach with caution and consult their healthcare provider.","Inhale: Lengthen the spine and prepare for the twist. Exhale: Twist to the right, keeping the hips facing forward. Inhale: Lengthen the spine again. Exhale: Twist to the left, maintaining hip alignment.","Hold the twist for 30 seconds to 1 minute on each side, breathing deeply and smoothly. Repeat 2-3 times, alternating sides.","For beginners or those with limited flexibility, use a block or strap to support the hand on the knee or ankle. Alternatively, practice a gentle seated twist with feet on the floor, keeping the knees slightly bent. For added challenge, lift the back heel off the ground and balance on the ball of the foot.","1. Sit on the ground with your legs crossed, right foot on top of the left. Lengthen your spine and engage your core. 2. Twist your torso to the right, keeping your hips facing forward. Place your right hand on the outside of your left knee or ankle, depending on your flexibility. 3. Look over your right shoulder, keeping your chin parallel to the ground. 4. Engage your left shoulder blade to deepen the twist and maintain balance."
